[0.092s] DEBUG:colcon:Command line arguments: ['/usr/bin/colcon', 'build', '--symlink-install']
[0.092s] DEBUG:colcon:Parsed command line arguments: Namespace(log_base=None, log_level=None, verb_name='build', build_base='build', install_base='install', merge_install=False, symlink_install=True, test_result_base=None, continue_on_error=False, executor='parallel', parallel_workers=12, event_handlers=None, ignore_user_meta=False, metas=['./colcon.meta'], base_paths=['.'], packages_ignore=None, packages_ignore_regex=None, paths=None, packages_up_to=None, packages_up_to_regex=None, packages_above=None, packages_above_and_dependencies=None, packages_above_depth=None, packages_select_by_dep=None, packages_skip_by_dep=None, packages_skip_up_to=None, packages_select_build_failed=False, packages_skip_build_finished=False, packages_select_test_failures=False, packages_skip_test_passed=False, packages_select=None, packages_skip=None, packages_select_regex=None, packages_skip_regex=None, packages_start=None, packages_end=None, allow_overriding=[], cmake_args=None, cmake_target=None, cmake_target_skip_unavailable=False, cmake_clean_cache=False, cmake_clean_first=False, cmake_force_configure=False, ament_cmake_args=None, catkin_cmake_args=None, catkin_skip_building_tests=False, mixin_files=None, mixin=None, verb_parser=<colcon_mixin.mixin.mixin_argument.MixinArgumentDecorator object at 0x7cefb075a6b0>, verb_extension=<colcon_core.verb.build.BuildVerb object at 0x7cefb075a140>, main=<bound method BuildVerb.main of <colcon_core.verb.build.BuildVerb object at 0x7cefb075a140>>, mixin_verb=('build',))
[0.243s] Level 1:colcon.colcon_core.package_discovery:discover_packages(colcon_meta) check parameters
[0.243s] Level 1:colcon.colcon_core.package_discovery:discover_packages(recursive) check parameters
[0.243s] Level 1:colcon.colcon_core.package_discovery:discover_packages(ignore) check parameters
[0.243s] Level 1:colcon.colcon_core.package_discovery:discover_packages(path) check parameters
[0.243s] Level 1:colcon.colcon_core.package_discovery:discover_packages(colcon_meta) discover
[0.243s] Level 1:colcon.colcon_core.package_discovery:discover_packages(recursive) discover
[0.243s] INFO:colcon.colcon_core.package_discovery:Crawling recursively for packages in '/home/duong/kaia_ws'
[0.243s] Level 1:colcon.colcon_core.package_identification:_identify(.) by extensions ['ignore', 'ignore_ament_install']
[0.243s] Level 1:colcon.colcon_core.package_identification:_identify(.) by extension 'ignore'
[0.243s] Level 1:colcon.colcon_core.package_identification:_identify(.) by extension 'ignore_ament_install'
[0.243s] Level 1:colcon.colcon_core.package_identification:_identify(.) by extensions ['colcon_pkg']
[0.243s] Level 1:colcon.colcon_core.package_identification:_identify(.) by extension 'colcon_pkg'
[0.243s] Level 1:colcon.colcon_core.package_identification:_identify(.) by extensions ['colcon_meta']
[0.243s] Level 1:colcon.colcon_core.package_identification:_identify(.) by extension 'colcon_meta'
[0.243s] Level 1:colcon.colcon_core.package_identification:_identify(.) by extensions ['ros']
[0.243s] Level 1:colcon.colcon_core.package_identification:_identify(.) by extension 'ros'
[0.252s] Level 1:colcon.colcon_core.package_identification:_identify(.) by extensions ['cmake', 'python']
[0.252s] Level 1:colcon.colcon_core.package_identification:_identify(.) by extension 'cmake'
[0.252s] Level 1:colcon.colcon_core.package_identification:_identify(.) by extension 'python'
[0.252s] Level 1:colcon.colcon_core.package_identification:_identify(.) by extensions ['python_setup_py']
[0.252s] Level 1:colcon.colcon_core.package_identification:_identify(.) by extension 'python_setup_py'
[0.252s] Level 1:colcon.colcon_core.package_identification:_identify(build) by extensions ['ignore', 'ignore_ament_install']
[0.253s] Level 1:colcon.colcon_core.package_identification:_identify(build) by extension 'ignore'
[0.253s] Level 1:colcon.colcon_core.package_identification:_identify(build) ignored
[0.253s] Level 1:colcon.colcon_core.package_identification:_identify(install) by extensions ['ignore', 'ignore_ament_install']
[0.253s] Level 1:colcon.colcon_core.package_identification:_identify(install) by extension 'ignore'
[0.253s] Level 1:colcon.colcon_core.package_identification:_identify(install) ignored
[0.253s] Level 1:colcon.colcon_core.package_identification:_identify(log) by extensions ['ignore', 'ignore_ament_install']
[0.253s] Level 1:colcon.colcon_core.package_identification:_identify(log) by extension 'ignore'
[0.253s] Level 1:colcon.colcon_core.package_identification:_identify(log) ignored
[0.253s] Level 1:colcon.colcon_core.package_identification:_identify(src) by extensions ['ignore', 'ignore_ament_install']
[0.253s] Level 1:colcon.colcon_core.package_identification:_identify(src) by extension 'ignore'
[0.253s] Level 1:colcon.colcon_core.package_identification:_identify(src) by extension 'ignore_ament_install'
[0.253s] Level 1:colcon.colcon_core.package_identification:_identify(src) by extensions ['colcon_pkg']
[0.253s] Level 1:colcon.colcon_core.package_identification:_identify(src) by extension 'colcon_pkg'
[0.253s] Level 1:colcon.colcon_core.package_identification:_identify(src) by extensions ['colcon_meta']
[0.253s] Level 1:colcon.colcon_core.package_identification:_identify(src) by extension 'colcon_meta'
[0.253s] Level 1:colcon.colcon_core.package_identification:_identify(src) by extensions ['ros']
[0.253s] Level 1:colcon.colcon_core.package_identification:_identify(src) by extension 'ros'
[0.253s] Level 1:colcon.colcon_core.package_identification:_identify(src) by extensions ['cmake', 'python']
[0.253s] Level 1:colcon.colcon_core.package_identification:_identify(src) by extension 'cmake'
[0.253s] Level 1:colcon.colcon_core.package_identification:_identify(src) by extension 'python'
[0.253s] Level 1:colcon.colcon_core.package_identification:_identify(src) by extensions ['python_setup_py']
[0.253s] Level 1:colcon.colcon_core.package_identification:_identify(src) by extension 'python_setup_py'
[0.254s] Level 1:colcon.colcon_core.package_identification:_identify(src/auto_mapper) by extensions ['ignore', 'ignore_ament_install']
[0.254s] Level 1:colcon.colcon_core.package_identification:_identify(src/auto_mapper) by extension 'ignore'
[0.254s] Level 1:colcon.colcon_core.package_identification:_identify(src/auto_mapper) by extension 'ignore_ament_install'
[0.254s] Level 1:colcon.colcon_core.package_identification:_identify(src/auto_mapper) by extensions ['colcon_pkg']
[0.254s] Level 1:colcon.colcon_core.package_identification:_identify(src/auto_mapper) by extension 'colcon_pkg'
[0.254s] Level 1:colcon.colcon_core.package_identification:_identify(src/auto_mapper) by extensions ['colcon_meta']
[0.254s] Level 1:colcon.colcon_core.package_identification:_identify(src/auto_mapper) by extension 'colcon_meta'
[0.254s] Level 1:colcon.colcon_core.package_identification:_identify(src/auto_mapper) by extensions ['ros']
[0.254s] Level 1:colcon.colcon_core.package_identification:_identify(src/auto_mapper) by extension 'ros'
[0.258s] DEBUG:colcon.colcon_core.package_identification:Package 'src/auto_mapper' with type 'ros.ament_cmake' and name 'auto_mapper'
[0.258s] Level 1:colcon.colcon_core.package_identification:_identify(src/kaiaai) by extensions ['ignore', 'ignore_ament_install']
[0.258s] Level 1:colcon.colcon_core.package_identification:_identify(src/kaiaai) by extension 'ignore'
[0.259s] Level 1:colcon.colcon_core.package_identification:_identify(src/kaiaai) by extension 'ignore_ament_install'
[0.259s] Level 1:colcon.colcon_core.package_identification:_identify(src/kaiaai) by extensions ['colcon_pkg']
[0.259s] Level 1:colcon.colcon_core.package_identification:_identify(src/kaiaai) by extension 'colcon_pkg'
[0.259s] Level 1:colcon.colcon_core.package_identification:_identify(src/kaiaai) by extensions ['colcon_meta']
[0.259s] Level 1:colcon.colcon_core.package_identification:_identify(src/kaiaai) by extension 'colcon_meta'
[0.259s] Level 1:colcon.colcon_core.package_identification:_identify(src/kaiaai) by extensions ['ros']
[0.259s] Level 1:colcon.colcon_core.package_identification:_identify(src/kaiaai) by extension 'ros'
[0.271s] DEBUG:colcon.colcon_core.package_identification:Package 'src/kaiaai' with type 'ros.ament_python' and name 'kaiaai'
[0.271s] Level 1:colcon.colcon_core.package_identification:_identify(src/kaiaai_apps) by extensions ['ignore', 'ignore_ament_install']
[0.271s] Level 1:colcon.colcon_core.package_identification:_identify(src/kaiaai_apps) by extension 'ignore'
[0.271s] Level 1:colcon.colcon_core.package_identification:_identify(src/kaiaai_apps) by extension 'ignore_ament_install'
[0.271s] Level 1:colcon.colcon_core.package_identification:_identify(src/kaiaai_apps) by extensions ['colcon_pkg']
[0.271s] Level 1:colcon.colcon_core.package_identification:_identify(src/kaiaai_apps) by extension 'colcon_pkg'
[0.271s] Level 1:colcon.colcon_core.package_identification:_identify(src/kaiaai_apps) by extensions ['colcon_meta']
[0.271s] Level 1:colcon.colcon_core.package_identification:_identify(src/kaiaai_apps) by extension 'colcon_meta'
[0.271s] Level 1:colcon.colcon_core.package_identification:_identify(src/kaiaai_apps) by extensions ['ros']
[0.271s] Level 1:colcon.colcon_core.package_identification:_identify(src/kaiaai_apps) by extension 'ros'
[0.272s] DEBUG:colcon.colcon_core.package_identification:Package 'src/kaiaai_apps' with type 'ros.ament_python' and name 'kaiaai_apps'
[0.272s] Level 1:colcon.colcon_core.package_identification:_identify(src/kaiaai_bringup) by extensions ['ignore', 'ignore_ament_install']
[0.272s] Level 1:colcon.colcon_core.package_identification:_identify(src/kaiaai_bringup) by extension 'ignore'
[0.272s] Level 1:colcon.colcon_core.package_identification:_identify(src/kaiaai_bringup) by extension 'ignore_ament_install'
[0.272s] Level 1:colcon.colcon_core.package_identification:_identify(src/kaiaai_bringup) by extensions ['colcon_pkg']
[0.272s] Level 1:colcon.colcon_core.package_identification:_identify(src/kaiaai_bringup) by extension 'colcon_pkg'
[0.272s] Level 1:colcon.colcon_core.package_identification:_identify(src/kaiaai_bringup) by extensions ['colcon_meta']
[0.272s] Level 1:colcon.colcon_core.package_identification:_identify(src/kaiaai_bringup) by extension 'colcon_meta'
[0.272s] Level 1:colcon.colcon_core.package_identification:_identify(src/kaiaai_bringup) by extensions ['ros']
[0.272s] Level 1:colcon.colcon_core.package_identification:_identify(src/kaiaai_bringup) by extension 'ros'
[0.273s] DEBUG:colcon.colcon_core.package_identification:Package 'src/kaiaai_bringup' with type 'ros.ament_cmake' and name 'kaiaai_bringup'
[0.273s] Level 1:colcon.colcon_core.package_identification:_identify(src/kaiaai_gazebo) by extensions ['ignore', 'ignore_ament_install']
[0.273s] Level 1:colcon.colcon_core.package_identification:_identify(src/kaiaai_gazebo) by extension 'ignore'
[0.273s] Level 1:colcon.colcon_core.package_identification:_identify(src/kaiaai_gazebo) by extension 'ignore_ament_install'
[0.273s] Level 1:colcon.colcon_core.package_identification:_identify(src/kaiaai_gazebo) by extensions ['colcon_pkg']
[0.273s] Level 1:colcon.colcon_core.package_identification:_identify(src/kaiaai_gazebo) by extension 'colcon_pkg'
[0.273s] Level 1:colcon.colcon_core.package_identification:_identify(src/kaiaai_gazebo) by extensions ['colcon_meta']
[0.273s] Level 1:colcon.colcon_core.package_identification:_identify(src/kaiaai_gazebo) by extension 'colcon_meta'
[0.273s] Level 1:colcon.colcon_core.package_identification:_identify(src/kaiaai_gazebo) by extensions ['ros']
[0.273s] Level 1:colcon.colcon_core.package_identification:_identify(src/kaiaai_gazebo) by extension 'ros'
[0.274s] DEBUG:colcon.colcon_core.package_identification:Package 'src/kaiaai_gazebo' with type 'ros.ament_cmake' and name 'kaiaai_gazebo'
[0.274s] Level 1:colcon.colcon_core.package_identification:_identify(src/kaiaai_msgs) by extensions ['ignore', 'ignore_ament_install']
[0.274s] Level 1:colcon.colcon_core.package_identification:_identify(src/kaiaai_msgs) by extension 'ignore'
[0.274s] Level 1:colcon.colcon_core.package_identification:_identify(src/kaiaai_msgs) by extension 'ignore_ament_install'
[0.274s] Level 1:colcon.colcon_core.package_identification:_identify(src/kaiaai_msgs) by extensions ['colcon_pkg']
[0.274s] Level 1:colcon.colcon_core.package_identification:_identify(src/kaiaai_msgs) by extension 'colcon_pkg'
[0.274s] Level 1:colcon.colcon_core.package_identification:_identify(src/kaiaai_msgs) by extensions ['colcon_meta']
[0.274s] Level 1:colcon.colcon_core.package_identification:_identify(src/kaiaai_msgs) by extension 'colcon_meta'
[0.274s] Level 1:colcon.colcon_core.package_identification:_identify(src/kaiaai_msgs) by extensions ['ros']
[0.274s] Level 1:colcon.colcon_core.package_identification:_identify(src/kaiaai_msgs) by extension 'ros'
[0.275s] DEBUG:colcon.colcon_core.package_identification:Package 'src/kaiaai_msgs' with type 'ros.ament_cmake' and name 'kaiaai_msgs'
[0.275s] Level 1:colcon.colcon_core.package_identification:_identify(src/kaiaai_telemetry) by extensions ['ignore', 'ignore_ament_install']
[0.275s] Level 1:colcon.colcon_core.package_identification:_identify(src/kaiaai_telemetry) by extension 'ignore'
[0.275s] Level 1:colcon.colcon_core.package_identification:_identify(src/kaiaai_telemetry) by extension 'ignore_ament_install'
[0.275s] Level 1:colcon.colcon_core.package_identification:_identify(src/kaiaai_telemetry) by extensions ['colcon_pkg']
[0.275s] Level 1:colcon.colcon_core.package_identification:_identify(src/kaiaai_telemetry) by extension 'colcon_pkg'
[0.275s] Level 1:colcon.colcon_core.package_identification:_identify(src/kaiaai_telemetry) by extensions ['colcon_meta']
[0.275s] Level 1:colcon.colcon_core.package_identification:_identify(src/kaiaai_telemetry) by extension 'colcon_meta'
[0.275s] Level 1:colcon.colcon_core.package_identification:_identify(src/kaiaai_telemetry) by extensions ['ros']
[0.275s] Level 1:colcon.colcon_core.package_identification:_identify(src/kaiaai_telemetry) by extension 'ros'
[0.276s] DEBUG:colcon.colcon_core.package_identification:Package 'src/kaiaai_telemetry' with type 'ros.ament_cmake' and name 'kaiaai_telemetry'
[0.276s] Level 1:colcon.colcon_core.package_identification:_identify(src/kaiaai_teleop) by extensions ['ignore', 'ignore_ament_install']
[0.276s] Level 1:colcon.colcon_core.package_identification:_identify(src/kaiaai_teleop) by extension 'ignore'
[0.276s] Level 1:colcon.colcon_core.package_identification:_identify(src/kaiaai_teleop) by extension 'ignore_ament_install'
[0.276s] Level 1:colcon.colcon_core.package_identification:_identify(src/kaiaai_teleop) by extensions ['colcon_pkg']
[0.276s] Level 1:colcon.colcon_core.package_identification:_identify(src/kaiaai_teleop) by extension 'colcon_pkg'
[0.276s] Level 1:colcon.colcon_core.package_identification:_identify(src/kaiaai_teleop) by extensions ['colcon_meta']
[0.276s] Level 1:colcon.colcon_core.package_identification:_identify(src/kaiaai_teleop) by extension 'colcon_meta'
[0.276s] Level 1:colcon.colcon_core.package_identification:_identify(src/kaiaai_teleop) by extensions ['ros']
[0.276s] Level 1:colcon.colcon_core.package_identification:_identify(src/kaiaai_teleop) by extension 'ros'
[0.277s] DEBUG:colcon.colcon_core.package_identification:Package 'src/kaiaai_teleop' with type 'ros.ament_python' and name 'kaiaai_teleop'
[0.277s] Level 1:colcon.colcon_core.package_identification:_identify(src/kaiaai_web) by extensions ['ignore', 'ignore_ament_install']
[0.277s] Level 1:colcon.colcon_core.package_identification:_identify(src/kaiaai_web) by extension 'ignore'
[0.277s] Level 1:colcon.colcon_core.package_identification:_identify(src/kaiaai_web) by extension 'ignore_ament_install'
[0.277s] Level 1:colcon.colcon_core.package_identification:_identify(src/kaiaai_web) by extensions ['colcon_pkg']
[0.277s] Level 1:colcon.colcon_core.package_identification:_identify(src/kaiaai_web) by extension 'colcon_pkg'
[0.277s] Level 1:colcon.colcon_core.package_identification:_identify(src/kaiaai_web) by extensions ['colcon_meta']
[0.277s] Level 1:colcon.colcon_core.package_identification:_identify(src/kaiaai_web) by extension 'colcon_meta'
[0.277s] Level 1:colcon.colcon_core.package_identification:_identify(src/kaiaai_web) by extensions ['ros']
[0.277s] Level 1:colcon.colcon_core.package_identification:_identify(src/kaiaai_web) by extension 'ros'
[0.278s] DEBUG:colcon.colcon_core.package_identification:Package 'src/kaiaai_web' with type 'ros.ament_python' and name 'kaiaai_web'
[0.278s] Level 1:colcon.colcon_core.package_identification:_identify(src/m-explore-ros2) by extensions ['ignore', 'ignore_ament_install']
[0.278s] Level 1:colcon.colcon_core.package_identification:_identify(src/m-explore-ros2) by extension 'ignore'
[0.278s] Level 1:colcon.colcon_core.package_identification:_identify(src/m-explore-ros2) by extension 'ignore_ament_install'
[0.278s] Level 1:colcon.colcon_core.package_identification:_identify(src/m-explore-ros2) by extensions ['colcon_pkg']
[0.278s] Level 1:colcon.colcon_core.package_identification:_identify(src/m-explore-ros2) by extension 'colcon_pkg'
[0.278s] Level 1:colcon.colcon_core.package_identification:_identify(src/m-explore-ros2) by extensions ['colcon_meta']
[0.278s] Level 1:colcon.colcon_core.package_identification:_identify(src/m-explore-ros2) by extension 'colcon_meta'
[0.278s] Level 1:colcon.colcon_core.package_identification:_identify(src/m-explore-ros2) by extensions ['ros']
[0.278s] Level 1:colcon.colcon_core.package_identification:_identify(src/m-explore-ros2) by extension 'ros'
[0.278s] Level 1:colcon.colcon_core.package_identification:_identify(src/m-explore-ros2) by extensions ['cmake', 'python']
[0.278s] Level 1:colcon.colcon_core.package_identification:_identify(src/m-explore-ros2) by extension 'cmake'
[0.278s] Level 1:colcon.colcon_core.package_identification:_identify(src/m-explore-ros2) by extension 'python'
[0.278s] Level 1:colcon.colcon_core.package_identification:_identify(src/m-explore-ros2) by extensions ['python_setup_py']
[0.278s] Level 1:colcon.colcon_core.package_identification:_identify(src/m-explore-ros2) by extension 'python_setup_py'
[0.278s] Level 1:colcon.colcon_core.package_identification:_identify(src/m-explore-ros2/explore) by extensions ['ignore', 'ignore_ament_install']
[0.278s] Level 1:colcon.colcon_core.package_identification:_identify(src/m-explore-ros2/explore) by extension 'ignore'
[0.278s] Level 1:colcon.colcon_core.package_identification:_identify(src/m-explore-ros2/explore) by extension 'ignore_ament_install'
[0.279s] Level 1:colcon.colcon_core.package_identification:_identify(src/m-explore-ros2/explore) by extensions ['colcon_pkg']
[0.279s] Level 1:colcon.colcon_core.package_identification:_identify(src/m-explore-ros2/explore) by extension 'colcon_pkg'
[0.279s] Level 1:colcon.colcon_core.package_identification:_identify(src/m-explore-ros2/explore) by extensions ['colcon_meta']
[0.279s] Level 1:colcon.colcon_core.package_identification:_identify(src/m-explore-ros2/explore) by extension 'colcon_meta'
[0.279s] Level 1:colcon.colcon_core.package_identification:_identify(src/m-explore-ros2/explore) by extensions ['ros']
[0.279s] Level 1:colcon.colcon_core.package_identification:_identify(src/m-explore-ros2/explore) by extension 'ros'
[0.280s] DEBUG:colcon.colcon_core.package_identification:Package 'src/m-explore-ros2/explore' with type 'ros.ament_cmake' and name 'explore_lite'
[0.280s] Level 1:colcon.colcon_core.package_identification:_identify(src/makerspet) by extensions ['ignore', 'ignore_ament_install']
[0.280s] Level 1:colcon.colcon_core.package_identification:_identify(src/makerspet) by extension 'ignore'
[0.280s] Level 1:colcon.colcon_core.package_identification:_identify(src/makerspet) by extension 'ignore_ament_install'
[0.280s] Level 1:colcon.colcon_core.package_identification:_identify(src/makerspet) by extensions ['colcon_pkg']
[0.280s] Level 1:colcon.colcon_core.package_identification:_identify(src/makerspet) by extension 'colcon_pkg'
[0.280s] Level 1:colcon.colcon_core.package_identification:_identify(src/makerspet) by extensions ['colcon_meta']
[0.280s] Level 1:colcon.colcon_core.package_identification:_identify(src/makerspet) by extension 'colcon_meta'
[0.280s] Level 1:colcon.colcon_core.package_identification:_identify(src/makerspet) by extensions ['ros']
[0.280s] Level 1:colcon.colcon_core.package_identification:_identify(src/makerspet) by extension 'ros'
[0.281s] DEBUG:colcon.colcon_core.package_identification:Package 'src/makerspet' with type 'ros.ament_python' and name 'makerspet'
[0.281s] Level 1:colcon.colcon_core.package_identification:_identify(src/makerspet_fido) by extensions ['ignore', 'ignore_ament_install']
[0.281s] Level 1:colcon.colcon_core.package_identification:_identify(src/makerspet_fido) by extension 'ignore'
[0.281s] Level 1:colcon.colcon_core.package_identification:_identify(src/makerspet_fido) by extension 'ignore_ament_install'
[0.281s] Level 1:colcon.colcon_core.package_identification:_identify(src/makerspet_fido) by extensions ['colcon_pkg']
[0.281s] Level 1:colcon.colcon_core.package_identification:_identify(src/makerspet_fido) by extension 'colcon_pkg'
[0.281s] Level 1:colcon.colcon_core.package_identification:_identify(src/makerspet_fido) by extensions ['colcon_meta']
[0.281s] Level 1:colcon.colcon_core.package_identification:_identify(src/makerspet_fido) by extension 'colcon_meta'
[0.281s] Level 1:colcon.colcon_core.package_identification:_identify(src/makerspet_fido) by extensions ['ros']
[0.281s] Level 1:colcon.colcon_core.package_identification:_identify(src/makerspet_fido) by extension 'ros'
[0.281s] DEBUG:colcon.colcon_core.package_identification:Package 'src/makerspet_fido' with type 'ros.ament_cmake' and name 'makerspet_fido'
[0.281s] Level 1:colcon.colcon_core.package_identification:_identify(src/makerspet_loki) by extensions ['ignore', 'ignore_ament_install']
[0.282s] Level 1:colcon.colcon_core.package_identification:_identify(src/makerspet_loki) by extension 'ignore'
[0.282s] Level 1:colcon.colcon_core.package_identification:_identify(src/makerspet_loki) by extension 'ignore_ament_install'
[0.282s] Level 1:colcon.colcon_core.package_identification:_identify(src/makerspet_loki) by extensions ['colcon_pkg']
[0.282s] Level 1:colcon.colcon_core.package_identification:_identify(src/makerspet_loki) by extension 'colcon_pkg'
[0.282s] Level 1:colcon.colcon_core.package_identification:_identify(src/makerspet_loki) by extensions ['colcon_meta']
[0.282s] Level 1:colcon.colcon_core.package_identification:_identify(src/makerspet_loki) by extension 'colcon_meta'
[0.282s] Level 1:colcon.colcon_core.package_identification:_identify(src/makerspet_loki) by extensions ['ros']
[0.282s] Level 1:colcon.colcon_core.package_identification:_identify(src/makerspet_loki) by extension 'ros'
[0.282s] DEBUG:colcon.colcon_core.package_identification:Package 'src/makerspet_loki' with type 'ros.ament_cmake' and name 'makerspet_loki'
[0.282s] Level 1:colcon.colcon_core.package_identification:_identify(src/makerspet_mini) by extensions ['ignore', 'ignore_ament_install']
[0.282s] Level 1:colcon.colcon_core.package_identification:_identify(src/makerspet_mini) by extension 'ignore'
[0.282s] Level 1:colcon.colcon_core.package_identification:_identify(src/makerspet_mini) by extension 'ignore_ament_install'
[0.283s] Level 1:colcon.colcon_core.package_identification:_identify(src/makerspet_mini) by extensions ['colcon_pkg']
[0.283s] Level 1:colcon.colcon_core.package_identification:_identify(src/makerspet_mini) by extension 'colcon_pkg'
[0.283s] Level 1:colcon.colcon_core.package_identification:_identify(src/makerspet_mini) by extensions ['colcon_meta']
[0.283s] Level 1:colcon.colcon_core.package_identification:_identify(src/makerspet_mini) by extension 'colcon_meta'
[0.283s] Level 1:colcon.colcon_core.package_identification:_identify(src/makerspet_mini) by extensions ['ros']
[0.283s] Level 1:colcon.colcon_core.package_identification:_identify(src/makerspet_mini) by extension 'ros'
[0.283s] DEBUG:colcon.colcon_core.package_identification:Package 'src/makerspet_mini' with type 'ros.ament_cmake' and name 'makerspet_mini'
[0.283s] Level 1:colcon.colcon_core.package_identification:_identify(src/makerspet_snoopy) by extensions ['ignore', 'ignore_ament_install']
[0.283s] Level 1:colcon.colcon_core.package_identification:_identify(src/makerspet_snoopy) by extension 'ignore'
[0.283s] Level 1:colcon.colcon_core.package_identification:_identify(src/makerspet_snoopy) by extension 'ignore_ament_install'
[0.283s] Level 1:colcon.colcon_core.package_identification:_identify(src/makerspet_snoopy) by extensions ['colcon_pkg']
[0.283s] Level 1:colcon.colcon_core.package_identification:_identify(src/makerspet_snoopy) by extension 'colcon_pkg'
[0.283s] Level 1:colcon.colcon_core.package_identification:_identify(src/makerspet_snoopy) by extensions ['colcon_meta']
[0.283s] Level 1:colcon.colcon_core.package_identification:_identify(src/makerspet_snoopy) by extension 'colcon_meta'
[0.284s] Level 1:colcon.colcon_core.package_identification:_identify(src/makerspet_snoopy) by extensions ['ros']
[0.284s] Level 1:colcon.colcon_core.package_identification:_identify(src/makerspet_snoopy) by extension 'ros'
[0.284s] DEBUG:colcon.colcon_core.package_identification:Package 'src/makerspet_snoopy' with type 'ros.ament_cmake' and name 'makerspet_snoopy'
[0.284s] Level 1:colcon.colcon_core.package_identification:_identify(src/nav2_wfe) by extensions ['ignore', 'ignore_ament_install']
[0.284s] Level 1:colcon.colcon_core.package_identification:_identify(src/nav2_wfe) by extension 'ignore'
[0.284s] Level 1:colcon.colcon_core.package_identification:_identify(src/nav2_wfe) by extension 'ignore_ament_install'
[0.284s] Level 1:colcon.colcon_core.package_identification:_identify(src/nav2_wfe) by extensions ['colcon_pkg']
[0.284s] Level 1:colcon.colcon_core.package_identification:_identify(src/nav2_wfe) by extension 'colcon_pkg'
[0.284s] Level 1:colcon.colcon_core.package_identification:_identify(src/nav2_wfe) by extensions ['colcon_meta']
[0.284s] Level 1:colcon.colcon_core.package_identification:_identify(src/nav2_wfe) by extension 'colcon_meta'
[0.284s] Level 1:colcon.colcon_core.package_identification:_identify(src/nav2_wfe) by extensions ['ros']
[0.284s] Level 1:colcon.colcon_core.package_identification:_identify(src/nav2_wfe) by extension 'ros'
[0.285s] DEBUG:colcon.colcon_core.package_identification:Package 'src/nav2_wfe' with type 'ros.ament_python' and name 'nav2_wfd'
[0.285s] Level 1:colcon.colcon_core.package_discovery:discover_packages(recursive) using defaults
[0.285s] Level 1:colcon.colcon_core.package_discovery:discover_packages(ignore) discover
[0.285s] Level 1:colcon.colcon_core.package_discovery:discover_packages(ignore) using defaults
[0.285s] Level 1:colcon.colcon_core.package_discovery:discover_packages(path) discover
[0.285s] Level 1:colcon.colcon_core.package_discovery:discover_packages(path) using defaults
[0.304s] Level 1:colcon.colcon_core.package_discovery:discover_packages(prefix_path) check parameters
[0.304s] Level 1:colcon.colcon_core.package_discovery:discover_packages(prefix_path) discover
[0.306s] DEBUG:colcon.colcon_installed_package_information.package_discovery:Found 11 installed packages in /home/duong/kaia_ws/install
[0.307s] DEBUG:colcon.colcon_installed_package_information.package_discovery:Found 345 installed packages in /opt/ros/iron
[0.309s] Level 1:colcon.colcon_core.package_discovery:discover_packages(prefix_path) using defaults
[0.348s] Level 5:colcon.colcon_core.verb:set package 'auto_mapper' build argument 'cmake_args' from command line to 'None'
[0.348s] Level 5:colcon.colcon_core.verb:set package 'auto_mapper' build argument 'cmake_target' from command line to 'None'
[0.348s] Level 5:colcon.colcon_core.verb:set package 'auto_mapper' build argument 'cmake_target_skip_unavailable' from command line to 'False'
[0.348s] Level 5:colcon.colcon_core.verb:set package 'auto_mapper' build argument 'cmake_clean_cache' from command line to 'False'
[0.348s] Level 5:colcon.colcon_core.verb:set package 'auto_mapper' build argument 'cmake_clean_first' from command line to 'False'
[0.348s] Level 5:colcon.colcon_core.verb:set package 'auto_mapper' build argument 'cmake_force_configure' from command line to 'False'
[0.348s] Level 5:colcon.colcon_core.verb:set package 'auto_mapper' build argument 'ament_cmake_args' from command line to 'None'
[0.348s] Level 5:colcon.colcon_core.verb:set package 'auto_mapper' build argument 'catkin_cmake_args' from command line to 'None'
[0.348s] Level 5:colcon.colcon_core.verb:set package 'auto_mapper' build argument 'catkin_skip_building_tests' from command line to 'False'
[0.348s] DEBUG:colcon.colcon_core.verb:Building package 'auto_mapper' with the following arguments: {'ament_cmake_args': None, 'build_base': '/home/duong/kaia_ws/build/auto_mapper', 'catkin_cmake_args': None, 'catkin_skip_building_tests': False, 'cmake_args': None, 'cmake_clean_cache': False, 'cmake_clean_first': False, 'cmake_force_configure': False, 'cmake_target': None, 'cmake_target_skip_unavailable': False, 'install_base': '/home/duong/kaia_ws/install/auto_mapper', 'merge_install': False, 'path': '/home/duong/kaia_ws/src/auto_mapper', 'symlink_install': True, 'test_result_base': None}
[0.348s] Level 5:colcon.colcon_core.verb:set package 'explore_lite' build argument 'cmake_args' from command line to 'None'
[0.348s] Level 5:colcon.colcon_core.verb:set package 'explore_lite' build argument 'cmake_target' from command line to 'None'
[0.348s] Level 5:colcon.colcon_core.verb:set package 'explore_lite' build argument 'cmake_target_skip_unavailable' from command line to 'False'
[0.348s] Level 5:colcon.colcon_core.verb:set package 'explore_lite' build argument 'cmake_clean_cache' from command line to 'False'
[0.348s] Level 5:colcon.colcon_core.verb:set package 'explore_lite' build argument 'cmake_clean_first' from command line to 'False'
[0.348s] Level 5:colcon.colcon_core.verb:set package 'explore_lite' build argument 'cmake_force_configure' from command line to 'False'
[0.348s] Level 5:colcon.colcon_core.verb:set package 'explore_lite' build argument 'ament_cmake_args' from command line to 'None'
[0.348s] Level 5:colcon.colcon_core.verb:set package 'explore_lite' build argument 'catkin_cmake_args' from command line to 'None'
[0.348s] Level 5:colcon.colcon_core.verb:set package 'explore_lite' build argument 'catkin_skip_building_tests' from command line to 'False'
[0.348s] DEBUG:colcon.colcon_core.verb:Building package 'explore_lite' with the following arguments: {'ament_cmake_args': None, 'build_base': '/home/duong/kaia_ws/build/explore_lite', 'catkin_cmake_args': None, 'catkin_skip_building_tests': False, 'cmake_args': None, 'cmake_clean_cache': False, 'cmake_clean_first': False, 'cmake_force_configure': False, 'cmake_target': None, 'cmake_target_skip_unavailable': False, 'install_base': '/home/duong/kaia_ws/install/explore_lite', 'merge_install': False, 'path': '/home/duong/kaia_ws/src/m-explore-ros2/explore', 'symlink_install': True, 'test_result_base': None}
[0.349s] Level 5:colcon.colcon_core.verb:set package 'kaiaai' build argument 'cmake_args' from command line to 'None'
[0.349s] Level 5:colcon.colcon_core.verb:set package 'kaiaai' build argument 'cmake_target' from command line to 'None'
[0.349s] Level 5:colcon.colcon_core.verb:set package 'kaiaai' build argument 'cmake_target_skip_unavailable' from command line to 'False'
[0.349s] Level 5:colcon.colcon_core.verb:set package 'kaiaai' build argument 'cmake_clean_cache' from command line to 'False'
[0.349s] Level 5:colcon.colcon_core.verb:set package 'kaiaai' build argument 'cmake_clean_first' from command line to 'False'
[0.349s] Level 5:colcon.colcon_core.verb:set package 'kaiaai' build argument 'cmake_force_configure' from command line to 'False'
[0.349s] Level 5:colcon.colcon_core.verb:set package 'kaiaai' build argument 'ament_cmake_args' from command line to 'None'
[0.349s] Level 5:colcon.colcon_core.verb:set package 'kaiaai' build argument 'catkin_cmake_args' from command line to 'None'
[0.349s] Level 5:colcon.colcon_core.verb:set package 'kaiaai' build argument 'catkin_skip_building_tests' from command line to 'False'
[0.349s] DEBUG:colcon.colcon_core.verb:Building package 'kaiaai' with the following arguments: {'ament_cmake_args': None, 'build_base': '/home/duong/kaia_ws/build/kaiaai', 'catkin_cmake_args': None, 'catkin_skip_building_tests': False, 'cmake_args': None, 'cmake_clean_cache': False, 'cmake_clean_first': False, 'cmake_force_configure': False, 'cmake_target': None, 'cmake_target_skip_unavailable': False, 'install_base': '/home/duong/kaia_ws/install/kaiaai', 'merge_install': False, 'path': '/home/duong/kaia_ws/src/kaiaai', 'symlink_install': True, 'test_result_base': None}
[0.349s] Level 5:colcon.colcon_core.verb:set package 'kaiaai_apps' build argument 'cmake_args' from command line to 'None'
[0.349s] Level 5:colcon.colcon_core.verb:set package 'kaiaai_apps' build argument 'cmake_target' from command line to 'None'
[0.349s] Level 5:colcon.colcon_core.verb:set package 'kaiaai_apps' build argument 'cmake_target_skip_unavailable' from command line to 'False'
[0.349s] Level 5:colcon.colcon_core.verb:set package 'kaiaai_apps' build argument 'cmake_clean_cache' from command line to 'False'
[0.349s] Level 5:colcon.colcon_core.verb:set package 'kaiaai_apps' build argument 'cmake_clean_first' from command line to 'False'
[0.349s] Level 5:colcon.colcon_core.verb:set package 'kaiaai_apps' build argument 'cmake_force_configure' from command line to 'False'
[0.349s] Level 5:colcon.colcon_core.verb:set package 'kaiaai_apps' build argument 'ament_cmake_args' from command line to 'None'
[0.349s] Level 5:colcon.colcon_core.verb:set package 'kaiaai_apps' build argument 'catkin_cmake_args' from command line to 'None'
[0.349s] Level 5:colcon.colcon_core.verb:set package 'kaiaai_apps' build argument 'catkin_skip_building_tests' from command line to 'False'
[0.349s] DEBUG:colcon.colcon_core.verb:Building package 'kaiaai_apps' with the following arguments: {'ament_cmake_args': None, 'build_base': '/home/duong/kaia_ws/build/kaiaai_apps', 'catkin_cmake_args': None, 'catkin_skip_building_tests': False, 'cmake_args': None, 'cmake_clean_cache': False, 'cmake_clean_first': False, 'cmake_force_configure': False, 'cmake_target': None, 'cmake_target_skip_unavailable': False, 'install_base': '/home/duong/kaia_ws/install/kaiaai_apps', 'merge_install': False, 'path': '/home/duong/kaia_ws/src/kaiaai_apps', 'symlink_install': True, 'test_result_base': None}
[0.350s] Level 5:colcon.colcon_core.verb:set package 'kaiaai_msgs' build argument 'cmake_args' from command line to 'None'
[0.350s] Level 5:colcon.colcon_core.verb:set package 'kaiaai_msgs' build argument 'cmake_target' from command line to 'None'
[0.350s] Level 5:colcon.colcon_core.verb:set package 'kaiaai_msgs' build argument 'cmake_target_skip_unavailable' from command line to 'False'
[0.350s] Level 5:colcon.colcon_core.verb:set package 'kaiaai_msgs' build argument 'cmake_clean_cache' from command line to 'False'
[0.350s] Level 5:colcon.colcon_core.verb:set package 'kaiaai_msgs' build argument 'cmake_clean_first' from command line to 'False'
[0.350s] Level 5:colcon.colcon_core.verb:set package 'kaiaai_msgs' build argument 'cmake_force_configure' from command line to 'False'
[0.350s] Level 5:colcon.colcon_core.verb:set package 'kaiaai_msgs' build argument 'ament_cmake_args' from command line to 'None'
[0.350s] Level 5:colcon.colcon_core.verb:set package 'kaiaai_msgs' build argument 'catkin_cmake_args' from command line to 'None'
[0.350s] Level 5:colcon.colcon_core.verb:set package 'kaiaai_msgs' build argument 'catkin_skip_building_tests' from command line to 'False'
[0.350s] DEBUG:colcon.colcon_core.verb:Building package 'kaiaai_msgs' with the following arguments: {'ament_cmake_args': None, 'build_base': '/home/duong/kaia_ws/build/kaiaai_msgs', 'catkin_cmake_args': None, 'catkin_skip_building_tests': False, 'cmake_args': None, 'cmake_clean_cache': False, 'cmake_clean_first': False, 'cmake_force_configure': False, 'cmake_target': None, 'cmake_target_skip_unavailable': False, 'install_base': '/home/duong/kaia_ws/install/kaiaai_msgs', 'merge_install': False, 'path': '/home/duong/kaia_ws/src/kaiaai_msgs', 'symlink_install': True, 'test_result_base': None}
[0.350s] Level 5:colcon.colcon_core.verb:set package 'kaiaai_teleop' build argument 'cmake_args' from command line to 'None'
[0.350s] Level 5:colcon.colcon_core.verb:set package 'kaiaai_teleop' build argument 'cmake_target' from command line to 'None'
[0.350s] Level 5:colcon.colcon_core.verb:set package 'kaiaai_teleop' build argument 'cmake_target_skip_unavailable' from command line to 'False'
[0.350s] Level 5:colcon.colcon_core.verb:set package 'kaiaai_teleop' build argument 'cmake_clean_cache' from command line to 'False'
[0.350s] Level 5:colcon.colcon_core.verb:set package 'kaiaai_teleop' build argument 'cmake_clean_first' from command line to 'False'
[0.350s] Level 5:colcon.colcon_core.verb:set package 'kaiaai_teleop' build argument 'cmake_force_configure' from command line to 'False'
[0.350s] Level 5:colcon.colcon_core.verb:set package 'kaiaai_teleop' build argument 'ament_cmake_args' from command line to 'None'
[0.350s] Level 5:colcon.colcon_core.verb:set package 'kaiaai_teleop' build argument 'catkin_cmake_args' from command line to 'None'
[0.350s] Level 5:colcon.colcon_core.verb:set package 'kaiaai_teleop' build argument 'catkin_skip_building_tests' from command line to 'False'
[0.350s] DEBUG:colcon.colcon_core.verb:Building package 'kaiaai_teleop' with the following arguments: {'ament_cmake_args': None, 'build_base': '/home/duong/kaia_ws/build/kaiaai_teleop', 'catkin_cmake_args': None, 'catkin_skip_building_tests': False, 'cmake_args': None, 'cmake_clean_cache': False, 'cmake_clean_first': False, 'cmake_force_configure': False, 'cmake_target': None, 'cmake_target_skip_unavailable': False, 'install_base': '/home/duong/kaia_ws/install/kaiaai_teleop', 'merge_install': False, 'path': '/home/duong/kaia_ws/src/kaiaai_teleop', 'symlink_install': True, 'test_result_base': None}
[0.350s] Level 5:colcon.colcon_core.verb:set package 'kaiaai_web' build argument 'cmake_args' from command line to 'None'
[0.350s] Level 5:colcon.colcon_core.verb:set package 'kaiaai_web' build argument 'cmake_target' from command line to 'None'
[0.350s] Level 5:colcon.colcon_core.verb:set package 'kaiaai_web' build argument 'cmake_target_skip_unavailable' from command line to 'False'
[0.351s] Level 5:colcon.colcon_core.verb:set package 'kaiaai_web' build argument 'cmake_clean_cache' from command line to 'False'
[0.351s] Level 5:colcon.colcon_core.verb:set package 'kaiaai_web' build argument 'cmake_clean_first' from command line to 'False'
[0.351s] Level 5:colcon.colcon_core.verb:set package 'kaiaai_web' build argument 'cmake_force_configure' from command line to 'False'
[0.351s] Level 5:colcon.colcon_core.verb:set package 'kaiaai_web' build argument 'ament_cmake_args' from command line to 'None'
[0.351s] Level 5:colcon.colcon_core.verb:set package 'kaiaai_web' build argument 'catkin_cmake_args' from command line to 'None'
[0.351s] Level 5:colcon.colcon_core.verb:set package 'kaiaai_web' build argument 'catkin_skip_building_tests' from command line to 'False'
[0.351s] DEBUG:colcon.colcon_core.verb:Building package 'kaiaai_web' with the following arguments: {'ament_cmake_args': None, 'build_base': '/home/duong/kaia_ws/build/kaiaai_web', 'catkin_cmake_args': None, 'catkin_skip_building_tests': False, 'cmake_args': None, 'cmake_clean_cache': False, 'cmake_clean_first': False, 'cmake_force_configure': False, 'cmake_target': None, 'cmake_target_skip_unavailable': False, 'install_base': '/home/duong/kaia_ws/install/kaiaai_web', 'merge_install': False, 'path': '/home/duong/kaia_ws/src/kaiaai_web', 'symlink_install': True, 'test_result_base': None}
[0.351s] Level 5:colcon.colcon_core.verb:set package 'makerspet_fido' build argument 'cmake_args' from command line to 'None'
[0.351s] Level 5:colcon.colcon_core.verb:set package 'makerspet_fido' build argument 'cmake_target' from command line to 'None'
[0.351s] Level 5:colcon.colcon_core.verb:set package 'makerspet_fido' build argument 'cmake_target_skip_unavailable' from command line to 'False'
[0.351s] Level 5:colcon.colcon_core.verb:set package 'makerspet_fido' build argument 'cmake_clean_cache' from command line to 'False'
[0.351s] Level 5:colcon.colcon_core.verb:set package 'makerspet_fido' build argument 'cmake_clean_first' from command line to 'False'
[0.351s] Level 5:colcon.colcon_core.verb:set package 'makerspet_fido' build argument 'cmake_force_configure' from command line to 'False'
[0.351s] Level 5:colcon.colcon_core.verb:set package 'makerspet_fido' build argument 'ament_cmake_args' from command line to 'None'
[0.351s] Level 5:colcon.colcon_core.verb:set package 'makerspet_fido' build argument 'catkin_cmake_args' from command line to 'None'
[0.351s] Level 5:colcon.colcon_core.verb:set package 'makerspet_fido' build argument 'catkin_skip_building_tests' from command line to 'False'
[0.351s] DEBUG:colcon.colcon_core.verb:Building package 'makerspet_fido' with the following arguments: {'ament_cmake_args': None, 'build_base': '/home/duong/kaia_ws/build/makerspet_fido', 'catkin_cmake_args': None, 'catkin_skip_building_tests': False, 'cmake_args': None, 'cmake_clean_cache': False, 'cmake_clean_first': False, 'cmake_force_configure': False, 'cmake_target': None, 'cmake_target_skip_unavailable': False, 'install_base': '/home/duong/kaia_ws/install/makerspet_fido', 'merge_install': False, 'path': '/home/duong/kaia_ws/src/makerspet_fido', 'symlink_install': True, 'test_result_base': None}
[0.351s] Level 5:colcon.colcon_core.verb:set package 'makerspet_loki' build argument 'cmake_args' from command line to 'None'
[0.351s] Level 5:colcon.colcon_core.verb:set package 'makerspet_loki' build argument 'cmake_target' from command line to 'None'
[0.351s] Level 5:colcon.colcon_core.verb:set package 'makerspet_loki' build argument 'cmake_target_skip_unavailable' from command line to 'False'
[0.351s] Level 5:colcon.colcon_core.verb:set package 'makerspet_loki' build argument 'cmake_clean_cache' from command line to 'False'
[0.351s] Level 5:colcon.colcon_core.verb:set package 'makerspet_loki' build argument 'cmake_clean_first' from command line to 'False'
[0.351s] Level 5:colcon.colcon_core.verb:set package 'makerspet_loki' build argument 'cmake_force_configure' from command line to 'False'
[0.351s] Level 5:colcon.colcon_core.verb:set package 'makerspet_loki' build argument 'ament_cmake_args' from command line to 'None'
[0.351s] Level 5:colcon.colcon_core.verb:set package 'makerspet_loki' build argument 'catkin_cmake_args' from command line to 'None'
[0.351s] Level 5:colcon.colcon_core.verb:set package 'makerspet_loki' build argument 'catkin_skip_building_tests' from command line to 'False'
[0.351s] DEBUG:colcon.colcon_core.verb:Building package 'makerspet_loki' with the following arguments: {'ament_cmake_args': None, 'build_base': '/home/duong/kaia_ws/build/makerspet_loki', 'catkin_cmake_args': None, 'catkin_skip_building_tests': False, 'cmake_args': None, 'cmake_clean_cache': False, 'cmake_clean_first': False, 'cmake_force_configure': False, 'cmake_target': None, 'cmake_target_skip_unavailable': False, 'install_base': '/home/duong/kaia_ws/install/makerspet_loki', 'merge_install': False, 'path': '/home/duong/kaia_ws/src/makerspet_loki', 'symlink_install': True, 'test_result_base': None}
[0.352s] Level 5:colcon.colcon_core.verb:set package 'makerspet_mini' build argument 'cmake_args' from command line to 'None'
[0.352s] Level 5:colcon.colcon_core.verb:set package 'makerspet_mini' build argument 'cmake_target' from command line to 'None'
[0.352s] Level 5:colcon.colcon_core.verb:set package 'makerspet_mini' build argument 'cmake_target_skip_unavailable' from command line to 'False'
[0.352s] Level 5:colcon.colcon_core.verb:set package 'makerspet_mini' build argument 'cmake_clean_cache' from command line to 'False'
[0.352s] Level 5:colcon.colcon_core.verb:set package 'makerspet_mini' build argument 'cmake_clean_first' from command line to 'False'
[0.352s] Level 5:colcon.colcon_core.verb:set package 'makerspet_mini' build argument 'cmake_force_configure' from command line to 'False'
[0.352s] Level 5:colcon.colcon_core.verb:set package 'makerspet_mini' build argument 'ament_cmake_args' from command line to 'None'
[0.352s] Level 5:colcon.colcon_core.verb:set package 'makerspet_mini' build argument 'catkin_cmake_args' from command line to 'None'
[0.352s] Level 5:colcon.colcon_core.verb:set package 'makerspet_mini' build argument 'catkin_skip_building_tests' from command line to 'False'
[0.352s] DEBUG:colcon.colcon_core.verb:Building package 'makerspet_mini' with the following arguments: {'ament_cmake_args': None, 'build_base': '/home/duong/kaia_ws/build/makerspet_mini', 'catkin_cmake_args': None, 'catkin_skip_building_tests': False, 'cmake_args': None, 'cmake_clean_cache': False, 'cmake_clean_first': False, 'cmake_force_configure': False, 'cmake_target': None, 'cmake_target_skip_unavailable': False, 'install_base': '/home/duong/kaia_ws/install/makerspet_mini', 'merge_install': False, 'path': '/home/duong/kaia_ws/src/makerspet_mini', 'symlink_install': True, 'test_result_base': None}
[0.352s] Level 5:colcon.colcon_core.verb:set package 'makerspet_snoopy' build argument 'cmake_args' from command line to 'None'
[0.352s] Level 5:colcon.colcon_core.verb:set package 'makerspet_snoopy' build argument 'cmake_target' from command line to 'None'
[0.352s] Level 5:colcon.colcon_core.verb:set package 'makerspet_snoopy' build argument 'cmake_target_skip_unavailable' from command line to 'False'
[0.352s] Level 5:colcon.colcon_core.verb:set package 'makerspet_snoopy' build argument 'cmake_clean_cache' from command line to 'False'
[0.352s] Level 5:colcon.colcon_core.verb:set package 'makerspet_snoopy' build argument 'cmake_clean_first' from command line to 'False'
[0.352s] Level 5:colcon.colcon_core.verb:set package 'makerspet_snoopy' build argument 'cmake_force_configure' from command line to 'False'
[0.352s] Level 5:colcon.colcon_core.verb:set package 'makerspet_snoopy' build argument 'ament_cmake_args' from command line to 'None'
[0.352s] Level 5:colcon.colcon_core.verb:set package 'makerspet_snoopy' build argument 'catkin_cmake_args' from command line to 'None'
[0.352s] Level 5:colcon.colcon_core.verb:set package 'makerspet_snoopy' build argument 'catkin_skip_building_tests' from command line to 'False'
[0.352s] DEBUG:colcon.colcon_core.verb:Building package 'makerspet_snoopy' with the following arguments: {'ament_cmake_args': None, 'build_base': '/home/duong/kaia_ws/build/makerspet_snoopy', 'catkin_cmake_args': None, 'catkin_skip_building_tests': False, 'cmake_args': None, 'cmake_clean_cache': False, 'cmake_clean_first': False, 'cmake_force_configure': False, 'cmake_target': None, 'cmake_target_skip_unavailable': False, 'install_base': '/home/duong/kaia_ws/install/makerspet_snoopy', 'merge_install': False, 'path': '/home/duong/kaia_ws/src/makerspet_snoopy', 'symlink_install': True, 'test_result_base': None}
[0.353s] Level 5:colcon.colcon_core.verb:set package 'nav2_wfd' build argument 'cmake_args' from command line to 'None'
[0.353s] Level 5:colcon.colcon_core.verb:set package 'nav2_wfd' build argument 'cmake_target' from command line to 'None'
[0.353s] Level 5:colcon.colcon_core.verb:set package 'nav2_wfd' build argument 'cmake_target_skip_unavailable' from command line to 'False'
[0.353s] Level 5:colcon.colcon_core.verb:set package 'nav2_wfd' build argument 'cmake_clean_cache' from command line to 'False'
[0.353s] Level 5:colcon.colcon_core.verb:set package 'nav2_wfd' build argument 'cmake_clean_first' from command line to 'False'
[0.353s] Level 5:colcon.colcon_core.verb:set package 'nav2_wfd' build argument 'cmake_force_configure' from command line to 'False'
[0.353s] Level 5:colcon.colcon_core.verb:set package 'nav2_wfd' build argument 'ament_cmake_args' from command line to 'None'
[0.353s] Level 5:colcon.colcon_core.verb:set package 'nav2_wfd' build argument 'catkin_cmake_args' from command line to 'None'
[0.353s] Level 5:colcon.colcon_core.verb:set package 'nav2_wfd' build argument 'catkin_skip_building_tests' from command line to 'False'
[0.353s] DEBUG:colcon.colcon_core.verb:Building package 'nav2_wfd' with the following arguments: {'ament_cmake_args': None, 'build_base': '/home/duong/kaia_ws/build/nav2_wfd', 'catkin_cmake_args': None, 'catkin_skip_building_tests': False, 'cmake_args': None, 'cmake_clean_cache': False, 'cmake_clean_first': False, 'cmake_force_configure': False, 'cmake_target': None, 'cmake_target_skip_unavailable': False, 'install_base': '/home/duong/kaia_ws/install/nav2_wfd', 'merge_install': False, 'path': '/home/duong/kaia_ws/src/nav2_wfe', 'symlink_install': True, 'test_result_base': None}
[0.353s] Level 5:colcon.colcon_core.verb:set package 'kaiaai_gazebo' build argument 'cmake_args' from command line to 'None'
[0.353s] Level 5:colcon.colcon_core.verb:set package 'kaiaai_gazebo' build argument 'cmake_target' from command line to 'None'
[0.353s] Level 5:colcon.colcon_core.verb:set package 'kaiaai_gazebo' build argument 'cmake_target_skip_unavailable' from command line to 'False'
[0.353s] Level 5:colcon.colcon_core.verb:set package 'kaiaai_gazebo' build argument 'cmake_clean_cache' from command line to 'False'
[0.353s] Level 5:colcon.colcon_core.verb:set package 'kaiaai_gazebo' build argument 'cmake_clean_first' from command line to 'False'
[0.353s] Level 5:colcon.colcon_core.verb:set package 'kaiaai_gazebo' build argument 'cmake_force_configure' from command line to 'False'
[0.353s] Level 5:colcon.colcon_core.verb:set package 'kaiaai_gazebo' build argument 'ament_cmake_args' from command line to 'None'
[0.353s] Level 5:colcon.colcon_core.verb:set package 'kaiaai_gazebo' build argument 'catkin_cmake_args' from command line to 'None'
[0.353s] Level 5:colcon.colcon_core.verb:set package 'kaiaai_gazebo' build argument 'catkin_skip_building_tests' from command line to 'False'
[0.353s] DEBUG:colcon.colcon_core.verb:Building package 'kaiaai_gazebo' with the following arguments: {'ament_cmake_args': None, 'build_base': '/home/duong/kaia_ws/build/kaiaai_gazebo', 'catkin_cmake_args': None, 'catkin_skip_building_tests': False, 'cmake_args': None, 'cmake_clean_cache': False, 'cmake_clean_first': False, 'cmake_force_configure': False, 'cmake_target': None, 'cmake_target_skip_unavailable': False, 'install_base': '/home/duong/kaia_ws/install/kaiaai_gazebo', 'merge_install': False, 'path': '/home/duong/kaia_ws/src/kaiaai_gazebo', 'symlink_install': True, 'test_result_base': None}
[0.353s] Level 5:colcon.colcon_core.verb:set package 'kaiaai_telemetry' build argument 'cmake_args' from command line to 'None'
[0.353s] Level 5:colcon.colcon_core.verb:set package 'kaiaai_telemetry' build argument 'cmake_target' from command line to 'None'
[0.353s] Level 5:colcon.colcon_core.verb:set package 'kaiaai_telemetry' build argument 'cmake_target_skip_unavailable' from command line to 'False'
[0.353s] Level 5:colcon.colcon_core.verb:set package 'kaiaai_telemetry' build argument 'cmake_clean_cache' from command line to 'False'
[0.353s] Level 5:colcon.colcon_core.verb:set package 'kaiaai_telemetry' build argument 'cmake_clean_first' from command line to 'False'
[0.353s] Level 5:colcon.colcon_core.verb:set package 'kaiaai_telemetry' build argument 'cmake_force_configure' from command line to 'False'
[0.353s] Level 5:colcon.colcon_core.verb:set package 'kaiaai_telemetry' build argument 'ament_cmake_args' from command line to 'None'
[0.353s] Level 5:colcon.colcon_core.verb:set package 'kaiaai_telemetry' build argument 'catkin_cmake_args' from command line to 'None'
[0.353s] Level 5:colcon.colcon_core.verb:set package 'kaiaai_telemetry' build argument 'catkin_skip_building_tests' from command line to 'False'
[0.354s] DEBUG:colcon.colcon_core.verb:Building package 'kaiaai_telemetry' with the following arguments: {'ament_cmake_args': None, 'build_base': '/home/duong/kaia_ws/build/kaiaai_telemetry', 'catkin_cmake_args': None, 'catkin_skip_building_tests': False, 'cmake_args': None, 'cmake_clean_cache': False, 'cmake_clean_first': False, 'cmake_force_configure': False, 'cmake_target': None, 'cmake_target_skip_unavailable': False, 'install_base': '/home/duong/kaia_ws/install/kaiaai_telemetry', 'merge_install': False, 'path': '/home/duong/kaia_ws/src/kaiaai_telemetry', 'symlink_install': True, 'test_result_base': None}
[0.354s] Level 5:colcon.colcon_core.verb:set package 'makerspet' build argument 'cmake_args' from command line to 'None'
[0.354s] Level 5:colcon.colcon_core.verb:set package 'makerspet' build argument 'cmake_target' from command line to 'None'
[0.354s] Level 5:colcon.colcon_core.verb:set package 'makerspet' build argument 'cmake_target_skip_unavailable' from command line to 'False'
[0.354s] Level 5:colcon.colcon_core.verb:set package 'makerspet' build argument 'cmake_clean_cache' from command line to 'False'
[0.354s] Level 5:colcon.colcon_core.verb:set package 'makerspet' build argument 'cmake_clean_first' from command line to 'False'
[0.354s] Level 5:colcon.colcon_core.verb:set package 'makerspet' build argument 'cmake_force_configure' from command line to 'False'
[0.354s] Level 5:colcon.colcon_core.verb:set package 'makerspet' build argument 'ament_cmake_args' from command line to 'None'
[0.354s] Level 5:colcon.colcon_core.verb:set package 'makerspet' build argument 'catkin_cmake_args' from command line to 'None'
[0.354s] Level 5:colcon.colcon_core.verb:set package 'makerspet' build argument 'catkin_skip_building_tests' from command line to 'False'
[0.354s] DEBUG:colcon.colcon_core.verb:Building package 'makerspet' with the following arguments: {'ament_cmake_args': None, 'build_base': '/home/duong/kaia_ws/build/makerspet', 'catkin_cmake_args': None, 'catkin_skip_building_tests': False, 'cmake_args': None, 'cmake_clean_cache': False, 'cmake_clean_first': False, 'cmake_force_configure': False, 'cmake_target': None, 'cmake_target_skip_unavailable': False, 'install_base': '/home/duong/kaia_ws/install/makerspet', 'merge_install': False, 'path': '/home/duong/kaia_ws/src/makerspet', 'symlink_install': True, 'test_result_base': None}
[0.354s] Level 5:colcon.colcon_core.verb:set package 'kaiaai_bringup' build argument 'cmake_args' from command line to 'None'
[0.354s] Level 5:colcon.colcon_core.verb:set package 'kaiaai_bringup' build argument 'cmake_target' from command line to 'None'
[0.354s] Level 5:colcon.colcon_core.verb:set package 'kaiaai_bringup' build argument 'cmake_target_skip_unavailable' from command line to 'False'
[0.354s] Level 5:colcon.colcon_core.verb:set package 'kaiaai_bringup' build argument 'cmake_clean_cache' from command line to 'False'
[0.354s] Level 5:colcon.colcon_core.verb:set package 'kaiaai_bringup' build argument 'cmake_clean_first' from command line to 'False'
[0.354s] Level 5:colcon.colcon_core.verb:set package 'kaiaai_bringup' build argument 'cmake_force_configure' from command line to 'False'
[0.354s] Level 5:colcon.colcon_core.verb:set package 'kaiaai_bringup' build argument 'ament_cmake_args' from command line to 'None'
[0.354s] Level 5:colcon.colcon_core.verb:set package 'kaiaai_bringup' build argument 'catkin_cmake_args' from command line to 'None'
[0.354s] Level 5:colcon.colcon_core.verb:set package 'kaiaai_bringup' build argument 'catkin_skip_building_tests' from command line to 'False'
[0.354s] DEBUG:colcon.colcon_core.verb:Building package 'kaiaai_bringup' with the following arguments: {'ament_cmake_args': None, 'build_base': '/home/duong/kaia_ws/build/kaiaai_bringup', 'catkin_cmake_args': None, 'catkin_skip_building_tests': False, 'cmake_args': None, 'cmake_clean_cache': False, 'cmake_clean_first': False, 'cmake_force_configure': False, 'cmake_target': None, 'cmake_target_skip_unavailable': False, 'install_base': '/home/duong/kaia_ws/install/kaiaai_bringup', 'merge_install': False, 'path': '/home/duong/kaia_ws/src/kaiaai_bringup', 'symlink_install': True, 'test_result_base': None}
[0.354s] INFO:colcon.colcon_core.executor:Executing jobs using 'parallel' executor
[0.356s] DEBUG:colcon.colcon_parallel_executor.executor.parallel:run_until_complete
[0.356s] INFO:colcon.colcon_ros.task.ament_python.build:Building ROS package in '/home/duong/kaia_ws/src/kaiaai' with build type 'ament_python'
[0.356s] Level 1:colcon.colcon_core.shell:create_environment_hook('kaiaai', 'ament_prefix_path')
[0.359s] INFO:colcon.colcon_core.plugin_system:Skipping extension 'colcon_core.shell.bat': Not used on non-Windows systems
[0.359s] INFO:colcon.colcon_core.shell:Creating environment hook '/home/duong/kaia_ws/install/kaiaai/share/kaiaai/hook/ament_prefix_path.ps1'
[0.359s] INFO:colcon.colcon_core.shell:Creating environment descriptor '/home/duong/kaia_ws/install/kaiaai/share/kaiaai/hook/ament_prefix_path.dsv'
[0.360s] INFO:colcon.colcon_core.shell:Creating environment hook '/home/duong/kaia_ws/install/kaiaai/share/kaiaai/hook/ament_prefix_path.sh'
[0.360s] INFO:colcon.colcon_core.shell:Skip shell extension 'powershell' for command environment: Not usable outside of PowerShell
[0.360s] DEBUG:colcon.colcon_core.shell:Skip shell extension 'dsv' for command environment
[0.364s] INFO:colcon.colcon_ros.task.ament_cmake.build:Building ROS package in '/home/duong/kaia_ws/src/kaiaai_msgs' with build type 'ament_cmake'
[0.364s] INFO:colcon.colcon_cmake.task.cmake.build:Building CMake package in '/home/duong/kaia_ws/src/kaiaai_msgs'
[0.365s] INFO:colcon.colcon_core.shell:Skip shell extension 'powershell' for command environment: Not usable outside of PowerShell
[0.365s] DEBUG:colcon.colcon_core.shell:Skip shell extension 'dsv' for command environment
[0.368s] INFO:colcon.colcon_ros.task.ament_python.build:Building ROS package in '/home/duong/kaia_ws/src/kaiaai_teleop' with build type 'ament_python'
[0.368s] Level 1:colcon.colcon_core.shell:create_environment_hook('kaiaai_teleop', 'ament_prefix_path')
[0.369s] INFO:colcon.colcon_core.shell:Creating environment hook '/home/duong/kaia_ws/install/kaiaai_teleop/share/kaiaai_teleop/hook/ament_prefix_path.ps1'
[0.369s] INFO:colcon.colcon_core.shell:Creating environment descriptor '/home/duong/kaia_ws/install/kaiaai_teleop/share/kaiaai_teleop/hook/ament_prefix_path.dsv'
[0.370s] INFO:colcon.colcon_core.shell:Creating environment hook '/home/duong/kaia_ws/install/kaiaai_teleop/share/kaiaai_teleop/hook/ament_prefix_path.sh'
[0.370s] INFO:colcon.colcon_core.shell:Skip shell extension 'powershell' for command environment: Not usable outside of PowerShell
[0.370s] DEBUG:colcon.colcon_core.shell:Skip shell extension 'dsv' for command environment
[0.397s] INFO:colcon.colcon_ros.task.ament_cmake.build:Building ROS package in '/home/duong/kaia_ws/src/makerspet_loki' with build type 'ament_cmake'
[0.397s] INFO:colcon.colcon_cmake.task.cmake.build:Building CMake package in '/home/duong/kaia_ws/src/makerspet_loki'
[0.397s] INFO:colcon.colcon_core.shell:Skip shell extension 'powershell' for command environment: Not usable outside of PowerShell
[0.397s] DEBUG:colcon.colcon_core.shell:Skip shell extension 'dsv' for command environment
[0.401s] INFO:colcon.colcon_ros.task.ament_cmake.build:Building ROS package in '/home/duong/kaia_ws/src/makerspet_mini' with build type 'ament_cmake'
[0.401s] INFO:colcon.colcon_cmake.task.cmake.build:Building CMake package in '/home/duong/kaia_ws/src/makerspet_mini'
[0.401s] INFO:colcon.colcon_core.shell:Skip shell extension 'powershell' for command environment: Not usable outside of PowerShell
[0.402s] DEBUG:colcon.colcon_core.shell:Skip shell extension 'dsv' for command environment
[0.405s] INFO:colcon.colcon_ros.task.ament_cmake.build:Building ROS package in '/home/duong/kaia_ws/src/makerspet_snoopy' with build type 'ament_cmake'
[0.405s] INFO:colcon.colcon_cmake.task.cmake.build:Building CMake package in '/home/duong/kaia_ws/src/makerspet_snoopy'
[0.406s] INFO:colcon.colcon_core.shell:Skip shell extension 'powershell' for command environment: Not usable outside of PowerShell
[0.406s] DEBUG:colcon.colcon_core.shell:Skip shell extension 'dsv' for command environment
[0.410s] INFO:colcon.colcon_ros.task.ament_cmake.build:Building ROS package in '/home/duong/kaia_ws/src/auto_mapper' with build type 'ament_cmake'
[0.410s] INFO:colcon.colcon_cmake.task.cmake.build:Building CMake package in '/home/duong/kaia_ws/src/auto_mapper'
[0.410s] INFO:colcon.colcon_core.shell:Skip shell extension 'powershell' for command environment: Not usable outside of PowerShell
[0.410s] DEBUG:colcon.colcon_core.shell:Skip shell extension 'dsv' for command environment
[0.414s] INFO:colcon.colcon_ros.task.ament_cmake.build:Building ROS package in '/home/duong/kaia_ws/src/m-explore-ros2/explore' with build type 'ament_cmake'
[0.414s] INFO:colcon.colcon_cmake.task.cmake.build:Building CMake package in '/home/duong/kaia_ws/src/m-explore-ros2/explore'
[0.414s] INFO:colcon.colcon_core.shell:Skip shell extension 'powershell' for command environment: Not usable outside of PowerShell
[0.414s] DEBUG:colcon.colcon_core.shell:Skip shell extension 'dsv' for command environment
[0.418s] INFO:colcon.colcon_ros.task.ament_python.build:Building ROS package in '/home/duong/kaia_ws/src/kaiaai_apps' with build type 'ament_python'
[0.418s] Level 1:colcon.colcon_core.shell:create_environment_hook('kaiaai_apps', 'ament_prefix_path')
[0.419s] INFO:colcon.colcon_core.shell:Creating environment hook '/home/duong/kaia_ws/install/kaiaai_apps/share/kaiaai_apps/hook/ament_prefix_path.ps1'
[0.420s] INFO:colcon.colcon_core.shell:Creating environment descriptor '/home/duong/kaia_ws/install/kaiaai_apps/share/kaiaai_apps/hook/ament_prefix_path.dsv'
[0.420s] INFO:colcon.colcon_core.shell:Creating environment hook '/home/duong/kaia_ws/install/kaiaai_apps/share/kaiaai_apps/hook/ament_prefix_path.sh'
[0.420s] INFO:colcon.colcon_core.shell:Skip shell extension 'powershell' for command environment: Not usable outside of PowerShell
[0.421s] DEBUG:colcon.colcon_core.shell:Skip shell extension 'dsv' for command environment
[0.424s] INFO:colcon.colcon_ros.task.ament_python.build:Building ROS package in '/home/duong/kaia_ws/src/kaiaai_web' with build type 'ament_python'
[0.424s] Level 1:colcon.colcon_core.shell:create_environment_hook('kaiaai_web', 'ament_prefix_path')
[0.425s] INFO:colcon.colcon_core.shell:Creating environment hook '/home/duong/kaia_ws/install/kaiaai_web/share/kaiaai_web/hook/ament_prefix_path.ps1'
[0.425s] INFO:colcon.colcon_core.shell:Creating environment descriptor '/home/duong/kaia_ws/install/kaiaai_web/share/kaiaai_web/hook/ament_prefix_path.dsv'
[0.426s] INFO:colcon.colcon_core.shell:Creating environment hook '/home/duong/kaia_ws/install/kaiaai_web/share/kaiaai_web/hook/ament_prefix_path.sh'
[0.426s] INFO:colcon.colcon_core.shell:Skip shell extension 'powershell' for command environment: Not usable outside of PowerShell
[0.426s] DEBUG:colcon.colcon_core.shell:Skip shell extension 'dsv' for command environment
[0.430s] INFO:colcon.colcon_ros.task.ament_cmake.build:Building ROS package in '/home/duong/kaia_ws/src/makerspet_fido' with build type 'ament_cmake'
[0.430s] INFO:colcon.colcon_cmake.task.cmake.build:Building CMake package in '/home/duong/kaia_ws/src/makerspet_fido'
[0.430s] INFO:colcon.colcon_core.shell:Skip shell extension 'powershell' for command environment: Not usable outside of PowerShell
[0.430s] DEBUG:colcon.colcon_core.shell:Skip shell extension 'dsv' for command environment
[0.434s] INFO:colcon.colcon_ros.task.ament_python.build:Building ROS package in '/home/duong/kaia_ws/src/nav2_wfe' with build type 'ament_python'
[0.434s] Level 1:colcon.colcon_core.shell:create_environment_hook('nav2_wfd', 'ament_prefix_path')
[0.434s] INFO:colcon.colcon_core.shell:Creating environment hook '/home/duong/kaia_ws/install/nav2_wfd/share/nav2_wfd/hook/ament_prefix_path.ps1'
[0.435s] INFO:colcon.colcon_core.shell:Creating environment descriptor '/home/duong/kaia_ws/install/nav2_wfd/share/nav2_wfd/hook/ament_prefix_path.dsv'
[0.435s] INFO:colcon.colcon_core.shell:Creating environment hook '/home/duong/kaia_ws/install/nav2_wfd/share/nav2_wfd/hook/ament_prefix_path.sh'
[0.436s] INFO:colcon.colcon_core.shell:Skip shell extension 'powershell' for command environment: Not usable outside of PowerShell
[0.436s] DEBUG:colcon.colcon_core.shell:Skip shell extension 'dsv' for command environment
[0.673s] INFO:colcon.colcon_core.task.python.build:Building Python package in '/home/duong/kaia_ws/src/kaiaai'
[0.674s] INFO:colcon.colcon_core.shell:Skip shell extension 'powershell' for command environment: Not usable outside of PowerShell
[0.674s] DEBUG:colcon.colcon_core.shell:Skip shell extension 'dsv' for command environment
[0.684s] DEBUG:colcon.colcon_core.event_handler.log_command:Invoking command in '/home/duong/kaia_ws/build/kaiaai_msgs': CMAKE_PREFIX_PATH=${CMAKE_PREFIX_PATH}:/home/duong/kaia_ws/install/kaiaai:/opt/ros/iron /usr/bin/cmake --build /home/duong/kaia_ws/build/kaiaai_msgs -- -j12 -l12
[1.000s] INFO:colcon.colcon_core.task.python.build:Building Python package in '/home/duong/kaia_ws/src/kaiaai_teleop'
[1.001s] INFO:colcon.colcon_core.shell:Skip shell extension 'powershell' for command environment: Not usable outside of PowerShell
[1.001s] DEBUG:colcon.colcon_core.shell:Skip shell extension 'dsv' for command environment
[1.014s] DEBUG:colcon.colcon_core.event_handler.log_command:Invoking command in '/home/duong/kaia_ws/build/makerspet_loki': CMAKE_PREFIX_PATH=${CMAKE_PREFIX_PATH}:/home/duong/kaia_ws/install/kaiaai:/opt/ros/iron /usr/bin/cmake --build /home/duong/kaia_ws/build/makerspet_loki -- -j12 -l12
[1.019s] DEBUG:colcon.colcon_core.event_handler.log_command:Invoking command in '/home/duong/kaia_ws/build/makerspet_mini': CMAKE_PREFIX_PATH=${CMAKE_PREFIX_PATH}:/home/duong/kaia_ws/install/kaiaai:/opt/ros/iron /usr/bin/cmake --build /home/duong/kaia_ws/build/makerspet_mini -- -j12 -l12
[1.024s] DEBUG:colcon.colcon_core.event_handler.log_command:Invoking command in '/home/duong/kaia_ws/build/makerspet_snoopy': CMAKE_PREFIX_PATH=${CMAKE_PREFIX_PATH}:/home/duong/kaia_ws/install/kaiaai:/opt/ros/iron /usr/bin/cmake --build /home/duong/kaia_ws/build/makerspet_snoopy -- -j12 -l12
[1.029s] DEBUG:colcon.colcon_core.event_handler.log_command:Invoking command in '/home/duong/kaia_ws/build/auto_mapper': CMAKE_PREFIX_PATH=${CMAKE_PREFIX_PATH}:/home/duong/kaia_ws/install/kaiaai:/opt/ros/iron /usr/bin/cmake /home/duong/kaia_ws/src/auto_mapper -DAMENT_CMAKE_SYMLINK_INSTALL=1 -DCMAKE_INSTALL_PREFIX=/home/duong/kaia_ws/install/auto_mapper
[1.034s] DEBUG:colcon.colcon_core.event_handler.log_command:Invoking command in '/home/duong/kaia_ws/build/explore_lite': CMAKE_PREFIX_PATH=${CMAKE_PREFIX_PATH}:/home/duong/kaia_ws/install/kaiaai:/opt/ros/iron /usr/bin/cmake /home/duong/kaia_ws/src/m-explore-ros2/explore -DAMENT_CMAKE_SYMLINK_INSTALL=1 -DCMAKE_INSTALL_PREFIX=/home/duong/kaia_ws/install/explore_lite
[1.340s] INFO:colcon.colcon_core.task.python.build:Building Python package in '/home/duong/kaia_ws/src/kaiaai_apps'
[1.341s] INFO:colcon.colcon_core.shell:Skip shell extension 'powershell' for command environment: Not usable outside of PowerShell
[1.341s] DEBUG:colcon.colcon_core.shell:Skip shell extension 'dsv' for command environment
[1.633s] INFO:colcon.colcon_core.task.python.build:Building Python package in '/home/duong/kaia_ws/src/kaiaai_web'
[1.633s] INFO:colcon.colcon_core.shell:Skip shell extension 'powershell' for command environment: Not usable outside of PowerShell
[1.633s] DEBUG:colcon.colcon_core.shell:Skip shell extension 'dsv' for command environment
[1.647s] DEBUG:colcon.colcon_core.event_handler.log_command:Invoking command in '/home/duong/kaia_ws/build/makerspet_fido': CMAKE_PREFIX_PATH=${CMAKE_PREFIX_PATH}:/home/duong/kaia_ws/install/kaiaai:/opt/ros/iron /usr/bin/cmake --build /home/duong/kaia_ws/build/makerspet_fido -- -j12 -l12
[1.957s] INFO:colcon.colcon_core.task.python.build:Building Python package in '/home/duong/kaia_ws/src/nav2_wfe'
[1.958s] INFO:colcon.colcon_core.shell:Skip shell extension 'powershell' for command environment: Not usable outside of PowerShell
[1.958s] DEBUG:colcon.colcon_core.shell:Skip shell extension 'dsv' for command environment
[1.968s] DEBUG:colcon.colcon_core.event_handler.log_command:Invoked command in '/home/duong/kaia_ws/build/makerspet_mini' returned '0': CMAKE_PREFIX_PATH=${CMAKE_PREFIX_PATH}:/home/duong/kaia_ws/install/kaiaai:/opt/ros/iron /usr/bin/cmake --build /home/duong/kaia_ws/build/makerspet_mini -- -j12 -l12
[1.982s] DEBUG:colcon.colcon_core.event_handler.log_command:Invoking command in '/home/duong/kaia_ws/build/makerspet_mini': CMAKE_PREFIX_PATH=${CMAKE_PREFIX_PATH}:/home/duong/kaia_ws/install/kaiaai:/opt/ros/iron /usr/bin/cmake --install /home/duong/kaia_ws/build/makerspet_mini
[1.982s] DEBUG:colcon.colcon_core.event_handler.log_command:Invoked command in '/home/duong/kaia_ws/build/makerspet_snoopy' returned '0': CMAKE_PREFIX_PATH=${CMAKE_PREFIX_PATH}:/home/duong/kaia_ws/install/kaiaai:/opt/ros/iron /usr/bin/cmake --build /home/duong/kaia_ws/build/makerspet_snoopy -- -j12 -l12
[1.985s] DEBUG:colcon.colcon_core.event_handler.log_command:Invoking command in '/home/duong/kaia_ws/build/makerspet_snoopy': CMAKE_PREFIX_PATH=${CMAKE_PREFIX_PATH}:/home/duong/kaia_ws/install/kaiaai:/opt/ros/iron /usr/bin/cmake --install /home/duong/kaia_ws/build/makerspet_snoopy
[1.985s] DEBUG:colcon.colcon_core.event_handler.log_command:Invoked command in '/home/duong/kaia_ws/build/makerspet_loki' returned '0': CMAKE_PREFIX_PATH=${CMAKE_PREFIX_PATH}:/home/duong/kaia_ws/install/kaiaai:/opt/ros/iron /usr/bin/cmake --build /home/duong/kaia_ws/build/makerspet_loki -- -j12 -l12
[1.987s] DEBUG:colcon.colcon_core.event_handler.log_command:Invoking command in '/home/duong/kaia_ws/build/makerspet_loki': CMAKE_PREFIX_PATH=${CMAKE_PREFIX_PATH}:/home/duong/kaia_ws/install/kaiaai:/opt/ros/iron /usr/bin/cmake --install /home/duong/kaia_ws/build/makerspet_loki
[1.989s] DEBUG:colcon.colcon_core.event_handler.log_command:Invoked command in '/home/duong/kaia_ws/build/kaiaai_msgs' returned '0': CMAKE_PREFIX_PATH=${CMAKE_PREFIX_PATH}:/home/duong/kaia_ws/install/kaiaai:/opt/ros/iron /usr/bin/cmake --build /home/duong/kaia_ws/build/kaiaai_msgs -- -j12 -l12
[1.991s] DEBUG:colcon.colcon_core.event_handler.log_command:Invoking command in '/home/duong/kaia_ws/build/kaiaai_msgs': CMAKE_PREFIX_PATH=${CMAKE_PREFIX_PATH}:/home/duong/kaia_ws/install/kaiaai:/opt/ros/iron /usr/bin/cmake --install /home/duong/kaia_ws/build/kaiaai_msgs
[2.049s] Level 1:colcon.colcon_core.environment:create_environment_scripts_only(makerspet_snoopy)
[2.059s] DEBUG:colcon.colcon_core.event_handler.log_command:Invoked command in '/home/duong/kaia_ws/build/makerspet_fido' returned '0': CMAKE_PREFIX_PATH=${CMAKE_PREFIX_PATH}:/home/duong/kaia_ws/install/kaiaai:/opt/ros/iron /usr/bin/cmake --build /home/duong/kaia_ws/build/makerspet_fido -- -j12 -l12
[2.060s] DEBUG:colcon.colcon_core.event_handler.log_command:Invoking command in '/home/duong/kaia_ws/build/makerspet_fido': CMAKE_PREFIX_PATH=${CMAKE_PREFIX_PATH}:/home/duong/kaia_ws/install/kaiaai:/opt/ros/iron /usr/bin/cmake --install /home/duong/kaia_ws/build/makerspet_fido
[2.077s] Level 1:colcon.colcon_core.environment:checking '/home/duong/kaia_ws/install/makerspet_snoopy' for CMake module files
[2.077s] DEBUG:colcon.colcon_core.event_handler.log_command:Invoked command in '/home/duong/kaia_ws/build/makerspet_snoopy' returned '0': CMAKE_PREFIX_PATH=${CMAKE_PREFIX_PATH}:/home/duong/kaia_ws/install/kaiaai:/opt/ros/iron /usr/bin/cmake --install /home/duong/kaia_ws/build/makerspet_snoopy
[2.082s] Level 1:colcon.colcon_core.environment:checking '/home/duong/kaia_ws/install/makerspet_snoopy' for CMake config files
[2.089s] Level 1:colcon.colcon_core.shell:create_environment_hook('makerspet_snoopy', 'cmake_prefix_path')
[2.089s] INFO:colcon.colcon_core.shell:Creating environment hook '/home/duong/kaia_ws/install/makerspet_snoopy/share/makerspet_snoopy/hook/cmake_prefix_path.ps1'
[2.090s] INFO:colcon.colcon_core.shell:Creating environment descriptor '/home/duong/kaia_ws/install/makerspet_snoopy/share/makerspet_snoopy/hook/cmake_prefix_path.dsv'
[2.091s] INFO:colcon.colcon_core.shell:Creating environment hook '/home/duong/kaia_ws/install/makerspet_snoopy/share/makerspet_snoopy/hook/cmake_prefix_path.sh'
[2.093s] Level 1:colcon.colcon_core.environment:checking '/home/duong/kaia_ws/install/makerspet_snoopy/bin'
[2.093s] Level 1:colcon.colcon_core.environment:checking '/home/duong/kaia_ws/install/makerspet_snoopy/lib/pkgconfig/makerspet_snoopy.pc'
[2.094s] Level 1:colcon.colcon_core.environment:checking '/home/duong/kaia_ws/install/makerspet_snoopy/lib/python3.10/site-packages'
[2.094s] Level 1:colcon.colcon_core.environment:checking '/home/duong/kaia_ws/install/makerspet_snoopy/bin'
[2.095s] INFO:colcon.colcon_core.shell:Creating package script '/home/duong/kaia_ws/install/makerspet_snoopy/share/makerspet_snoopy/package.ps1'
[2.098s] INFO:colcon.colcon_core.shell:Creating package descriptor '/home/duong/kaia_ws/install/makerspet_snoopy/share/makerspet_snoopy/package.dsv'
[2.099s] INFO:colcon.colcon_core.shell:Creating package script '/home/duong/kaia_ws/install/makerspet_snoopy/share/makerspet_snoopy/package.sh'
[2.101s] INFO:colcon.colcon_core.shell:Creating package script '/home/duong/kaia_ws/install/makerspet_snoopy/share/makerspet_snoopy/package.bash'
[2.102s] INFO:colcon.colcon_core.shell:Creating package script '/home/duong/kaia_ws/install/makerspet_snoopy/share/makerspet_snoopy/package.zsh'
[2.104s] Level 1:colcon.colcon_core.environment:create_file_with_runtime_dependencies(/home/duong/kaia_ws/install/makerspet_snoopy/share/colcon-core/packages/makerspet_snoopy)
[2.105s] Level 1:colcon.colcon_core.environment:create_environment_scripts_only(makerspet_snoopy)
[2.106s] Level 1:colcon.colcon_core.environment:checking '/home/duong/kaia_ws/install/makerspet_snoopy' for CMake module files
[2.107s] Level 1:colcon.colcon_core.environment:checking '/home/duong/kaia_ws/install/makerspet_snoopy' for CMake config files
[2.108s] Level 1:colcon.colcon_core.shell:create_environment_hook('makerspet_snoopy', 'cmake_prefix_path')
[2.109s] INFO:colcon.colcon_core.shell:Creating environment hook '/home/duong/kaia_ws/install/makerspet_snoopy/share/makerspet_snoopy/hook/cmake_prefix_path.ps1'
[2.110s] INFO:colcon.colcon_core.shell:Creating environment descriptor '/home/duong/kaia_ws/install/makerspet_snoopy/share/makerspet_snoopy/hook/cmake_prefix_path.dsv'
[2.111s] INFO:colcon.colcon_core.shell:Creating environment hook '/home/duong/kaia_ws/install/makerspet_snoopy/share/makerspet_snoopy/hook/cmake_prefix_path.sh'
[2.112s] Level 1:colcon.colcon_core.environment:checking '/home/duong/kaia_ws/install/makerspet_snoopy/bin'
[2.112s] Level 1:colcon.colcon_core.environment:checking '/home/duong/kaia_ws/install/makerspet_snoopy/lib/pkgconfig/makerspet_snoopy.pc'
[2.113s] Level 1:colcon.colcon_core.environment:checking '/home/duong/kaia_ws/install/makerspet_snoopy/lib/python3.10/site-packages'
[2.113s] Level 1:colcon.colcon_core.environment:checking '/home/duong/kaia_ws/install/makerspet_snoopy/bin'
[2.114s] INFO:colcon.colcon_core.shell:Creating package script '/home/duong/kaia_ws/install/makerspet_snoopy/share/makerspet_snoopy/package.ps1'
[2.116s] INFO:colcon.colcon_core.shell:Creating package descriptor '/home/duong/kaia_ws/install/makerspet_snoopy/share/makerspet_snoopy/package.dsv'
[2.117s] INFO:colcon.colcon_core.shell:Creating package script '/home/duong/kaia_ws/install/makerspet_snoopy/share/makerspet_snoopy/package.sh'
[2.118s] INFO:colcon.colcon_core.shell:Creating package script '/home/duong/kaia_ws/install/makerspet_snoopy/share/makerspet_snoopy/package.bash'
[2.119s] INFO:colcon.colcon_core.shell:Creating package script '/home/duong/kaia_ws/install/makerspet_snoopy/share/makerspet_snoopy/package.zsh'
[2.120s] Level 1:colcon.colcon_core.environment:create_file_with_runtime_dependencies(/home/duong/kaia_ws/install/makerspet_snoopy/share/colcon-core/packages/makerspet_snoopy)
[2.121s] Level 1:colcon.colcon_core.environment:create_environment_scripts_only(makerspet_mini)
[2.122s] Level 1:colcon.colcon_core.environment:checking '/home/duong/kaia_ws/install/makerspet_mini' for CMake module files
[2.124s] DEBUG:colcon.colcon_core.event_handler.log_command:Invoked command in '/home/duong/kaia_ws/build/makerspet_mini' returned '0': CMAKE_PREFIX_PATH=${CMAKE_PREFIX_PATH}:/home/duong/kaia_ws/install/kaiaai:/opt/ros/iron /usr/bin/cmake --install /home/duong/kaia_ws/build/makerspet_mini
[2.124s] Level 1:colcon.colcon_core.environment:checking '/home/duong/kaia_ws/install/makerspet_mini' for CMake config files
[2.126s] Level 1:colcon.colcon_core.shell:create_environment_hook('makerspet_mini', 'cmake_prefix_path')
[2.126s] INFO:colcon.colcon_core.shell:Creating environment hook '/home/duong/kaia_ws/install/makerspet_mini/share/makerspet_mini/hook/cmake_prefix_path.ps1'
[2.127s] INFO:colcon.colcon_core.shell:Creating environment descriptor '/home/duong/kaia_ws/install/makerspet_mini/share/makerspet_mini/hook/cmake_prefix_path.dsv'
[2.128s] INFO:colcon.colcon_core.shell:Creating environment hook '/home/duong/kaia_ws/install/makerspet_mini/share/makerspet_mini/hook/cmake_prefix_path.sh'
[2.129s] Level 1:colcon.colcon_core.environment:checking '/home/duong/kaia_ws/install/makerspet_mini/bin'
[2.130s] Level 1:colcon.colcon_core.environment:checking '/home/duong/kaia_ws/install/makerspet_mini/lib/pkgconfig/makerspet_mini.pc'
[2.130s] Level 1:colcon.colcon_core.environment:checking '/home/duong/kaia_ws/install/makerspet_mini/lib/python3.10/site-packages'
[2.131s] Level 1:colcon.colcon_core.environment:checking '/home/duong/kaia_ws/install/makerspet_mini/bin'
[2.131s] INFO:colcon.colcon_core.shell:Creating package script '/home/duong/kaia_ws/install/makerspet_mini/share/makerspet_mini/package.ps1'
[2.133s] INFO:colcon.colcon_core.shell:Creating package descriptor '/home/duong/kaia_ws/install/makerspet_mini/share/makerspet_mini/package.dsv'
[2.134s] INFO:colcon.colcon_core.shell:Creating package script '/home/duong/kaia_ws/install/makerspet_mini/share/makerspet_mini/package.sh'
[2.135s] INFO:colcon.colcon_core.shell:Creating package script '/home/duong/kaia_ws/install/makerspet_mini/share/makerspet_mini/package.bash'
[2.136s] INFO:colcon.colcon_core.shell:Creating package script '/home/duong/kaia_ws/install/makerspet_mini/share/makerspet_mini/package.zsh'
[2.138s] Level 1:colcon.colcon_core.environment:create_file_with_runtime_dependencies(/home/duong/kaia_ws/install/makerspet_mini/share/colcon-core/packages/makerspet_mini)
[2.139s] Level 1:colcon.colcon_core.environment:create_environment_scripts_only(makerspet_mini)
[2.140s] Level 1:colcon.colcon_core.environment:checking '/home/duong/kaia_ws/install/makerspet_mini' for CMake module files
[2.141s] Level 1:colcon.colcon_core.environment:checking '/home/duong/kaia_ws/install/makerspet_mini' for CMake config files
[2.142s] Level 1:colcon.colcon_core.shell:create_environment_hook('makerspet_mini', 'cmake_prefix_path')
[2.142s] INFO:colcon.colcon_core.shell:Creating environment hook '/home/duong/kaia_ws/install/makerspet_mini/share/makerspet_mini/hook/cmake_prefix_path.ps1'
[2.145s] INFO:colcon.colcon_core.shell:Creating environment descriptor '/home/duong/kaia_ws/install/makerspet_mini/share/makerspet_mini/hook/cmake_prefix_path.dsv'
[2.147s] INFO:colcon.colcon_core.shell:Creating environment hook '/home/duong/kaia_ws/install/makerspet_mini/share/makerspet_mini/hook/cmake_prefix_path.sh'
[2.149s] Level 1:colcon.colcon_core.environment:checking '/home/duong/kaia_ws/install/makerspet_mini/bin'
[2.149s] Level 1:colcon.colcon_core.environment:checking '/home/duong/kaia_ws/install/makerspet_mini/lib/pkgconfig/makerspet_mini.pc'
[2.150s] Level 1:colcon.colcon_core.environment:checking '/home/duong/kaia_ws/install/makerspet_mini/lib/python3.10/site-packages'
[2.150s] Level 1:colcon.colcon_core.environment:checking '/home/duong/kaia_ws/install/makerspet_mini/bin'
[2.151s] INFO:colcon.colcon_core.shell:Creating package script '/home/duong/kaia_ws/install/makerspet_mini/share/makerspet_mini/package.ps1'
[2.152s] INFO:colcon.colcon_core.shell:Creating package descriptor '/home/duong/kaia_ws/install/makerspet_mini/share/makerspet_mini/package.dsv'
[2.153s] INFO:colcon.colcon_core.shell:Creating package script '/home/duong/kaia_ws/install/makerspet_mini/share/makerspet_mini/package.sh'
[2.155s] INFO:colcon.colcon_core.shell:Creating package script '/home/duong/kaia_ws/install/makerspet_mini/share/makerspet_mini/package.bash'
[2.156s] INFO:colcon.colcon_core.shell:Creating package script '/home/duong/kaia_ws/install/makerspet_mini/share/makerspet_mini/package.zsh'
[2.156s] Level 1:colcon.colcon_core.environment:create_file_with_runtime_dependencies(/home/duong/kaia_ws/install/makerspet_mini/share/colcon-core/packages/makerspet_mini)
[2.159s] Level 1:colcon.colcon_core.environment:create_environment_scripts_only(makerspet_loki)
[2.160s] Level 1:colcon.colcon_core.environment:checking '/home/duong/kaia_ws/install/makerspet_loki' for CMake module files
[2.161s] DEBUG:colcon.colcon_core.event_handler.log_command:Invoked command in '/home/duong/kaia_ws/build/makerspet_loki' returned '0': CMAKE_PREFIX_PATH=${CMAKE_PREFIX_PATH}:/home/duong/kaia_ws/install/kaiaai:/opt/ros/iron /usr/bin/cmake --install /home/duong/kaia_ws/build/makerspet_loki
[2.162s] Level 1:colcon.colcon_core.environment:checking '/home/duong/kaia_ws/install/makerspet_loki' for CMake config files
[2.164s] Level 1:colcon.colcon_core.shell:create_environment_hook('makerspet_loki', 'cmake_prefix_path')
[2.164s] INFO:colcon.colcon_core.shell:Creating environment hook '/home/duong/kaia_ws/install/makerspet_loki/share/makerspet_loki/hook/cmake_prefix_path.ps1'
[2.165s] INFO:colcon.colcon_core.shell:Creating environment descriptor '/home/duong/kaia_ws/install/makerspet_loki/share/makerspet_loki/hook/cmake_prefix_path.dsv'
[2.166s] INFO:colcon.colcon_core.shell:Creating environment hook '/home/duong/kaia_ws/install/makerspet_loki/share/makerspet_loki/hook/cmake_prefix_path.sh'
[2.167s] Level 1:colcon.colcon_core.environment:checking '/home/duong/kaia_ws/install/makerspet_loki/bin'
[2.167s] Level 1:colcon.colcon_core.environment:checking '/home/duong/kaia_ws/install/makerspet_loki/lib/pkgconfig/makerspet_loki.pc'
[2.168s] Level 1:colcon.colcon_core.environment:checking '/home/duong/kaia_ws/install/makerspet_loki/lib/python3.10/site-packages'
[2.169s] Level 1:colcon.colcon_core.environment:checking '/home/duong/kaia_ws/install/makerspet_loki/bin'
[2.169s] INFO:colcon.colcon_core.shell:Creating package script '/home/duong/kaia_ws/install/makerspet_loki/share/makerspet_loki/package.ps1'
[2.171s] INFO:colcon.colcon_core.shell:Creating package descriptor '/home/duong/kaia_ws/install/makerspet_loki/share/makerspet_loki/package.dsv'
[2.172s] INFO:colcon.colcon_core.shell:Creating package script '/home/duong/kaia_ws/install/makerspet_loki/share/makerspet_loki/package.sh'
[2.172s] INFO:colcon.colcon_core.shell:Creating package script '/home/duong/kaia_ws/install/makerspet_loki/share/makerspet_loki/package.bash'
[2.173s] INFO:colcon.colcon_core.shell:Creating package script '/home/duong/kaia_ws/install/makerspet_loki/share/makerspet_loki/package.zsh'
[2.174s] Level 1:colcon.colcon_core.environment:create_file_with_runtime_dependencies(/home/duong/kaia_ws/install/makerspet_loki/share/colcon-core/packages/makerspet_loki)
[2.175s] Level 1:colcon.colcon_core.environment:create_environment_scripts_only(makerspet_loki)
[2.176s] Level 1:colcon.colcon_core.environment:checking '/home/duong/kaia_ws/install/makerspet_loki' for CMake module files
[2.177s] Level 1:colcon.colcon_core.environment:checking '/home/duong/kaia_ws/install/makerspet_loki' for CMake config files
[2.178s] Level 1:colcon.colcon_core.shell:create_environment_hook('makerspet_loki', 'cmake_prefix_path')
[2.179s] INFO:colcon.colcon_core.shell:Creating environment hook '/home/duong/kaia_ws/install/makerspet_loki/share/makerspet_loki/hook/cmake_prefix_path.ps1'
[2.180s] INFO:colcon.colcon_core.shell:Creating environment descriptor '/home/duong/kaia_ws/install/makerspet_loki/share/makerspet_loki/hook/cmake_prefix_path.dsv'
[2.180s] INFO:colcon.colcon_core.shell:Creating environment hook '/home/duong/kaia_ws/install/makerspet_loki/share/makerspet_loki/hook/cmake_prefix_path.sh'
[2.182s] Level 1:colcon.colcon_core.environment:checking '/home/duong/kaia_ws/install/makerspet_loki/bin'
[2.182s] Level 1:colcon.colcon_core.environment:checking '/home/duong/kaia_ws/install/makerspet_loki/lib/pkgconfig/makerspet_loki.pc'
[2.182s] Level 1:colcon.colcon_core.environment:checking '/home/duong/kaia_ws/install/makerspet_loki/lib/python3.10/site-packages'
[2.183s] Level 1:colcon.colcon_core.environment:checking '/home/duong/kaia_ws/install/makerspet_loki/bin'
[2.184s] INFO:colcon.colcon_core.shell:Creating package script '/home/duong/kaia_ws/install/makerspet_loki/share/makerspet_loki/package.ps1'
[2.185s] INFO:colcon.colcon_core.shell:Creating package descriptor '/home/duong/kaia_ws/install/makerspet_loki/share/makerspet_loki/package.dsv'
[2.186s] INFO:colcon.colcon_core.shell:Creating package script '/home/duong/kaia_ws/install/makerspet_loki/share/makerspet_loki/package.sh'
[2.187s] INFO:colcon.colcon_core.shell:Creating package script '/home/duong/kaia_ws/install/makerspet_loki/share/makerspet_loki/package.bash'
[2.188s] INFO:colcon.colcon_core.shell:Creating package script '/home/duong/kaia_ws/install/makerspet_loki/share/makerspet_loki/package.zsh'
[2.189s] Level 1:colcon.colcon_core.environment:create_file_with_runtime_dependencies(/home/duong/kaia_ws/install/makerspet_loki/share/colcon-core/packages/makerspet_loki)
[2.189s] Level 1:colcon.colcon_core.environment:create_environment_scripts_only(makerspet_fido)
[2.190s] Level 1:colcon.colcon_core.environment:checking '/home/duong/kaia_ws/install/makerspet_fido' for CMake module files
[2.193s] DEBUG:colcon.colcon_core.event_handler.log_command:Invoked command in '/home/duong/kaia_ws/build/makerspet_fido' returned '0': CMAKE_PREFIX_PATH=${CMAKE_PREFIX_PATH}:/home/duong/kaia_ws/install/kaiaai:/opt/ros/iron /usr/bin/cmake --install /home/duong/kaia_ws/build/makerspet_fido
[2.194s] Level 1:colcon.colcon_core.environment:checking '/home/duong/kaia_ws/install/makerspet_fido' for CMake config files
[2.195s] Level 1:colcon.colcon_core.shell:create_environment_hook('makerspet_fido', 'cmake_prefix_path')
[2.195s] INFO:colcon.colcon_core.shell:Creating environment hook '/home/duong/kaia_ws/install/makerspet_fido/share/makerspet_fido/hook/cmake_prefix_path.ps1'
[2.197s] INFO:colcon.colcon_core.shell:Creating environment descriptor '/home/duong/kaia_ws/install/makerspet_fido/share/makerspet_fido/hook/cmake_prefix_path.dsv'
[2.197s] INFO:colcon.colcon_core.shell:Creating environment hook '/home/duong/kaia_ws/install/makerspet_fido/share/makerspet_fido/hook/cmake_prefix_path.sh'
[2.198s] Level 1:colcon.colcon_core.environment:checking '/home/duong/kaia_ws/install/makerspet_fido/bin'
[2.198s] Level 1:colcon.colcon_core.environment:checking '/home/duong/kaia_ws/install/makerspet_fido/lib/pkgconfig/makerspet_fido.pc'
[2.199s] Level 1:colcon.colcon_core.environment:checking '/home/duong/kaia_ws/install/makerspet_fido/lib/python3.10/site-packages'
[2.200s] Level 1:colcon.colcon_core.environment:checking '/home/duong/kaia_ws/install/makerspet_fido/bin'
[2.200s] INFO:colcon.colcon_core.shell:Creating package script '/home/duong/kaia_ws/install/makerspet_fido/share/makerspet_fido/package.ps1'
[2.202s] INFO:colcon.colcon_core.shell:Creating package descriptor '/home/duong/kaia_ws/install/makerspet_fido/share/makerspet_fido/package.dsv'
[2.202s] INFO:colcon.colcon_core.shell:Creating package script '/home/duong/kaia_ws/install/makerspet_fido/share/makerspet_fido/package.sh'
[2.203s] INFO:colcon.colcon_core.shell:Creating package script '/home/duong/kaia_ws/install/makerspet_fido/share/makerspet_fido/package.bash'
[2.204s] INFO:colcon.colcon_core.shell:Creating package script '/home/duong/kaia_ws/install/makerspet_fido/share/makerspet_fido/package.zsh'
[2.205s] Level 1:colcon.colcon_core.environment:create_file_with_runtime_dependencies(/home/duong/kaia_ws/install/makerspet_fido/share/colcon-core/packages/makerspet_fido)
[2.206s] Level 1:colcon.colcon_core.environment:create_environment_scripts_only(makerspet_fido)
[2.207s] Level 1:colcon.colcon_core.environment:checking '/home/duong/kaia_ws/install/makerspet_fido' for CMake module files
[2.208s] Level 1:colcon.colcon_core.environment:checking '/home/duong/kaia_ws/install/makerspet_fido' for CMake config files
[2.209s] Level 1:colcon.colcon_core.shell:create_environment_hook('makerspet_fido', 'cmake_prefix_path')
[2.210s] INFO:colcon.colcon_core.shell:Creating environment hook '/home/duong/kaia_ws/install/makerspet_fido/share/makerspet_fido/hook/cmake_prefix_path.ps1'
[2.211s] INFO:colcon.colcon_core.shell:Creating environment descriptor '/home/duong/kaia_ws/install/makerspet_fido/share/makerspet_fido/hook/cmake_prefix_path.dsv'
[2.211s] INFO:colcon.colcon_core.shell:Creating environment hook '/home/duong/kaia_ws/install/makerspet_fido/share/makerspet_fido/hook/cmake_prefix_path.sh'
[2.212s] Level 1:colcon.colcon_core.environment:checking '/home/duong/kaia_ws/install/makerspet_fido/bin'
[2.213s] Level 1:colcon.colcon_core.environment:checking '/home/duong/kaia_ws/install/makerspet_fido/lib/pkgconfig/makerspet_fido.pc'
[2.213s] Level 1:colcon.colcon_core.environment:checking '/home/duong/kaia_ws/install/makerspet_fido/lib/python3.10/site-packages'
[2.214s] Level 1:colcon.colcon_core.environment:checking '/home/duong/kaia_ws/install/makerspet_fido/bin'
[2.214s] INFO:colcon.colcon_core.shell:Creating package script '/home/duong/kaia_ws/install/makerspet_fido/share/makerspet_fido/package.ps1'
[2.216s] INFO:colcon.colcon_core.shell:Creating package descriptor '/home/duong/kaia_ws/install/makerspet_fido/share/makerspet_fido/package.dsv'
[2.217s] INFO:colcon.colcon_core.shell:Creating package script '/home/duong/kaia_ws/install/makerspet_fido/share/makerspet_fido/package.sh'
[2.218s] INFO:colcon.colcon_core.shell:Creating package script '/home/duong/kaia_ws/install/makerspet_fido/share/makerspet_fido/package.bash'
[2.219s] INFO:colcon.colcon_core.shell:Creating package script '/home/duong/kaia_ws/install/makerspet_fido/share/makerspet_fido/package.zsh'
[2.220s] Level 1:colcon.colcon_core.environment:create_file_with_runtime_dependencies(/home/duong/kaia_ws/install/makerspet_fido/share/colcon-core/packages/makerspet_fido)
[2.221s] Level 1:colcon.colcon_core.environment:create_environment_scripts_only(kaiaai_msgs)
[2.221s] Level 1:colcon.colcon_core.environment:checking '/home/duong/kaia_ws/install/kaiaai_msgs' for CMake module files
[2.223s] DEBUG:colcon.colcon_core.event_handler.log_command:Invoked command in '/home/duong/kaia_ws/build/kaiaai_msgs' returned '0': CMAKE_PREFIX_PATH=${CMAKE_PREFIX_PATH}:/home/duong/kaia_ws/install/kaiaai:/opt/ros/iron /usr/bin/cmake --install /home/duong/kaia_ws/build/kaiaai_msgs
[2.224s] Level 1:colcon.colcon_core.environment:checking '/home/duong/kaia_ws/install/kaiaai_msgs' for CMake config files
[2.225s] Level 1:colcon.colcon_core.shell:create_environment_hook('kaiaai_msgs', 'cmake_prefix_path')
[2.226s] INFO:colcon.colcon_core.shell:Creating environment hook '/home/duong/kaia_ws/install/kaiaai_msgs/share/kaiaai_msgs/hook/cmake_prefix_path.ps1'
[2.227s] INFO:colcon.colcon_core.shell:Creating environment descriptor '/home/duong/kaia_ws/install/kaiaai_msgs/share/kaiaai_msgs/hook/cmake_prefix_path.dsv'
[2.228s] INFO:colcon.colcon_core.shell:Creating environment hook '/home/duong/kaia_ws/install/kaiaai_msgs/share/kaiaai_msgs/hook/cmake_prefix_path.sh'
[2.229s] Level 1:colcon.colcon_core.environment:checking '/home/duong/kaia_ws/install/kaiaai_msgs/lib'
[2.229s] Level 1:colcon.colcon_core.shell:create_environment_hook('kaiaai_msgs', 'ld_library_path_lib')
[2.230s] INFO:colcon.colcon_core.shell:Creating environment hook '/home/duong/kaia_ws/install/kaiaai_msgs/share/kaiaai_msgs/hook/ld_library_path_lib.ps1'
[2.231s] INFO:colcon.colcon_core.shell:Creating environment descriptor '/home/duong/kaia_ws/install/kaiaai_msgs/share/kaiaai_msgs/hook/ld_library_path_lib.dsv'
[2.231s] INFO:colcon.colcon_core.shell:Creating environment hook '/home/duong/kaia_ws/install/kaiaai_msgs/share/kaiaai_msgs/hook/ld_library_path_lib.sh'
[2.232s] Level 1:colcon.colcon_core.environment:checking '/home/duong/kaia_ws/install/kaiaai_msgs/bin'
[2.233s] Level 1:colcon.colcon_core.environment:checking '/home/duong/kaia_ws/install/kaiaai_msgs/lib/pkgconfig/kaiaai_msgs.pc'
[2.233s] Level 1:colcon.colcon_core.environment:checking '/home/duong/kaia_ws/install/kaiaai_msgs/lib/python3.10/site-packages'
[2.233s] Level 1:colcon.colcon_core.shell:create_environment_hook('kaiaai_msgs', 'pythonpath')
[2.234s] INFO:colcon.colcon_core.shell:Creating environment hook '/home/duong/kaia_ws/install/kaiaai_msgs/share/kaiaai_msgs/hook/pythonpath.ps1'
[2.235s] INFO:colcon.colcon_core.shell:Creating environment descriptor '/home/duong/kaia_ws/install/kaiaai_msgs/share/kaiaai_msgs/hook/pythonpath.dsv'
[2.235s] INFO:colcon.colcon_core.shell:Creating environment hook '/home/duong/kaia_ws/install/kaiaai_msgs/share/kaiaai_msgs/hook/pythonpath.sh'
[2.237s] Level 1:colcon.colcon_core.environment:checking '/home/duong/kaia_ws/install/kaiaai_msgs/bin'
[2.238s] INFO:colcon.colcon_core.shell:Creating package script '/home/duong/kaia_ws/install/kaiaai_msgs/share/kaiaai_msgs/package.ps1'
[2.240s] INFO:colcon.colcon_core.shell:Creating package descriptor '/home/duong/kaia_ws/install/kaiaai_msgs/share/kaiaai_msgs/package.dsv'
[2.241s] INFO:colcon.colcon_core.shell:Creating package script '/home/duong/kaia_ws/install/kaiaai_msgs/share/kaiaai_msgs/package.sh'
[2.242s] INFO:colcon.colcon_core.shell:Creating package script '/home/duong/kaia_ws/install/kaiaai_msgs/share/kaiaai_msgs/package.bash'
[2.243s] INFO:colcon.colcon_core.shell:Creating package script '/home/duong/kaia_ws/install/kaiaai_msgs/share/kaiaai_msgs/package.zsh'
[2.244s] Level 1:colcon.colcon_core.environment:create_file_with_runtime_dependencies(/home/duong/kaia_ws/install/kaiaai_msgs/share/colcon-core/packages/kaiaai_msgs)
[2.245s] Level 1:colcon.colcon_core.environment:create_environment_scripts_only(kaiaai_msgs)
[2.246s] Level 1:colcon.colcon_core.environment:checking '/home/duong/kaia_ws/install/kaiaai_msgs' for CMake module files
[2.247s] Level 1:colcon.colcon_core.environment:checking '/home/duong/kaia_ws/install/kaiaai_msgs' for CMake config files
[2.248s] Level 1:colcon.colcon_core.shell:create_environment_hook('kaiaai_msgs', 'cmake_prefix_path')
[2.249s] INFO:colcon.colcon_core.shell:Creating environment hook '/home/duong/kaia_ws/install/kaiaai_msgs/share/kaiaai_msgs/hook/cmake_prefix_path.ps1'
[2.250s] INFO:colcon.colcon_core.shell:Creating environment descriptor '/home/duong/kaia_ws/install/kaiaai_msgs/share/kaiaai_msgs/hook/cmake_prefix_path.dsv'
[2.250s] INFO:colcon.colcon_core.shell:Creating environment hook '/home/duong/kaia_ws/install/kaiaai_msgs/share/kaiaai_msgs/hook/cmake_prefix_path.sh'
[2.252s] Level 1:colcon.colcon_core.environment:checking '/home/duong/kaia_ws/install/kaiaai_msgs/lib'
[2.252s] Level 1:colcon.colcon_core.shell:create_environment_hook('kaiaai_msgs', 'ld_library_path_lib')
[2.252s] INFO:colcon.colcon_core.shell:Creating environment hook '/home/duong/kaia_ws/install/kaiaai_msgs/share/kaiaai_msgs/hook/ld_library_path_lib.ps1'
[2.253s] INFO:colcon.colcon_core.shell:Creating environment descriptor '/home/duong/kaia_ws/install/kaiaai_msgs/share/kaiaai_msgs/hook/ld_library_path_lib.dsv'
[2.254s] INFO:colcon.colcon_core.shell:Creating environment hook '/home/duong/kaia_ws/install/kaiaai_msgs/share/kaiaai_msgs/hook/ld_library_path_lib.sh'
[2.255s] Level 1:colcon.colcon_core.environment:checking '/home/duong/kaia_ws/install/kaiaai_msgs/bin'
[2.255s] Level 1:colcon.colcon_core.environment:checking '/home/duong/kaia_ws/install/kaiaai_msgs/lib/pkgconfig/kaiaai_msgs.pc'
[2.255s] Level 1:colcon.colcon_core.environment:checking '/home/duong/kaia_ws/install/kaiaai_msgs/lib/python3.10/site-packages'
[2.255s] Level 1:colcon.colcon_core.shell:create_environment_hook('kaiaai_msgs', 'pythonpath')
[2.256s] INFO:colcon.colcon_core.shell:Creating environment hook '/home/duong/kaia_ws/install/kaiaai_msgs/share/kaiaai_msgs/hook/pythonpath.ps1'
[2.257s] INFO:colcon.colcon_core.shell:Creating environment descriptor '/home/duong/kaia_ws/install/kaiaai_msgs/share/kaiaai_msgs/hook/pythonpath.dsv'
[2.257s] INFO:colcon.colcon_core.shell:Creating environment hook '/home/duong/kaia_ws/install/kaiaai_msgs/share/kaiaai_msgs/hook/pythonpath.sh'
[2.260s] Level 1:colcon.colcon_core.environment:checking '/home/duong/kaia_ws/install/kaiaai_msgs/bin'
[2.260s] INFO:colcon.colcon_core.shell:Creating package script '/home/duong/kaia_ws/install/kaiaai_msgs/share/kaiaai_msgs/package.ps1'
[2.262s] INFO:colcon.colcon_core.shell:Creating package descriptor '/home/duong/kaia_ws/install/kaiaai_msgs/share/kaiaai_msgs/package.dsv'
[2.264s] INFO:colcon.colcon_core.shell:Creating package script '/home/duong/kaia_ws/install/kaiaai_msgs/share/kaiaai_msgs/package.sh'
[2.265s] INFO:colcon.colcon_core.shell:Creating package script '/home/duong/kaia_ws/install/kaiaai_msgs/share/kaiaai_msgs/package.bash'
[2.266s] INFO:colcon.colcon_core.shell:Creating package script '/home/duong/kaia_ws/install/kaiaai_msgs/share/kaiaai_msgs/package.zsh'
[2.267s] Level 1:colcon.colcon_core.environment:create_file_with_runtime_dependencies(/home/duong/kaia_ws/install/kaiaai_msgs/share/colcon-core/packages/kaiaai_msgs)
[2.267s] INFO:colcon.colcon_ros.task.ament_cmake.build:Building ROS package in '/home/duong/kaia_ws/src/kaiaai_telemetry' with build type 'ament_cmake'
[2.268s] INFO:colcon.colcon_cmake.task.cmake.build:Building CMake package in '/home/duong/kaia_ws/src/kaiaai_telemetry'
[2.268s] INFO:colcon.colcon_core.shell:Skip shell extension 'powershell' for command environment: Not usable outside of PowerShell
[2.268s] DEBUG:colcon.colcon_core.shell:Skip shell extension 'dsv' for command environment
[2.292s] DEBUG:colcon.colcon_core.event_handler.log_command:Invoking command in '/home/duong/kaia_ws/build/kaiaai_telemetry': AMENT_PREFIX_PATH=/home/duong/kaia_ws/install/kaiaai_msgs:${AMENT_PREFIX_PATH} CMAKE_PREFIX_PATH=/home/duong/kaia_ws/install/kaiaai_msgs:/home/duong/kaia_ws/install/kaiaai_bringup:/home/duong/kaia_ws/install/kaiaai:/opt/ros/iron LD_LIBRARY_PATH=/home/duong/kaia_ws/install/kaiaai_msgs/lib:${LD_LIBRARY_PATH} PYTHONPATH=/home/duong/kaia_ws/install/kaiaai_msgs/lib/python3.10/site-packages:${PYTHONPATH} /usr/bin/cmake --build /home/duong/kaia_ws/build/kaiaai_telemetry -- -j12 -l12
[2.455s] DEBUG:colcon.colcon_core.event_handler.log_command:Invoked command in '/home/duong/kaia_ws/build/kaiaai_telemetry' returned '0': AMENT_PREFIX_PATH=/home/duong/kaia_ws/install/kaiaai_msgs:${AMENT_PREFIX_PATH} CMAKE_PREFIX_PATH=/home/duong/kaia_ws/install/kaiaai_msgs:/home/duong/kaia_ws/install/kaiaai_bringup:/home/duong/kaia_ws/install/kaiaai:/opt/ros/iron LD_LIBRARY_PATH=/home/duong/kaia_ws/install/kaiaai_msgs/lib:${LD_LIBRARY_PATH} PYTHONPATH=/home/duong/kaia_ws/install/kaiaai_msgs/lib/python3.10/site-packages:${PYTHONPATH} /usr/bin/cmake --build /home/duong/kaia_ws/build/kaiaai_telemetry -- -j12 -l12
[2.459s] DEBUG:colcon.colcon_core.event_handler.log_command:Invoking command in '/home/duong/kaia_ws/build/kaiaai_telemetry': AMENT_PREFIX_PATH=/home/duong/kaia_ws/install/kaiaai_msgs:${AMENT_PREFIX_PATH} CMAKE_PREFIX_PATH=/home/duong/kaia_ws/install/kaiaai_msgs:/home/duong/kaia_ws/install/kaiaai_bringup:/home/duong/kaia_ws/install/kaiaai:/opt/ros/iron LD_LIBRARY_PATH=/home/duong/kaia_ws/install/kaiaai_msgs/lib:${LD_LIBRARY_PATH} PYTHONPATH=/home/duong/kaia_ws/install/kaiaai_msgs/lib/python3.10/site-packages:${PYTHONPATH} /usr/bin/cmake --install /home/duong/kaia_ws/build/kaiaai_telemetry
[2.507s] Level 1:colcon.colcon_core.environment:create_environment_scripts_only(kaiaai_telemetry)
[2.507s] Level 1:colcon.colcon_core.environment:checking '/home/duong/kaia_ws/install/kaiaai_telemetry' for CMake module files
[2.508s] DEBUG:colcon.colcon_core.event_handler.log_command:Invoked command in '/home/duong/kaia_ws/build/kaiaai_telemetry' returned '0': AMENT_PREFIX_PATH=/home/duong/kaia_ws/install/kaiaai_msgs:${AMENT_PREFIX_PATH} CMAKE_PREFIX_PATH=/home/duong/kaia_ws/install/kaiaai_msgs:/home/duong/kaia_ws/install/kaiaai_bringup:/home/duong/kaia_ws/install/kaiaai:/opt/ros/iron LD_LIBRARY_PATH=/home/duong/kaia_ws/install/kaiaai_msgs/lib:${LD_LIBRARY_PATH} PYTHONPATH=/home/duong/kaia_ws/install/kaiaai_msgs/lib/python3.10/site-packages:${PYTHONPATH} /usr/bin/cmake --install /home/duong/kaia_ws/build/kaiaai_telemetry
[2.509s] Level 1:colcon.colcon_core.environment:checking '/home/duong/kaia_ws/install/kaiaai_telemetry' for CMake config files
[2.510s] Level 1:colcon.colcon_core.shell:create_environment_hook('kaiaai_telemetry', 'cmake_prefix_path')
[2.510s] INFO:colcon.colcon_core.shell:Creating environment hook '/home/duong/kaia_ws/install/kaiaai_telemetry/share/kaiaai_telemetry/hook/cmake_prefix_path.ps1'
[2.511s] INFO:colcon.colcon_core.shell:Creating environment descriptor '/home/duong/kaia_ws/install/kaiaai_telemetry/share/kaiaai_telemetry/hook/cmake_prefix_path.dsv'
[2.512s] INFO:colcon.colcon_core.shell:Creating environment hook '/home/duong/kaia_ws/install/kaiaai_telemetry/share/kaiaai_telemetry/hook/cmake_prefix_path.sh'
[2.513s] Level 1:colcon.colcon_core.environment:checking '/home/duong/kaia_ws/install/kaiaai_telemetry/lib'
[2.513s] Level 1:colcon.colcon_core.environment:checking '/home/duong/kaia_ws/install/kaiaai_telemetry/bin'
[2.513s] Level 1:colcon.colcon_core.environment:checking '/home/duong/kaia_ws/install/kaiaai_telemetry/lib/pkgconfig/kaiaai_telemetry.pc'
[2.514s] Level 1:colcon.colcon_core.environment:checking '/home/duong/kaia_ws/install/kaiaai_telemetry/lib/python3.10/site-packages'
[2.515s] Level 1:colcon.colcon_core.environment:checking '/home/duong/kaia_ws/install/kaiaai_telemetry/bin'
[2.515s] INFO:colcon.colcon_core.shell:Creating package script '/home/duong/kaia_ws/install/kaiaai_telemetry/share/kaiaai_telemetry/package.ps1'
[2.516s] INFO:colcon.colcon_core.shell:Creating package descriptor '/home/duong/kaia_ws/install/kaiaai_telemetry/share/kaiaai_telemetry/package.dsv'
[2.517s] INFO:colcon.colcon_core.shell:Creating package script '/home/duong/kaia_ws/install/kaiaai_telemetry/share/kaiaai_telemetry/package.sh'
[2.519s] INFO:colcon.colcon_core.shell:Creating package script '/home/duong/kaia_ws/install/kaiaai_telemetry/share/kaiaai_telemetry/package.bash'
[2.520s] INFO:colcon.colcon_core.shell:Creating package script '/home/duong/kaia_ws/install/kaiaai_telemetry/share/kaiaai_telemetry/package.zsh'
[2.521s] Level 1:colcon.colcon_core.environment:create_file_with_runtime_dependencies(/home/duong/kaia_ws/install/kaiaai_telemetry/share/colcon-core/packages/kaiaai_telemetry)
[2.522s] Level 1:colcon.colcon_core.environment:create_environment_scripts_only(kaiaai_telemetry)
[2.523s] Level 1:colcon.colcon_core.environment:checking '/home/duong/kaia_ws/install/kaiaai_telemetry' for CMake module files
[2.524s] Level 1:colcon.colcon_core.environment:checking '/home/duong/kaia_ws/install/kaiaai_telemetry' for CMake config files
[2.524s] Level 1:colcon.colcon_core.shell:create_environment_hook('kaiaai_telemetry', 'cmake_prefix_path')
[2.525s] INFO:colcon.colcon_core.shell:Creating environment hook '/home/duong/kaia_ws/install/kaiaai_telemetry/share/kaiaai_telemetry/hook/cmake_prefix_path.ps1'
[2.526s] INFO:colcon.colcon_core.shell:Creating environment descriptor '/home/duong/kaia_ws/install/kaiaai_telemetry/share/kaiaai_telemetry/hook/cmake_prefix_path.dsv'
[2.527s] INFO:colcon.colcon_core.shell:Creating environment hook '/home/duong/kaia_ws/install/kaiaai_telemetry/share/kaiaai_telemetry/hook/cmake_prefix_path.sh'
[2.528s] Level 1:colcon.colcon_core.environment:checking '/home/duong/kaia_ws/install/kaiaai_telemetry/lib'
[2.528s] Level 1:colcon.colcon_core.environment:checking '/home/duong/kaia_ws/install/kaiaai_telemetry/bin'
[2.528s] Level 1:colcon.colcon_core.environment:checking '/home/duong/kaia_ws/install/kaiaai_telemetry/lib/pkgconfig/kaiaai_telemetry.pc'
[2.529s] Level 1:colcon.colcon_core.environment:checking '/home/duong/kaia_ws/install/kaiaai_telemetry/lib/python3.10/site-packages'
[2.529s] Level 1:colcon.colcon_core.environment:checking '/home/duong/kaia_ws/install/kaiaai_telemetry/bin'
[2.530s] INFO:colcon.colcon_core.shell:Creating package script '/home/duong/kaia_ws/install/kaiaai_telemetry/share/kaiaai_telemetry/package.ps1'
[2.532s] INFO:colcon.colcon_core.shell:Creating package descriptor '/home/duong/kaia_ws/install/kaiaai_telemetry/share/kaiaai_telemetry/package.dsv'
[2.533s] INFO:colcon.colcon_core.shell:Creating package script '/home/duong/kaia_ws/install/kaiaai_telemetry/share/kaiaai_telemetry/package.sh'
[2.534s] INFO:colcon.colcon_core.shell:Creating package script '/home/duong/kaia_ws/install/kaiaai_telemetry/share/kaiaai_telemetry/package.bash'
[2.535s] INFO:colcon.colcon_core.shell:Creating package script '/home/duong/kaia_ws/install/kaiaai_telemetry/share/kaiaai_telemetry/package.zsh'
[2.536s] Level 1:colcon.colcon_core.environment:create_file_with_runtime_dependencies(/home/duong/kaia_ws/install/kaiaai_telemetry/share/colcon-core/packages/kaiaai_telemetry)
[2.575s] DEBUG:colcon.colcon_core.event_handler.log_command:Invoking command in '/home/duong/kaia_ws/build/kaiaai_apps': PYTHONPATH=/home/duong/kaia_ws/build/kaiaai_apps/prefix_override:/usr/lib/python3/dist-packages/colcon_core/task/python/colcon_distutils_commands:/home/duong/kaia_ws/install/kaiaai_apps/lib/python3.10/site-packages:${PYTHONPATH} /usr/bin/python3 -W ignore:setup.py install is deprecated -W ignore:easy_install command is deprecated setup.py develop --editable --build-directory /home/duong/kaia_ws/build/kaiaai_apps/build --no-deps symlink_data
[2.622s] DEBUG:colcon.colcon_core.event_handler.log_command:Invoking command in '/home/duong/kaia_ws/build/nav2_wfd': PYTHONPATH=/home/duong/kaia_ws/build/nav2_wfd/prefix_override:/usr/lib/python3/dist-packages/colcon_core/task/python/colcon_distutils_commands:/home/duong/kaia_ws/install/nav2_wfd/lib/python3.10/site-packages:${PYTHONPATH} /usr/bin/python3 -W ignore:setup.py install is deprecated -W ignore:easy_install command is deprecated setup.py develop --editable --build-directory /home/duong/kaia_ws/build/nav2_wfd/build --no-deps symlink_data
[2.635s] DEBUG:colcon.colcon_core.event_handler.log_command:Invoking command in '/home/duong/kaia_ws/build/kaiaai': PYTHONPATH=/home/duong/kaia_ws/build/kaiaai/prefix_override:/usr/lib/python3/dist-packages/colcon_core/task/python/colcon_distutils_commands:/home/duong/kaia_ws/install/kaiaai/lib/python3.10/site-packages:${PYTHONPATH} /usr/bin/python3 -W ignore:setup.py install is deprecated -W ignore:easy_install command is deprecated setup.py develop --editable --build-directory /home/duong/kaia_ws/build/kaiaai/build --no-deps symlink_data
[2.771s] DEBUG:colcon.colcon_core.event_handler.log_command:Invoking command in '/home/duong/kaia_ws/build/kaiaai_teleop': PYTHONPATH=/home/duong/kaia_ws/build/kaiaai_teleop/prefix_override:/usr/lib/python3/dist-packages/colcon_core/task/python/colcon_distutils_commands:/home/duong/kaia_ws/install/kaiaai_teleop/lib/python3.10/site-packages:${PYTHONPATH} /usr/bin/python3 -W ignore:setup.py install is deprecated -W ignore:easy_install command is deprecated setup.py develop --editable --build-directory /home/duong/kaia_ws/build/kaiaai_teleop/build --no-deps symlink_data
[2.783s] DEBUG:colcon.colcon_core.event_handler.log_command:Invoking command in '/home/duong/kaia_ws/build/kaiaai_web': PYTHONPATH=/home/duong/kaia_ws/build/kaiaai_web/prefix_override:/usr/lib/python3/dist-packages/colcon_core/task/python/colcon_distutils_commands:/home/duong/kaia_ws/install/kaiaai_web/lib/python3.10/site-packages:${PYTHONPATH} /usr/bin/python3 -W ignore:setup.py install is deprecated -W ignore:easy_install command is deprecated setup.py develop --editable --build-directory /home/duong/kaia_ws/build/kaiaai_web/build --no-deps symlink_data
[3.317s] Level 1:colcon.colcon_core.shell:create_environment_hook('kaiaai', 'pythonpath_develop')
[3.318s] DEBUG:colcon.colcon_core.event_handler.log_command:Invoked command in '/home/duong/kaia_ws/build/kaiaai' returned '0': PYTHONPATH=/home/duong/kaia_ws/build/kaiaai/prefix_override:/usr/lib/python3/dist-packages/colcon_core/task/python/colcon_distutils_commands:/home/duong/kaia_ws/install/kaiaai/lib/python3.10/site-packages:${PYTHONPATH} /usr/bin/python3 -W ignore:setup.py install is deprecated -W ignore:easy_install command is deprecated setup.py develop --editable --build-directory /home/duong/kaia_ws/build/kaiaai/build --no-deps symlink_data
[3.318s] INFO:colcon.colcon_core.shell:Creating environment hook '/home/duong/kaia_ws/build/kaiaai/share/kaiaai/hook/pythonpath_develop.ps1'
[3.319s] INFO:colcon.colcon_core.shell:Creating environment descriptor '/home/duong/kaia_ws/build/kaiaai/share/kaiaai/hook/pythonpath_develop.dsv'
[3.319s] INFO:colcon.colcon_core.shell:Creating environment hook '/home/duong/kaia_ws/build/kaiaai/share/kaiaai/hook/pythonpath_develop.sh'
[3.320s] Level 1:colcon.colcon_core.environment:checking '/home/duong/kaia_ws/install/kaiaai' for CMake module files
[3.321s] Level 1:colcon.colcon_core.environment:checking '/home/duong/kaia_ws/install/kaiaai' for CMake config files
[3.322s] Level 1:colcon.colcon_core.environment:checking '/home/duong/kaia_ws/install/kaiaai/lib'
[3.322s] Level 1:colcon.colcon_core.environment:checking '/home/duong/kaia_ws/install/kaiaai/bin'
[3.322s] Level 1:colcon.colcon_core.environment:checking '/home/duong/kaia_ws/install/kaiaai/lib/pkgconfig/kaiaai.pc'
[3.322s] Level 1:colcon.colcon_core.environment:checking '/home/duong/kaia_ws/install/kaiaai/lib/python3.10/site-packages'
[3.322s] Level 1:colcon.colcon_core.shell:create_environment_hook('kaiaai', 'pythonpath')
[3.323s] INFO:colcon.colcon_core.shell:Creating environment hook '/home/duong/kaia_ws/install/kaiaai/share/kaiaai/hook/pythonpath.ps1'
[3.323s] INFO:colcon.colcon_core.shell:Creating environment descriptor '/home/duong/kaia_ws/install/kaiaai/share/kaiaai/hook/pythonpath.dsv'
[3.324s] INFO:colcon.colcon_core.shell:Creating environment hook '/home/duong/kaia_ws/install/kaiaai/share/kaiaai/hook/pythonpath.sh'
[3.325s] Level 1:colcon.colcon_core.environment:checking '/home/duong/kaia_ws/install/kaiaai/bin'
[3.325s] Level 1:colcon.colcon_core.environment:create_environment_scripts_only(kaiaai)
[3.325s] INFO:colcon.colcon_core.shell:Creating package script '/home/duong/kaia_ws/install/kaiaai/share/kaiaai/package.ps1'
[3.326s] INFO:colcon.colcon_core.shell:Creating package descriptor '/home/duong/kaia_ws/install/kaiaai/share/kaiaai/package.dsv'
[3.327s] INFO:colcon.colcon_core.shell:Creating package script '/home/duong/kaia_ws/install/kaiaai/share/kaiaai/package.sh'
[3.328s] INFO:colcon.colcon_core.shell:Creating package script '/home/duong/kaia_ws/install/kaiaai/share/kaiaai/package.bash'
[3.329s] INFO:colcon.colcon_core.shell:Creating package script '/home/duong/kaia_ws/install/kaiaai/share/kaiaai/package.zsh'
[3.329s] Level 1:colcon.colcon_core.environment:create_file_with_runtime_dependencies(/home/duong/kaia_ws/install/kaiaai/share/colcon-core/packages/kaiaai)
[3.330s] INFO:colcon.colcon_ros.task.ament_cmake.build:Building ROS package in '/home/duong/kaia_ws/src/kaiaai_gazebo' with build type 'ament_cmake'
[3.330s] INFO:colcon.colcon_cmake.task.cmake.build:Building CMake package in '/home/duong/kaia_ws/src/kaiaai_gazebo'
[3.330s] INFO:colcon.colcon_core.shell:Skip shell extension 'powershell' for command environment: Not usable outside of PowerShell
[3.331s] DEBUG:colcon.colcon_core.shell:Skip shell extension 'dsv' for command environment
[3.337s] INFO:colcon.colcon_ros.task.ament_python.build:Building ROS package in '/home/duong/kaia_ws/src/makerspet' with build type 'ament_python'
[3.338s] Level 1:colcon.colcon_core.shell:create_environment_hook('makerspet', 'ament_prefix_path')
[3.338s] INFO:colcon.colcon_core.shell:Creating environment hook '/home/duong/kaia_ws/install/makerspet/share/makerspet/hook/ament_prefix_path.ps1'
[3.339s] INFO:colcon.colcon_core.shell:Creating environment descriptor '/home/duong/kaia_ws/install/makerspet/share/makerspet/hook/ament_prefix_path.dsv'
[3.339s] INFO:colcon.colcon_core.shell:Creating environment hook '/home/duong/kaia_ws/install/makerspet/share/makerspet/hook/ament_prefix_path.sh'
[3.340s] INFO:colcon.colcon_core.shell:Skip shell extension 'powershell' for command environment: Not usable outside of PowerShell
[3.341s] DEBUG:colcon.colcon_core.shell:Skip shell extension 'dsv' for command environment
[3.353s] DEBUG:colcon.colcon_core.event_handler.log_command:Invoking command in '/home/duong/kaia_ws/build/kaiaai_gazebo': AMENT_PREFIX_PATH=/home/duong/kaia_ws/install/kaiaai:/home/duong/kaia_ws/install/kaiaai_bringup:/opt/ros/iron CMAKE_PREFIX_PATH=${CMAKE_PREFIX_PATH}:/home/duong/kaia_ws/install/kaiaai:/opt/ros/iron /usr/bin/cmake /home/duong/kaia_ws/src/kaiaai_gazebo -DAMENT_CMAKE_SYMLINK_INSTALL=1 -DCMAKE_INSTALL_PREFIX=/home/duong/kaia_ws/install/kaiaai_gazebo
[3.722s] INFO:colcon.colcon_core.task.python.build:Building Python package in '/home/duong/kaia_ws/src/makerspet'
[3.722s] INFO:colcon.colcon_core.shell:Skip shell extension 'powershell' for command environment: Not usable outside of PowerShell
[3.722s] DEBUG:colcon.colcon_core.shell:Skip shell extension 'dsv' for command environment
[3.730s] Level 1:colcon.colcon_core.shell:create_environment_hook('nav2_wfd', 'pythonpath_develop')
[3.731s] INFO:colcon.colcon_core.shell:Creating environment hook '/home/duong/kaia_ws/build/nav2_wfd/share/nav2_wfd/hook/pythonpath_develop.ps1'
[3.732s] DEBUG:colcon.colcon_core.event_handler.log_command:Invoked command in '/home/duong/kaia_ws/build/nav2_wfd' returned '0': PYTHONPATH=/home/duong/kaia_ws/build/nav2_wfd/prefix_override:/usr/lib/python3/dist-packages/colcon_core/task/python/colcon_distutils_commands:/home/duong/kaia_ws/install/nav2_wfd/lib/python3.10/site-packages:${PYTHONPATH} /usr/bin/python3 -W ignore:setup.py install is deprecated -W ignore:easy_install command is deprecated setup.py develop --editable --build-directory /home/duong/kaia_ws/build/nav2_wfd/build --no-deps symlink_data
[3.732s] INFO:colcon.colcon_core.shell:Creating environment descriptor '/home/duong/kaia_ws/build/nav2_wfd/share/nav2_wfd/hook/pythonpath_develop.dsv'
[3.733s] INFO:colcon.colcon_core.shell:Creating environment hook '/home/duong/kaia_ws/build/nav2_wfd/share/nav2_wfd/hook/pythonpath_develop.sh'
[3.734s] Level 1:colcon.colcon_core.environment:checking '/home/duong/kaia_ws/install/nav2_wfd' for CMake module files
[3.735s] Level 1:colcon.colcon_core.environment:checking '/home/duong/kaia_ws/install/nav2_wfd' for CMake config files
[3.735s] Level 1:colcon.colcon_core.environment:checking '/home/duong/kaia_ws/install/nav2_wfd/lib'
[3.735s] Level 1:colcon.colcon_core.environment:checking '/home/duong/kaia_ws/install/nav2_wfd/bin'
[3.736s] Level 1:colcon.colcon_core.environment:checking '/home/duong/kaia_ws/install/nav2_wfd/lib/pkgconfig/nav2_wfd.pc'
[3.736s] Level 1:colcon.colcon_core.environment:checking '/home/duong/kaia_ws/install/nav2_wfd/lib/python3.10/site-packages'
[3.736s] Level 1:colcon.colcon_core.shell:create_environment_hook('nav2_wfd', 'pythonpath')
[3.736s] INFO:colcon.colcon_core.shell:Creating environment hook '/home/duong/kaia_ws/install/nav2_wfd/share/nav2_wfd/hook/pythonpath.ps1'
[3.737s] INFO:colcon.colcon_core.shell:Creating environment descriptor '/home/duong/kaia_ws/install/nav2_wfd/share/nav2_wfd/hook/pythonpath.dsv'
[3.737s] INFO:colcon.colcon_core.shell:Creating environment hook '/home/duong/kaia_ws/install/nav2_wfd/share/nav2_wfd/hook/pythonpath.sh'
[3.738s] Level 1:colcon.colcon_core.environment:checking '/home/duong/kaia_ws/install/nav2_wfd/bin'
[3.738s] Level 1:colcon.colcon_core.environment:create_environment_scripts_only(nav2_wfd)
[3.739s] INFO:colcon.colcon_core.shell:Creating package script '/home/duong/kaia_ws/install/nav2_wfd/share/nav2_wfd/package.ps1'
[3.740s] INFO:colcon.colcon_core.shell:Creating package descriptor '/home/duong/kaia_ws/install/nav2_wfd/share/nav2_wfd/package.dsv'
[3.741s] INFO:colcon.colcon_core.shell:Creating package script '/home/duong/kaia_ws/install/nav2_wfd/share/nav2_wfd/package.sh'
[3.742s] INFO:colcon.colcon_core.shell:Creating package script '/home/duong/kaia_ws/install/nav2_wfd/share/nav2_wfd/package.bash'
[3.742s] INFO:colcon.colcon_core.shell:Creating package script '/home/duong/kaia_ws/install/nav2_wfd/share/nav2_wfd/package.zsh'
[3.743s] Level 1:colcon.colcon_core.environment:create_file_with_runtime_dependencies(/home/duong/kaia_ws/install/nav2_wfd/share/colcon-core/packages/nav2_wfd)
[3.743s] Level 1:colcon.colcon_core.shell:create_environment_hook('kaiaai_apps', 'pythonpath_develop')
[3.743s] INFO:colcon.colcon_core.shell:Creating environment hook '/home/duong/kaia_ws/build/kaiaai_apps/share/kaiaai_apps/hook/pythonpath_develop.ps1'
[3.745s] INFO:colcon.colcon_core.shell:Creating environment descriptor '/home/duong/kaia_ws/build/kaiaai_apps/share/kaiaai_apps/hook/pythonpath_develop.dsv'
[3.745s] INFO:colcon.colcon_core.shell:Creating environment hook '/home/duong/kaia_ws/build/kaiaai_apps/share/kaiaai_apps/hook/pythonpath_develop.sh'
[3.746s] DEBUG:colcon.colcon_core.event_handler.log_command:Invoked command in '/home/duong/kaia_ws/build/kaiaai_apps' returned '0': PYTHONPATH=/home/duong/kaia_ws/build/kaiaai_apps/prefix_override:/usr/lib/python3/dist-packages/colcon_core/task/python/colcon_distutils_commands:/home/duong/kaia_ws/install/kaiaai_apps/lib/python3.10/site-packages:${PYTHONPATH} /usr/bin/python3 -W ignore:setup.py install is deprecated -W ignore:easy_install command is deprecated setup.py develop --editable --build-directory /home/duong/kaia_ws/build/kaiaai_apps/build --no-deps symlink_data
[3.746s] Level 1:colcon.colcon_core.environment:checking '/home/duong/kaia_ws/install/kaiaai_apps' for CMake module files
[3.747s] Level 1:colcon.colcon_core.environment:checking '/home/duong/kaia_ws/install/kaiaai_apps' for CMake config files
[3.748s] Level 1:colcon.colcon_core.environment:checking '/home/duong/kaia_ws/install/kaiaai_apps/lib'
[3.748s] Level 1:colcon.colcon_core.environment:checking '/home/duong/kaia_ws/install/kaiaai_apps/bin'
[3.748s] Level 1:colcon.colcon_core.environment:checking '/home/duong/kaia_ws/install/kaiaai_apps/lib/pkgconfig/kaiaai_apps.pc'
[3.748s] Level 1:colcon.colcon_core.environment:checking '/home/duong/kaia_ws/install/kaiaai_apps/lib/python3.10/site-packages'
[3.748s] Level 1:colcon.colcon_core.shell:create_environment_hook('kaiaai_apps', 'pythonpath')
[3.749s] INFO:colcon.colcon_core.shell:Creating environment hook '/home/duong/kaia_ws/install/kaiaai_apps/share/kaiaai_apps/hook/pythonpath.ps1'
[3.749s] INFO:colcon.colcon_core.shell:Creating environment descriptor '/home/duong/kaia_ws/install/kaiaai_apps/share/kaiaai_apps/hook/pythonpath.dsv'
[3.749s] INFO:colcon.colcon_core.shell:Creating environment hook '/home/duong/kaia_ws/install/kaiaai_apps/share/kaiaai_apps/hook/pythonpath.sh'
[3.750s] Level 1:colcon.colcon_core.environment:checking '/home/duong/kaia_ws/install/kaiaai_apps/bin'
[3.750s] Level 1:colcon.colcon_core.environment:create_environment_scripts_only(kaiaai_apps)
[3.751s] INFO:colcon.colcon_core.shell:Creating package script '/home/duong/kaia_ws/install/kaiaai_apps/share/kaiaai_apps/package.ps1'
[3.752s] INFO:colcon.colcon_core.shell:Creating package descriptor '/home/duong/kaia_ws/install/kaiaai_apps/share/kaiaai_apps/package.dsv'
[3.752s] INFO:colcon.colcon_core.shell:Creating package script '/home/duong/kaia_ws/install/kaiaai_apps/share/kaiaai_apps/package.sh'
[3.753s] INFO:colcon.colcon_core.shell:Creating package script '/home/duong/kaia_ws/install/kaiaai_apps/share/kaiaai_apps/package.bash'
[3.753s] INFO:colcon.colcon_core.shell:Creating package script '/home/duong/kaia_ws/install/kaiaai_apps/share/kaiaai_apps/package.zsh'
[3.754s] Level 1:colcon.colcon_core.environment:create_file_with_runtime_dependencies(/home/duong/kaia_ws/install/kaiaai_apps/share/colcon-core/packages/kaiaai_apps)
[3.754s] Level 1:colcon.colcon_core.shell:create_environment_hook('kaiaai_teleop', 'pythonpath_develop')
[3.755s] INFO:colcon.colcon_core.shell:Creating environment hook '/home/duong/kaia_ws/build/kaiaai_teleop/share/kaiaai_teleop/hook/pythonpath_develop.ps1'
[3.756s] INFO:colcon.colcon_core.shell:Creating environment descriptor '/home/duong/kaia_ws/build/kaiaai_teleop/share/kaiaai_teleop/hook/pythonpath_develop.dsv'
[3.756s] INFO:colcon.colcon_core.shell:Creating environment hook '/home/duong/kaia_ws/build/kaiaai_teleop/share/kaiaai_teleop/hook/pythonpath_develop.sh'
[3.757s] DEBUG:colcon.colcon_core.event_handler.log_command:Invoked command in '/home/duong/kaia_ws/build/kaiaai_teleop' returned '0': PYTHONPATH=/home/duong/kaia_ws/build/kaiaai_teleop/prefix_override:/usr/lib/python3/dist-packages/colcon_core/task/python/colcon_distutils_commands:/home/duong/kaia_ws/install/kaiaai_teleop/lib/python3.10/site-packages:${PYTHONPATH} /usr/bin/python3 -W ignore:setup.py install is deprecated -W ignore:easy_install command is deprecated setup.py develop --editable --build-directory /home/duong/kaia_ws/build/kaiaai_teleop/build --no-deps symlink_data
[3.758s] Level 1:colcon.colcon_core.environment:checking '/home/duong/kaia_ws/install/kaiaai_teleop' for CMake module files
[3.759s] Level 1:colcon.colcon_core.environment:checking '/home/duong/kaia_ws/install/kaiaai_teleop' for CMake config files
[3.760s] Level 1:colcon.colcon_core.environment:checking '/home/duong/kaia_ws/install/kaiaai_teleop/lib'
[3.760s] Level 1:colcon.colcon_core.environment:checking '/home/duong/kaia_ws/install/kaiaai_teleop/bin'
[3.761s] Level 1:colcon.colcon_core.environment:checking '/home/duong/kaia_ws/install/kaiaai_teleop/lib/pkgconfig/kaiaai_teleop.pc'
[3.761s] Level 1:colcon.colcon_core.environment:checking '/home/duong/kaia_ws/install/kaiaai_teleop/lib/python3.10/site-packages'
[3.761s] Level 1:colcon.colcon_core.shell:create_environment_hook('kaiaai_teleop', 'pythonpath')
[3.762s] INFO:colcon.colcon_core.shell:Creating environment hook '/home/duong/kaia_ws/install/kaiaai_teleop/share/kaiaai_teleop/hook/pythonpath.ps1'
[3.762s] INFO:colcon.colcon_core.shell:Creating environment descriptor '/home/duong/kaia_ws/install/kaiaai_teleop/share/kaiaai_teleop/hook/pythonpath.dsv'
[3.763s] INFO:colcon.colcon_core.shell:Creating environment hook '/home/duong/kaia_ws/install/kaiaai_teleop/share/kaiaai_teleop/hook/pythonpath.sh'
[3.764s] Level 1:colcon.colcon_core.environment:checking '/home/duong/kaia_ws/install/kaiaai_teleop/bin'
[3.764s] Level 1:colcon.colcon_core.environment:create_environment_scripts_only(kaiaai_teleop)
[3.765s] INFO:colcon.colcon_core.shell:Creating package script '/home/duong/kaia_ws/install/kaiaai_teleop/share/kaiaai_teleop/package.ps1'
[3.767s] INFO:colcon.colcon_core.shell:Creating package descriptor '/home/duong/kaia_ws/install/kaiaai_teleop/share/kaiaai_teleop/package.dsv'
[3.768s] INFO:colcon.colcon_core.shell:Creating package script '/home/duong/kaia_ws/install/kaiaai_teleop/share/kaiaai_teleop/package.sh'
[3.769s] INFO:colcon.colcon_core.shell:Creating package script '/home/duong/kaia_ws/install/kaiaai_teleop/share/kaiaai_teleop/package.bash'
[3.769s] INFO:colcon.colcon_core.shell:Creating package script '/home/duong/kaia_ws/install/kaiaai_teleop/share/kaiaai_teleop/package.zsh'
[3.770s] Level 1:colcon.colcon_core.environment:create_file_with_runtime_dependencies(/home/duong/kaia_ws/install/kaiaai_teleop/share/colcon-core/packages/kaiaai_teleop)
[3.771s] INFO:colcon.colcon_ros.task.ament_cmake.build:Building ROS package in '/home/duong/kaia_ws/src/kaiaai_bringup' with build type 'ament_cmake'
[3.772s] INFO:colcon.colcon_cmake.task.cmake.build:Building CMake package in '/home/duong/kaia_ws/src/kaiaai_bringup'
[3.772s] INFO:colcon.colcon_core.shell:Skip shell extension 'powershell' for command environment: Not usable outside of PowerShell
[3.773s] DEBUG:colcon.colcon_core.shell:Skip shell extension 'dsv' for command environment
[3.785s] Level 1:colcon.colcon_core.shell:create_environment_hook('kaiaai_web', 'pythonpath_develop')
[3.786s] INFO:colcon.colcon_core.shell:Creating environment hook '/home/duong/kaia_ws/build/kaiaai_web/share/kaiaai_web/hook/pythonpath_develop.ps1'
[3.787s] DEBUG:colcon.colcon_core.event_handler.log_command:Invoked command in '/home/duong/kaia_ws/build/kaiaai_web' returned '0': PYTHONPATH=/home/duong/kaia_ws/build/kaiaai_web/prefix_override:/usr/lib/python3/dist-packages/colcon_core/task/python/colcon_distutils_commands:/home/duong/kaia_ws/install/kaiaai_web/lib/python3.10/site-packages:${PYTHONPATH} /usr/bin/python3 -W ignore:setup.py install is deprecated -W ignore:easy_install command is deprecated setup.py develop --editable --build-directory /home/duong/kaia_ws/build/kaiaai_web/build --no-deps symlink_data
[3.787s] INFO:colcon.colcon_core.shell:Creating environment descriptor '/home/duong/kaia_ws/build/kaiaai_web/share/kaiaai_web/hook/pythonpath_develop.dsv'
[3.788s] INFO:colcon.colcon_core.shell:Creating environment hook '/home/duong/kaia_ws/build/kaiaai_web/share/kaiaai_web/hook/pythonpath_develop.sh'
[3.789s] Level 1:colcon.colcon_core.environment:checking '/home/duong/kaia_ws/install/kaiaai_web' for CMake module files
[3.789s] Level 1:colcon.colcon_core.environment:checking '/home/duong/kaia_ws/install/kaiaai_web' for CMake config files
[3.790s] Level 1:colcon.colcon_core.environment:checking '/home/duong/kaia_ws/install/kaiaai_web/lib'
[3.790s] Level 1:colcon.colcon_core.environment:checking '/home/duong/kaia_ws/install/kaiaai_web/bin'
[3.790s] Level 1:colcon.colcon_core.environment:checking '/home/duong/kaia_ws/install/kaiaai_web/lib/pkgconfig/kaiaai_web.pc'
[3.790s] Level 1:colcon.colcon_core.environment:checking '/home/duong/kaia_ws/install/kaiaai_web/lib/python3.10/site-packages'
[3.791s] Level 1:colcon.colcon_core.shell:create_environment_hook('kaiaai_web', 'pythonpath')
[3.791s] INFO:colcon.colcon_core.shell:Creating environment hook '/home/duong/kaia_ws/install/kaiaai_web/share/kaiaai_web/hook/pythonpath.ps1'
[3.791s] INFO:colcon.colcon_core.shell:Creating environment descriptor '/home/duong/kaia_ws/install/kaiaai_web/share/kaiaai_web/hook/pythonpath.dsv'
[3.792s] INFO:colcon.colcon_core.shell:Creating environment hook '/home/duong/kaia_ws/install/kaiaai_web/share/kaiaai_web/hook/pythonpath.sh'
[3.793s] Level 1:colcon.colcon_core.environment:checking '/home/duong/kaia_ws/install/kaiaai_web/bin'
[3.793s] Level 1:colcon.colcon_core.environment:create_environment_scripts_only(kaiaai_web)
[3.793s] INFO:colcon.colcon_core.shell:Creating package script '/home/duong/kaia_ws/install/kaiaai_web/share/kaiaai_web/package.ps1'
[3.794s] INFO:colcon.colcon_core.shell:Creating package descriptor '/home/duong/kaia_ws/install/kaiaai_web/share/kaiaai_web/package.dsv'
[3.795s] INFO:colcon.colcon_core.shell:Creating package script '/home/duong/kaia_ws/install/kaiaai_web/share/kaiaai_web/package.sh'
[3.795s] INFO:colcon.colcon_core.shell:Creating package script '/home/duong/kaia_ws/install/kaiaai_web/share/kaiaai_web/package.bash'
[3.796s] INFO:colcon.colcon_core.shell:Creating package script '/home/duong/kaia_ws/install/kaiaai_web/share/kaiaai_web/package.zsh'
[3.796s] Level 1:colcon.colcon_core.environment:create_file_with_runtime_dependencies(/home/duong/kaia_ws/install/kaiaai_web/share/colcon-core/packages/kaiaai_web)
[3.808s] DEBUG:colcon.colcon_core.event_handler.log_command:Invoking command in '/home/duong/kaia_ws/build/kaiaai_bringup': AMENT_PREFIX_PATH=/home/duong/kaia_ws/install/kaiaai_telemetry:/home/duong/kaia_ws/install/makerspet_snoopy:/home/duong/kaia_ws/install/makerspet_mini:/home/duong/kaia_ws/install/makerspet_loki:/home/duong/kaia_ws/install/kaiaai_teleop:/home/duong/kaia_ws/install/kaiaai_msgs:/home/duong/kaia_ws/install/kaiaai:/home/duong/kaia_ws/install/kaiaai_bringup:/opt/ros/iron CMAKE_PREFIX_PATH=/home/duong/kaia_ws/install/kaiaai_telemetry:/home/duong/kaia_ws/install/makerspet_snoopy:/home/duong/kaia_ws/install/makerspet_mini:/home/duong/kaia_ws/install/makerspet_loki:/home/duong/kaia_ws/install/kaiaai_msgs:/home/duong/kaia_ws/install/kaiaai_bringup:/home/duong/kaia_ws/install/kaiaai:/opt/ros/iron LD_LIBRARY_PATH=/home/duong/kaia_ws/install/kaiaai_msgs/lib:${LD_LIBRARY_PATH} PYTHONPATH=/home/duong/kaia_ws/build/kaiaai_teleop:/home/duong/kaia_ws/install/kaiaai_teleop/lib/python3.10/site-packages:/home/duong/kaia_ws/install/kaiaai_msgs/lib/python3.10/site-packages:${PYTHONPATH} /usr/bin/cmake --build /home/duong/kaia_ws/build/kaiaai_bringup -- -j12 -l12
[3.865s] DEBUG:colcon.colcon_core.event_handler.log_command:Invoked command in '/home/duong/kaia_ws/build/kaiaai_bringup' returned '0': AMENT_PREFIX_PATH=/home/duong/kaia_ws/install/kaiaai_telemetry:/home/duong/kaia_ws/install/makerspet_snoopy:/home/duong/kaia_ws/install/makerspet_mini:/home/duong/kaia_ws/install/makerspet_loki:/home/duong/kaia_ws/install/kaiaai_teleop:/home/duong/kaia_ws/install/kaiaai_msgs:/home/duong/kaia_ws/install/kaiaai:/home/duong/kaia_ws/install/kaiaai_bringup:/opt/ros/iron CMAKE_PREFIX_PATH=/home/duong/kaia_ws/install/kaiaai_telemetry:/home/duong/kaia_ws/install/makerspet_snoopy:/home/duong/kaia_ws/install/makerspet_mini:/home/duong/kaia_ws/install/makerspet_loki:/home/duong/kaia_ws/install/kaiaai_msgs:/home/duong/kaia_ws/install/kaiaai_bringup:/home/duong/kaia_ws/install/kaiaai:/opt/ros/iron LD_LIBRARY_PATH=/home/duong/kaia_ws/install/kaiaai_msgs/lib:${LD_LIBRARY_PATH} PYTHONPATH=/home/duong/kaia_ws/build/kaiaai_teleop:/home/duong/kaia_ws/install/kaiaai_teleop/lib/python3.10/site-packages:/home/duong/kaia_ws/install/kaiaai_msgs/lib/python3.10/site-packages:${PYTHONPATH} /usr/bin/cmake --build /home/duong/kaia_ws/build/kaiaai_bringup -- -j12 -l12
[3.867s] DEBUG:colcon.colcon_core.event_handler.log_command:Invoking command in '/home/duong/kaia_ws/build/kaiaai_bringup': AMENT_PREFIX_PATH=/home/duong/kaia_ws/install/kaiaai_telemetry:/home/duong/kaia_ws/install/makerspet_snoopy:/home/duong/kaia_ws/install/makerspet_mini:/home/duong/kaia_ws/install/makerspet_loki:/home/duong/kaia_ws/install/kaiaai_teleop:/home/duong/kaia_ws/install/kaiaai_msgs:/home/duong/kaia_ws/install/kaiaai:/home/duong/kaia_ws/install/kaiaai_bringup:/opt/ros/iron CMAKE_PREFIX_PATH=/home/duong/kaia_ws/install/kaiaai_telemetry:/home/duong/kaia_ws/install/makerspet_snoopy:/home/duong/kaia_ws/install/makerspet_mini:/home/duong/kaia_ws/install/makerspet_loki:/home/duong/kaia_ws/install/kaiaai_msgs:/home/duong/kaia_ws/install/kaiaai_bringup:/home/duong/kaia_ws/install/kaiaai:/opt/ros/iron LD_LIBRARY_PATH=/home/duong/kaia_ws/install/kaiaai_msgs/lib:${LD_LIBRARY_PATH} PYTHONPATH=/home/duong/kaia_ws/build/kaiaai_teleop:/home/duong/kaia_ws/install/kaiaai_teleop/lib/python3.10/site-packages:/home/duong/kaia_ws/install/kaiaai_msgs/lib/python3.10/site-packages:${PYTHONPATH} /usr/bin/cmake --install /home/duong/kaia_ws/build/kaiaai_bringup
[3.903s] Level 1:colcon.colcon_core.environment:create_environment_scripts_only(kaiaai_bringup)
[3.903s] Level 1:colcon.colcon_core.environment:checking '/home/duong/kaia_ws/install/kaiaai_bringup' for CMake module files
[3.904s] DEBUG:colcon.colcon_core.event_handler.log_command:Invoked command in '/home/duong/kaia_ws/build/kaiaai_bringup' returned '0': AMENT_PREFIX_PATH=/home/duong/kaia_ws/install/kaiaai_telemetry:/home/duong/kaia_ws/install/makerspet_snoopy:/home/duong/kaia_ws/install/makerspet_mini:/home/duong/kaia_ws/install/makerspet_loki:/home/duong/kaia_ws/install/kaiaai_teleop:/home/duong/kaia_ws/install/kaiaai_msgs:/home/duong/kaia_ws/install/kaiaai:/home/duong/kaia_ws/install/kaiaai_bringup:/opt/ros/iron CMAKE_PREFIX_PATH=/home/duong/kaia_ws/install/kaiaai_telemetry:/home/duong/kaia_ws/install/makerspet_snoopy:/home/duong/kaia_ws/install/makerspet_mini:/home/duong/kaia_ws/install/makerspet_loki:/home/duong/kaia_ws/install/kaiaai_msgs:/home/duong/kaia_ws/install/kaiaai_bringup:/home/duong/kaia_ws/install/kaiaai:/opt/ros/iron LD_LIBRARY_PATH=/home/duong/kaia_ws/install/kaiaai_msgs/lib:${LD_LIBRARY_PATH} PYTHONPATH=/home/duong/kaia_ws/build/kaiaai_teleop:/home/duong/kaia_ws/install/kaiaai_teleop/lib/python3.10/site-packages:/home/duong/kaia_ws/install/kaiaai_msgs/lib/python3.10/site-packages:${PYTHONPATH} /usr/bin/cmake --install /home/duong/kaia_ws/build/kaiaai_bringup
[3.905s] Level 1:colcon.colcon_core.environment:checking '/home/duong/kaia_ws/install/kaiaai_bringup' for CMake config files
[3.905s] Level 1:colcon.colcon_core.shell:create_environment_hook('kaiaai_bringup', 'cmake_prefix_path')
[3.906s] INFO:colcon.colcon_core.shell:Creating environment hook '/home/duong/kaia_ws/install/kaiaai_bringup/share/kaiaai_bringup/hook/cmake_prefix_path.ps1'
[3.907s] INFO:colcon.colcon_core.shell:Creating environment descriptor '/home/duong/kaia_ws/install/kaiaai_bringup/share/kaiaai_bringup/hook/cmake_prefix_path.dsv'
[3.907s] INFO:colcon.colcon_core.shell:Creating environment hook '/home/duong/kaia_ws/install/kaiaai_bringup/share/kaiaai_bringup/hook/cmake_prefix_path.sh'
[3.908s] Level 1:colcon.colcon_core.environment:checking '/home/duong/kaia_ws/install/kaiaai_bringup/lib'
[3.908s] Level 1:colcon.colcon_core.environment:checking '/home/duong/kaia_ws/install/kaiaai_bringup/bin'
[3.908s] Level 1:colcon.colcon_core.environment:checking '/home/duong/kaia_ws/install/kaiaai_bringup/lib/pkgconfig/kaiaai_bringup.pc'
[3.909s] Level 1:colcon.colcon_core.environment:checking '/home/duong/kaia_ws/install/kaiaai_bringup/lib/python3.10/site-packages'
[3.909s] Level 1:colcon.colcon_core.environment:checking '/home/duong/kaia_ws/install/kaiaai_bringup/bin'
[3.910s] INFO:colcon.colcon_core.shell:Creating package script '/home/duong/kaia_ws/install/kaiaai_bringup/share/kaiaai_bringup/package.ps1'
[3.911s] INFO:colcon.colcon_core.shell:Creating package descriptor '/home/duong/kaia_ws/install/kaiaai_bringup/share/kaiaai_bringup/package.dsv'
[3.911s] INFO:colcon.colcon_core.shell:Creating package script '/home/duong/kaia_ws/install/kaiaai_bringup/share/kaiaai_bringup/package.sh'
[3.912s] INFO:colcon.colcon_core.shell:Creating package script '/home/duong/kaia_ws/install/kaiaai_bringup/share/kaiaai_bringup/package.bash'
[3.913s] INFO:colcon.colcon_core.shell:Creating package script '/home/duong/kaia_ws/install/kaiaai_bringup/share/kaiaai_bringup/package.zsh'
[3.913s] Level 1:colcon.colcon_core.environment:create_file_with_runtime_dependencies(/home/duong/kaia_ws/install/kaiaai_bringup/share/colcon-core/packages/kaiaai_bringup)
[3.914s] Level 1:colcon.colcon_core.environment:create_environment_scripts_only(kaiaai_bringup)
[3.915s] Level 1:colcon.colcon_core.environment:checking '/home/duong/kaia_ws/install/kaiaai_bringup' for CMake module files
[3.916s] Level 1:colcon.colcon_core.environment:checking '/home/duong/kaia_ws/install/kaiaai_bringup' for CMake config files
[3.916s] Level 1:colcon.colcon_core.shell:create_environment_hook('kaiaai_bringup', 'cmake_prefix_path')
[3.917s] INFO:colcon.colcon_core.shell:Creating environment hook '/home/duong/kaia_ws/install/kaiaai_bringup/share/kaiaai_bringup/hook/cmake_prefix_path.ps1'
[3.917s] INFO:colcon.colcon_core.shell:Creating environment descriptor '/home/duong/kaia_ws/install/kaiaai_bringup/share/kaiaai_bringup/hook/cmake_prefix_path.dsv'
[3.918s] INFO:colcon.colcon_core.shell:Creating environment hook '/home/duong/kaia_ws/install/kaiaai_bringup/share/kaiaai_bringup/hook/cmake_prefix_path.sh'
[3.918s] Level 1:colcon.colcon_core.environment:checking '/home/duong/kaia_ws/install/kaiaai_bringup/lib'
[3.919s] Level 1:colcon.colcon_core.environment:checking '/home/duong/kaia_ws/install/kaiaai_bringup/bin'
[3.919s] Level 1:colcon.colcon_core.environment:checking '/home/duong/kaia_ws/install/kaiaai_bringup/lib/pkgconfig/kaiaai_bringup.pc'
[3.919s] Level 1:colcon.colcon_core.environment:checking '/home/duong/kaia_ws/install/kaiaai_bringup/lib/python3.10/site-packages'
[3.920s] Level 1:colcon.colcon_core.environment:checking '/home/duong/kaia_ws/install/kaiaai_bringup/bin'
[3.920s] INFO:colcon.colcon_core.shell:Creating package script '/home/duong/kaia_ws/install/kaiaai_bringup/share/kaiaai_bringup/package.ps1'
[3.922s] INFO:colcon.colcon_core.shell:Creating package descriptor '/home/duong/kaia_ws/install/kaiaai_bringup/share/kaiaai_bringup/package.dsv'
[3.923s] INFO:colcon.colcon_core.shell:Creating package script '/home/duong/kaia_ws/install/kaiaai_bringup/share/kaiaai_bringup/package.sh'
[3.923s] INFO:colcon.colcon_core.shell:Creating package script '/home/duong/kaia_ws/install/kaiaai_bringup/share/kaiaai_bringup/package.bash'
[3.924s] INFO:colcon.colcon_core.shell:Creating package script '/home/duong/kaia_ws/install/kaiaai_bringup/share/kaiaai_bringup/package.zsh'
[3.925s] Level 1:colcon.colcon_core.environment:create_file_with_runtime_dependencies(/home/duong/kaia_ws/install/kaiaai_bringup/share/colcon-core/packages/kaiaai_bringup)
[4.200s] DEBUG:colcon.colcon_core.event_handler.log_command:Invoking command in '/home/duong/kaia_ws/build/makerspet': AMENT_PREFIX_PATH=/home/duong/kaia_ws/install/kaiaai:/home/duong/kaia_ws/install/kaiaai_bringup:/opt/ros/iron PYTHONPATH=/home/duong/kaia_ws/build/makerspet/prefix_override:/usr/lib/python3/dist-packages/colcon_core/task/python/colcon_distutils_commands:/home/duong/kaia_ws/install/makerspet/lib/python3.10/site-packages:${PYTHONPATH} /usr/bin/python3 -W ignore:setup.py install is deprecated -W ignore:easy_install command is deprecated setup.py develop --editable --build-directory /home/duong/kaia_ws/build/makerspet/build --no-deps symlink_data
[4.769s] Level 1:colcon.colcon_core.shell:create_environment_hook('makerspet', 'pythonpath_develop')
[4.770s] INFO:colcon.colcon_core.shell:Creating environment hook '/home/duong/kaia_ws/build/makerspet/share/makerspet/hook/pythonpath_develop.ps1'
[4.770s] DEBUG:colcon.colcon_core.event_handler.log_command:Invoked command in '/home/duong/kaia_ws/build/makerspet' returned '0': AMENT_PREFIX_PATH=/home/duong/kaia_ws/install/kaiaai:/home/duong/kaia_ws/install/kaiaai_bringup:/opt/ros/iron PYTHONPATH=/home/duong/kaia_ws/build/makerspet/prefix_override:/usr/lib/python3/dist-packages/colcon_core/task/python/colcon_distutils_commands:/home/duong/kaia_ws/install/makerspet/lib/python3.10/site-packages:${PYTHONPATH} /usr/bin/python3 -W ignore:setup.py install is deprecated -W ignore:easy_install command is deprecated setup.py develop --editable --build-directory /home/duong/kaia_ws/build/makerspet/build --no-deps symlink_data
[4.771s] INFO:colcon.colcon_core.shell:Creating environment descriptor '/home/duong/kaia_ws/build/makerspet/share/makerspet/hook/pythonpath_develop.dsv'
[4.771s] INFO:colcon.colcon_core.shell:Creating environment hook '/home/duong/kaia_ws/build/makerspet/share/makerspet/hook/pythonpath_develop.sh'
[4.772s] Level 1:colcon.colcon_core.environment:checking '/home/duong/kaia_ws/install/makerspet' for CMake module files
[4.772s] Level 1:colcon.colcon_core.environment:checking '/home/duong/kaia_ws/install/makerspet' for CMake config files
[4.773s] Level 1:colcon.colcon_core.environment:checking '/home/duong/kaia_ws/install/makerspet/lib'
[4.773s] Level 1:colcon.colcon_core.environment:checking '/home/duong/kaia_ws/install/makerspet/bin'
[4.773s] Level 1:colcon.colcon_core.environment:checking '/home/duong/kaia_ws/install/makerspet/lib/pkgconfig/makerspet.pc'
[4.773s] Level 1:colcon.colcon_core.environment:checking '/home/duong/kaia_ws/install/makerspet/lib/python3.10/site-packages'
[4.773s] Level 1:colcon.colcon_core.shell:create_environment_hook('makerspet', 'pythonpath')
[4.774s] INFO:colcon.colcon_core.shell:Creating environment hook '/home/duong/kaia_ws/install/makerspet/share/makerspet/hook/pythonpath.ps1'
[4.774s] INFO:colcon.colcon_core.shell:Creating environment descriptor '/home/duong/kaia_ws/install/makerspet/share/makerspet/hook/pythonpath.dsv'
[4.774s] INFO:colcon.colcon_core.shell:Creating environment hook '/home/duong/kaia_ws/install/makerspet/share/makerspet/hook/pythonpath.sh'
[4.775s] Level 1:colcon.colcon_core.environment:checking '/home/duong/kaia_ws/install/makerspet/bin'
[4.775s] Level 1:colcon.colcon_core.environment:create_environment_scripts_only(makerspet)
[4.775s] INFO:colcon.colcon_core.shell:Creating package script '/home/duong/kaia_ws/install/makerspet/share/makerspet/package.ps1'
[4.776s] INFO:colcon.colcon_core.shell:Creating package descriptor '/home/duong/kaia_ws/install/makerspet/share/makerspet/package.dsv'
[4.777s] INFO:colcon.colcon_core.shell:Creating package script '/home/duong/kaia_ws/install/makerspet/share/makerspet/package.sh'
[4.777s] INFO:colcon.colcon_core.shell:Creating package script '/home/duong/kaia_ws/install/makerspet/share/makerspet/package.bash'
[4.777s] INFO:colcon.colcon_core.shell:Creating package script '/home/duong/kaia_ws/install/makerspet/share/makerspet/package.zsh'
[4.778s] Level 1:colcon.colcon_core.environment:create_file_with_runtime_dependencies(/home/duong/kaia_ws/install/makerspet/share/colcon-core/packages/makerspet)
[5.473s] DEBUG:colcon.colcon_core.event_handler.log_command:Invoked command in '/home/duong/kaia_ws/build/kaiaai_gazebo' returned '0': AMENT_PREFIX_PATH=/home/duong/kaia_ws/install/kaiaai:/home/duong/kaia_ws/install/kaiaai_bringup:/opt/ros/iron CMAKE_PREFIX_PATH=${CMAKE_PREFIX_PATH}:/home/duong/kaia_ws/install/kaiaai:/opt/ros/iron /usr/bin/cmake /home/duong/kaia_ws/src/kaiaai_gazebo -DAMENT_CMAKE_SYMLINK_INSTALL=1 -DCMAKE_INSTALL_PREFIX=/home/duong/kaia_ws/install/kaiaai_gazebo
[5.475s] DEBUG:colcon.colcon_core.event_handler.log_command:Invoking command in '/home/duong/kaia_ws/build/kaiaai_gazebo': AMENT_PREFIX_PATH=/home/duong/kaia_ws/install/kaiaai:/home/duong/kaia_ws/install/kaiaai_bringup:/opt/ros/iron CMAKE_PREFIX_PATH=${CMAKE_PREFIX_PATH}:/home/duong/kaia_ws/install/kaiaai:/opt/ros/iron /usr/bin/cmake --build /home/duong/kaia_ws/build/kaiaai_gazebo -- -j12 -l12
[6.166s] DEBUG:colcon.colcon_core.event_handler.log_command:Invoked command in '/home/duong/kaia_ws/build/explore_lite' returned '0': CMAKE_PREFIX_PATH=${CMAKE_PREFIX_PATH}:/home/duong/kaia_ws/install/kaiaai:/opt/ros/iron /usr/bin/cmake /home/duong/kaia_ws/src/m-explore-ros2/explore -DAMENT_CMAKE_SYMLINK_INSTALL=1 -DCMAKE_INSTALL_PREFIX=/home/duong/kaia_ws/install/explore_lite
[6.169s] DEBUG:colcon.colcon_core.event_handler.log_command:Invoking command in '/home/duong/kaia_ws/build/explore_lite': CMAKE_PREFIX_PATH=${CMAKE_PREFIX_PATH}:/home/duong/kaia_ws/install/kaiaai:/opt/ros/iron /usr/bin/cmake --build /home/duong/kaia_ws/build/explore_lite -- -j12 -l12
[14.273s] DEBUG:colcon.colcon_core.event_handler.log_command:Invoked command in '/home/duong/kaia_ws/build/auto_mapper' returned '0': CMAKE_PREFIX_PATH=${CMAKE_PREFIX_PATH}:/home/duong/kaia_ws/install/kaiaai:/opt/ros/iron /usr/bin/cmake /home/duong/kaia_ws/src/auto_mapper -DAMENT_CMAKE_SYMLINK_INSTALL=1 -DCMAKE_INSTALL_PREFIX=/home/duong/kaia_ws/install/auto_mapper
[14.276s] DEBUG:colcon.colcon_core.event_handler.log_command:Invoking command in '/home/duong/kaia_ws/build/auto_mapper': CMAKE_PREFIX_PATH=${CMAKE_PREFIX_PATH}:/home/duong/kaia_ws/install/kaiaai:/opt/ros/iron /usr/bin/cmake --build /home/duong/kaia_ws/build/auto_mapper -- -j12 -l12
[20.233s] DEBUG:colcon.colcon_core.event_handler.log_command:Invoked command in '/home/duong/kaia_ws/build/kaiaai_gazebo' returned '0': AMENT_PREFIX_PATH=/home/duong/kaia_ws/install/kaiaai:/home/duong/kaia_ws/install/kaiaai_bringup:/opt/ros/iron CMAKE_PREFIX_PATH=${CMAKE_PREFIX_PATH}:/home/duong/kaia_ws/install/kaiaai:/opt/ros/iron /usr/bin/cmake --build /home/duong/kaia_ws/build/kaiaai_gazebo -- -j12 -l12
[20.237s] DEBUG:colcon.colcon_core.event_handler.log_command:Invoking command in '/home/duong/kaia_ws/build/kaiaai_gazebo': AMENT_PREFIX_PATH=/home/duong/kaia_ws/install/kaiaai:/home/duong/kaia_ws/install/kaiaai_bringup:/opt/ros/iron CMAKE_PREFIX_PATH=${CMAKE_PREFIX_PATH}:/home/duong/kaia_ws/install/kaiaai:/opt/ros/iron /usr/bin/cmake --install /home/duong/kaia_ws/build/kaiaai_gazebo
[24.083s] Level 1:colcon.colcon_core.environment:create_environment_scripts_only(kaiaai_gazebo)
[24.084s] Level 1:colcon.colcon_core.environment:checking '/home/duong/kaia_ws/install/kaiaai_gazebo' for CMake module files
[24.085s] DEBUG:colcon.colcon_core.event_handler.log_command:Invoked command in '/home/duong/kaia_ws/build/kaiaai_gazebo' returned '0': AMENT_PREFIX_PATH=/home/duong/kaia_ws/install/kaiaai:/home/duong/kaia_ws/install/kaiaai_bringup:/opt/ros/iron CMAKE_PREFIX_PATH=${CMAKE_PREFIX_PATH}:/home/duong/kaia_ws/install/kaiaai:/opt/ros/iron /usr/bin/cmake --install /home/duong/kaia_ws/build/kaiaai_gazebo
[24.086s] Level 1:colcon.colcon_core.environment:checking '/home/duong/kaia_ws/install/kaiaai_gazebo' for CMake config files
[24.087s] Level 1:colcon.colcon_core.shell:create_environment_hook('kaiaai_gazebo', 'cmake_prefix_path')
[24.087s] INFO:colcon.colcon_core.shell:Creating environment hook '/home/duong/kaia_ws/install/kaiaai_gazebo/share/kaiaai_gazebo/hook/cmake_prefix_path.ps1'
[24.088s] INFO:colcon.colcon_core.shell:Creating environment descriptor '/home/duong/kaia_ws/install/kaiaai_gazebo/share/kaiaai_gazebo/hook/cmake_prefix_path.dsv'
[24.089s] INFO:colcon.colcon_core.shell:Creating environment hook '/home/duong/kaia_ws/install/kaiaai_gazebo/share/kaiaai_gazebo/hook/cmake_prefix_path.sh'
[24.090s] Level 1:colcon.colcon_core.environment:checking '/home/duong/kaia_ws/install/kaiaai_gazebo/lib'
[24.090s] Level 1:colcon.colcon_core.environment:checking '/home/duong/kaia_ws/install/kaiaai_gazebo/bin'
[24.090s] Level 1:colcon.colcon_core.environment:checking '/home/duong/kaia_ws/install/kaiaai_gazebo/lib/pkgconfig/kaiaai_gazebo.pc'
[24.091s] Level 1:colcon.colcon_core.environment:checking '/home/duong/kaia_ws/install/kaiaai_gazebo/lib/python3.10/site-packages'
[24.091s] Level 1:colcon.colcon_core.environment:checking '/home/duong/kaia_ws/install/kaiaai_gazebo/bin'
[24.092s] INFO:colcon.colcon_core.shell:Creating package script '/home/duong/kaia_ws/install/kaiaai_gazebo/share/kaiaai_gazebo/package.ps1'
[24.093s] INFO:colcon.colcon_core.shell:Creating package descriptor '/home/duong/kaia_ws/install/kaiaai_gazebo/share/kaiaai_gazebo/package.dsv'
[24.094s] INFO:colcon.colcon_core.shell:Creating package script '/home/duong/kaia_ws/install/kaiaai_gazebo/share/kaiaai_gazebo/package.sh'
[24.094s] INFO:colcon.colcon_core.shell:Creating package script '/home/duong/kaia_ws/install/kaiaai_gazebo/share/kaiaai_gazebo/package.bash'
[24.095s] INFO:colcon.colcon_core.shell:Creating package script '/home/duong/kaia_ws/install/kaiaai_gazebo/share/kaiaai_gazebo/package.zsh'
[24.096s] Level 1:colcon.colcon_core.environment:create_file_with_runtime_dependencies(/home/duong/kaia_ws/install/kaiaai_gazebo/share/colcon-core/packages/kaiaai_gazebo)
[24.097s] Level 1:colcon.colcon_core.environment:create_environment_scripts_only(kaiaai_gazebo)
[24.097s] Level 1:colcon.colcon_core.environment:checking '/home/duong/kaia_ws/install/kaiaai_gazebo' for CMake module files
[24.098s] Level 1:colcon.colcon_core.environment:checking '/home/duong/kaia_ws/install/kaiaai_gazebo' for CMake config files
[24.099s] Level 1:colcon.colcon_core.shell:create_environment_hook('kaiaai_gazebo', 'cmake_prefix_path')
[24.100s] INFO:colcon.colcon_core.shell:Creating environment hook '/home/duong/kaia_ws/install/kaiaai_gazebo/share/kaiaai_gazebo/hook/cmake_prefix_path.ps1'
[24.100s] INFO:colcon.colcon_core.shell:Creating environment descriptor '/home/duong/kaia_ws/install/kaiaai_gazebo/share/kaiaai_gazebo/hook/cmake_prefix_path.dsv'
[24.101s] INFO:colcon.colcon_core.shell:Creating environment hook '/home/duong/kaia_ws/install/kaiaai_gazebo/share/kaiaai_gazebo/hook/cmake_prefix_path.sh'
[24.102s] Level 1:colcon.colcon_core.environment:checking '/home/duong/kaia_ws/install/kaiaai_gazebo/lib'
[24.102s] Level 1:colcon.colcon_core.environment:checking '/home/duong/kaia_ws/install/kaiaai_gazebo/bin'
[24.102s] Level 1:colcon.colcon_core.environment:checking '/home/duong/kaia_ws/install/kaiaai_gazebo/lib/pkgconfig/kaiaai_gazebo.pc'
[24.103s] Level 1:colcon.colcon_core.environment:checking '/home/duong/kaia_ws/install/kaiaai_gazebo/lib/python3.10/site-packages'
[24.103s] Level 1:colcon.colcon_core.environment:checking '/home/duong/kaia_ws/install/kaiaai_gazebo/bin'
[24.104s] INFO:colcon.colcon_core.shell:Creating package script '/home/duong/kaia_ws/install/kaiaai_gazebo/share/kaiaai_gazebo/package.ps1'
[24.105s] INFO:colcon.colcon_core.shell:Creating package descriptor '/home/duong/kaia_ws/install/kaiaai_gazebo/share/kaiaai_gazebo/package.dsv'
[24.106s] INFO:colcon.colcon_core.shell:Creating package script '/home/duong/kaia_ws/install/kaiaai_gazebo/share/kaiaai_gazebo/package.sh'
[24.107s] INFO:colcon.colcon_core.shell:Creating package script '/home/duong/kaia_ws/install/kaiaai_gazebo/share/kaiaai_gazebo/package.bash'
[24.108s] INFO:colcon.colcon_core.shell:Creating package script '/home/duong/kaia_ws/install/kaiaai_gazebo/share/kaiaai_gazebo/package.zsh'
[24.109s] Level 1:colcon.colcon_core.environment:create_file_with_runtime_dependencies(/home/duong/kaia_ws/install/kaiaai_gazebo/share/colcon-core/packages/kaiaai_gazebo)
[24.853s] DEBUG:colcon.colcon_core.event_handler.log_command:Invoked command in '/home/duong/kaia_ws/build/explore_lite' returned '0': CMAKE_PREFIX_PATH=${CMAKE_PREFIX_PATH}:/home/duong/kaia_ws/install/kaiaai:/opt/ros/iron /usr/bin/cmake --build /home/duong/kaia_ws/build/explore_lite -- -j12 -l12
[24.854s] DEBUG:colcon.colcon_core.event_handler.log_command:Invoking command in '/home/duong/kaia_ws/build/explore_lite': CMAKE_PREFIX_PATH=${CMAKE_PREFIX_PATH}:/home/duong/kaia_ws/install/kaiaai:/opt/ros/iron /usr/bin/cmake --install /home/duong/kaia_ws/build/explore_lite
[25.145s] Level 1:colcon.colcon_core.environment:create_environment_scripts_only(explore_lite)
[25.145s] Level 1:colcon.colcon_core.environment:checking '/home/duong/kaia_ws/install/explore_lite' for CMake module files
[25.146s] DEBUG:colcon.colcon_core.event_handler.log_command:Invoked command in '/home/duong/kaia_ws/build/explore_lite' returned '0': CMAKE_PREFIX_PATH=${CMAKE_PREFIX_PATH}:/home/duong/kaia_ws/install/kaiaai:/opt/ros/iron /usr/bin/cmake --install /home/duong/kaia_ws/build/explore_lite
[25.147s] Level 1:colcon.colcon_core.environment:checking '/home/duong/kaia_ws/install/explore_lite' for CMake config files
[25.148s] Level 1:colcon.colcon_core.shell:create_environment_hook('explore_lite', 'cmake_prefix_path')
[25.148s] INFO:colcon.colcon_core.shell:Creating environment hook '/home/duong/kaia_ws/install/explore_lite/share/explore_lite/hook/cmake_prefix_path.ps1'
[25.149s] INFO:colcon.colcon_core.shell:Creating environment descriptor '/home/duong/kaia_ws/install/explore_lite/share/explore_lite/hook/cmake_prefix_path.dsv'
[25.149s] INFO:colcon.colcon_core.shell:Creating environment hook '/home/duong/kaia_ws/install/explore_lite/share/explore_lite/hook/cmake_prefix_path.sh'
[25.150s] Level 1:colcon.colcon_core.environment:checking '/home/duong/kaia_ws/install/explore_lite/lib'
[25.151s] Level 1:colcon.colcon_core.environment:checking '/home/duong/kaia_ws/install/explore_lite/bin'
[25.151s] Level 1:colcon.colcon_core.environment:checking '/home/duong/kaia_ws/install/explore_lite/lib/pkgconfig/explore_lite.pc'
[25.151s] Level 1:colcon.colcon_core.environment:checking '/home/duong/kaia_ws/install/explore_lite/lib/python3.10/site-packages'
[25.152s] Level 1:colcon.colcon_core.environment:checking '/home/duong/kaia_ws/install/explore_lite/bin'
[25.152s] INFO:colcon.colcon_core.shell:Creating package script '/home/duong/kaia_ws/install/explore_lite/share/explore_lite/package.ps1'
[25.153s] INFO:colcon.colcon_core.shell:Creating package descriptor '/home/duong/kaia_ws/install/explore_lite/share/explore_lite/package.dsv'
[25.154s] INFO:colcon.colcon_core.shell:Creating package script '/home/duong/kaia_ws/install/explore_lite/share/explore_lite/package.sh'
[25.155s] INFO:colcon.colcon_core.shell:Creating package script '/home/duong/kaia_ws/install/explore_lite/share/explore_lite/package.bash'
[25.155s] INFO:colcon.colcon_core.shell:Creating package script '/home/duong/kaia_ws/install/explore_lite/share/explore_lite/package.zsh'
[25.156s] Level 1:colcon.colcon_core.environment:create_file_with_runtime_dependencies(/home/duong/kaia_ws/install/explore_lite/share/colcon-core/packages/explore_lite)
[25.157s] Level 1:colcon.colcon_core.environment:create_environment_scripts_only(explore_lite)
[25.157s] Level 1:colcon.colcon_core.environment:checking '/home/duong/kaia_ws/install/explore_lite' for CMake module files
[25.158s] Level 1:colcon.colcon_core.environment:checking '/home/duong/kaia_ws/install/explore_lite' for CMake config files
[25.159s] Level 1:colcon.colcon_core.shell:create_environment_hook('explore_lite', 'cmake_prefix_path')
[25.159s] INFO:colcon.colcon_core.shell:Creating environment hook '/home/duong/kaia_ws/install/explore_lite/share/explore_lite/hook/cmake_prefix_path.ps1'
[25.160s] INFO:colcon.colcon_core.shell:Creating environment descriptor '/home/duong/kaia_ws/install/explore_lite/share/explore_lite/hook/cmake_prefix_path.dsv'
[25.161s] INFO:colcon.colcon_core.shell:Creating environment hook '/home/duong/kaia_ws/install/explore_lite/share/explore_lite/hook/cmake_prefix_path.sh'
[25.162s] Level 1:colcon.colcon_core.environment:checking '/home/duong/kaia_ws/install/explore_lite/lib'
[25.162s] Level 1:colcon.colcon_core.environment:checking '/home/duong/kaia_ws/install/explore_lite/bin'
[25.162s] Level 1:colcon.colcon_core.environment:checking '/home/duong/kaia_ws/install/explore_lite/lib/pkgconfig/explore_lite.pc'
[25.162s] Level 1:colcon.colcon_core.environment:checking '/home/duong/kaia_ws/install/explore_lite/lib/python3.10/site-packages'
[25.163s] Level 1:colcon.colcon_core.environment:checking '/home/duong/kaia_ws/install/explore_lite/bin'
[25.164s] INFO:colcon.colcon_core.shell:Creating package script '/home/duong/kaia_ws/install/explore_lite/share/explore_lite/package.ps1'
[25.165s] INFO:colcon.colcon_core.shell:Creating package descriptor '/home/duong/kaia_ws/install/explore_lite/share/explore_lite/package.dsv'
[25.166s] INFO:colcon.colcon_core.shell:Creating package script '/home/duong/kaia_ws/install/explore_lite/share/explore_lite/package.sh'
[25.167s] INFO:colcon.colcon_core.shell:Creating package script '/home/duong/kaia_ws/install/explore_lite/share/explore_lite/package.bash'
[25.167s] INFO:colcon.colcon_core.shell:Creating package script '/home/duong/kaia_ws/install/explore_lite/share/explore_lite/package.zsh'
[25.168s] Level 1:colcon.colcon_core.environment:create_file_with_runtime_dependencies(/home/duong/kaia_ws/install/explore_lite/share/colcon-core/packages/explore_lite)
[31.596s] DEBUG:colcon.colcon_core.event_handler.log_command:Invoked command in '/home/duong/kaia_ws/build/auto_mapper' returned '0': CMAKE_PREFIX_PATH=${CMAKE_PREFIX_PATH}:/home/duong/kaia_ws/install/kaiaai:/opt/ros/iron /usr/bin/cmake --build /home/duong/kaia_ws/build/auto_mapper -- -j12 -l12
[31.599s] DEBUG:colcon.colcon_core.event_handler.log_command:Invoking command in '/home/duong/kaia_ws/build/auto_mapper': CMAKE_PREFIX_PATH=${CMAKE_PREFIX_PATH}:/home/duong/kaia_ws/install/kaiaai:/opt/ros/iron /usr/bin/cmake --install /home/duong/kaia_ws/build/auto_mapper
[31.890s] Level 1:colcon.colcon_core.environment:create_environment_scripts_only(auto_mapper)
[31.890s] Level 1:colcon.colcon_core.environment:checking '/home/duong/kaia_ws/install/auto_mapper' for CMake module files
[31.891s] DEBUG:colcon.colcon_core.event_handler.log_command:Invoked command in '/home/duong/kaia_ws/build/auto_mapper' returned '0': CMAKE_PREFIX_PATH=${CMAKE_PREFIX_PATH}:/home/duong/kaia_ws/install/kaiaai:/opt/ros/iron /usr/bin/cmake --install /home/duong/kaia_ws/build/auto_mapper
[31.891s] Level 1:colcon.colcon_core.environment:checking '/home/duong/kaia_ws/install/auto_mapper' for CMake config files
[31.891s] Level 1:colcon.colcon_core.shell:create_environment_hook('auto_mapper', 'cmake_prefix_path')
[31.892s] INFO:colcon.colcon_core.shell:Creating environment hook '/home/duong/kaia_ws/install/auto_mapper/share/auto_mapper/hook/cmake_prefix_path.ps1'
[31.892s] INFO:colcon.colcon_core.shell:Creating environment descriptor '/home/duong/kaia_ws/install/auto_mapper/share/auto_mapper/hook/cmake_prefix_path.dsv'
[31.892s] INFO:colcon.colcon_core.shell:Creating environment hook '/home/duong/kaia_ws/install/auto_mapper/share/auto_mapper/hook/cmake_prefix_path.sh'
[31.893s] Level 1:colcon.colcon_core.environment:checking '/home/duong/kaia_ws/install/auto_mapper/lib'
[31.893s] Level 1:colcon.colcon_core.environment:checking '/home/duong/kaia_ws/install/auto_mapper/bin'
[31.893s] Level 1:colcon.colcon_core.environment:checking '/home/duong/kaia_ws/install/auto_mapper/lib/pkgconfig/auto_mapper.pc'
[31.893s] Level 1:colcon.colcon_core.environment:checking '/home/duong/kaia_ws/install/auto_mapper/lib/python3.10/site-packages'
[31.893s] Level 1:colcon.colcon_core.environment:checking '/home/duong/kaia_ws/install/auto_mapper/bin'
[31.893s] INFO:colcon.colcon_core.shell:Creating package script '/home/duong/kaia_ws/install/auto_mapper/share/auto_mapper/package.ps1'
[31.894s] INFO:colcon.colcon_core.shell:Creating package descriptor '/home/duong/kaia_ws/install/auto_mapper/share/auto_mapper/package.dsv'
[31.894s] INFO:colcon.colcon_core.shell:Creating package script '/home/duong/kaia_ws/install/auto_mapper/share/auto_mapper/package.sh'
[31.895s] INFO:colcon.colcon_core.shell:Creating package script '/home/duong/kaia_ws/install/auto_mapper/share/auto_mapper/package.bash'
[31.895s] INFO:colcon.colcon_core.shell:Creating package script '/home/duong/kaia_ws/install/auto_mapper/share/auto_mapper/package.zsh'
[31.895s] Level 1:colcon.colcon_core.environment:create_file_with_runtime_dependencies(/home/duong/kaia_ws/install/auto_mapper/share/colcon-core/packages/auto_mapper)
[31.896s] Level 1:colcon.colcon_core.environment:create_environment_scripts_only(auto_mapper)
[31.896s] Level 1:colcon.colcon_core.environment:checking '/home/duong/kaia_ws/install/auto_mapper' for CMake module files
[31.896s] Level 1:colcon.colcon_core.environment:checking '/home/duong/kaia_ws/install/auto_mapper' for CMake config files
[31.896s] Level 1:colcon.colcon_core.shell:create_environment_hook('auto_mapper', 'cmake_prefix_path')
[31.897s] INFO:colcon.colcon_core.shell:Creating environment hook '/home/duong/kaia_ws/install/auto_mapper/share/auto_mapper/hook/cmake_prefix_path.ps1'
[31.897s] INFO:colcon.colcon_core.shell:Creating environment descriptor '/home/duong/kaia_ws/install/auto_mapper/share/auto_mapper/hook/cmake_prefix_path.dsv'
[31.897s] INFO:colcon.colcon_core.shell:Creating environment hook '/home/duong/kaia_ws/install/auto_mapper/share/auto_mapper/hook/cmake_prefix_path.sh'
[31.898s] Level 1:colcon.colcon_core.environment:checking '/home/duong/kaia_ws/install/auto_mapper/lib'
[31.898s] Level 1:colcon.colcon_core.environment:checking '/home/duong/kaia_ws/install/auto_mapper/bin'
[31.898s] Level 1:colcon.colcon_core.environment:checking '/home/duong/kaia_ws/install/auto_mapper/lib/pkgconfig/auto_mapper.pc'
[31.898s] Level 1:colcon.colcon_core.environment:checking '/home/duong/kaia_ws/install/auto_mapper/lib/python3.10/site-packages'
[31.898s] Level 1:colcon.colcon_core.environment:checking '/home/duong/kaia_ws/install/auto_mapper/bin'
[31.898s] INFO:colcon.colcon_core.shell:Creating package script '/home/duong/kaia_ws/install/auto_mapper/share/auto_mapper/package.ps1'
[31.904s] INFO:colcon.colcon_core.shell:Creating package descriptor '/home/duong/kaia_ws/install/auto_mapper/share/auto_mapper/package.dsv'
[31.905s] INFO:colcon.colcon_core.shell:Creating package script '/home/duong/kaia_ws/install/auto_mapper/share/auto_mapper/package.sh'
[31.905s] INFO:colcon.colcon_core.shell:Creating package script '/home/duong/kaia_ws/install/auto_mapper/share/auto_mapper/package.bash'
[31.905s] INFO:colcon.colcon_core.shell:Creating package script '/home/duong/kaia_ws/install/auto_mapper/share/auto_mapper/package.zsh'
[31.906s] Level 1:colcon.colcon_core.environment:create_file_with_runtime_dependencies(/home/duong/kaia_ws/install/auto_mapper/share/colcon-core/packages/auto_mapper)
[31.906s] DEBUG:colcon.colcon_parallel_executor.executor.parallel:closing loop
[31.906s] DEBUG:colcon.colcon_parallel_executor.executor.parallel:loop closed
[31.906s] DEBUG:colcon.colcon_parallel_executor.executor.parallel:run_until_complete finished with '0'
[31.906s] DEBUG:colcon.colcon_core.event_reactor:joining thread
[31.911s] INFO:colcon.colcon_core.plugin_system:Skipping extension 'colcon_notification.desktop_notification.terminal_notifier': Not used on non-Darwin systems
[31.912s] INFO:colcon.colcon_core.plugin_system:Skipping extension 'colcon_notification.desktop_notification.win32': Not used on non-Windows systems
[31.912s] INFO:colcon.colcon_notification.desktop_notification:Sending desktop notification using 'notify2'
[31.942s] DEBUG:colcon.colcon_core.event_reactor:joined thread
[31.943s] INFO:colcon.colcon_core.shell:Creating prefix script '/home/duong/kaia_ws/install/local_setup.ps1'
[31.945s] INFO:colcon.colcon_core.shell:Creating prefix util module '/home/duong/kaia_ws/install/_local_setup_util_ps1.py'
[31.948s] INFO:colcon.colcon_core.shell:Creating prefix chain script '/home/duong/kaia_ws/install/setup.ps1'
[31.950s] INFO:colcon.colcon_core.shell:Creating prefix script '/home/duong/kaia_ws/install/local_setup.sh'
[31.951s] INFO:colcon.colcon_core.shell:Creating prefix util module '/home/duong/kaia_ws/install/_local_setup_util_sh.py'
[31.952s] INFO:colcon.colcon_core.shell:Creating prefix chain script '/home/duong/kaia_ws/install/setup.sh'
[31.954s] INFO:colcon.colcon_core.shell:Creating prefix script '/home/duong/kaia_ws/install/local_setup.bash'
[31.955s] INFO:colcon.colcon_core.shell:Creating prefix chain script '/home/duong/kaia_ws/install/setup.bash'
[31.957s] INFO:colcon.colcon_core.shell:Creating prefix script '/home/duong/kaia_ws/install/local_setup.zsh'
[31.958s] INFO:colcon.colcon_core.shell:Creating prefix chain script '/home/duong/kaia_ws/install/setup.zsh'
