[0.000000] (-) TimerEvent: {}
[0.000966] (drive_base_msgs) JobQueued: {'identifier': 'drive_base_msgs', 'dependencies': OrderedDict()}
[0.001082] (micro_ros_msgs) JobQueued: {'identifier': 'micro_ros_msgs', 'dependencies': OrderedDict()}
[0.001125] (micro_ros_setup) JobQueued: {'identifier': 'micro_ros_setup', 'dependencies': OrderedDict()}
[0.001325] (micro_ros_agent) JobQueued: {'identifier': 'micro_ros_agent', 'dependencies': OrderedDict([('micro_ros_msgs', '/home/duong/Arduino/ROS2_ServiceRobot/uros_ws/install/micro_ros_msgs')])}
[0.001400] (micro_ros_msgs) JobStarted: {'identifier': 'micro_ros_msgs'}
[0.009669] (drive_base_msgs) JobStarted: {'identifier': 'drive_base_msgs'}
[0.015085] (micro_ros_setup) JobStarted: {'identifier': 'micro_ros_setup'}
[0.021567] (micro_ros_msgs) JobProgress: {'identifier': 'micro_ros_msgs', 'progress': 'cmake'}
[0.022475] (micro_ros_msgs) JobProgress: {'identifier': 'micro_ros_msgs', 'progress': 'build'}
[0.023543] (micro_ros_msgs) Command: {'cmd': ['/usr/bin/cmake', '--build', '/home/duong/Arduino/ROS2_ServiceRobot/uros_ws/build/micro_ros_msgs', '--', '-j12', '-l12'], 'cwd': '/home/duong/Arduino/ROS2_ServiceRobot/uros_ws/build/micro_ros_msgs', 'env': OrderedDict([('SHLVL', '0'), ('LD_LIBRARY_PATH', '/usr/lib/x86_64-linux-gnu/gazebo-11/plugins:/opt/ros/iron/opt/rviz_ogre_vendor/lib:/opt/ros/iron/lib/x86_64-linux-gnu:/opt/ros/iron/lib'), ('HOME', '/tmp'), ('ROS_PYTHON_VERSION', '3'), ('ROS_DISTRO', 'iron'), ('_', '/usr/bin/colcon'), ('ROS_VERSION', '2'), ('PATH', '/opt/ros/iron/bin:/usr/local/bin:/usr/bin:/bin'), ('LANG', 'C.UTF-8'), ('AMENT_PREFIX_PATH', '/opt/ros/iron'), ('ROS_AUTOMATIC_DISCOVERY_RANGE', 'SUBNET'), ('PWD', '/home/duong/Arduino/ROS2_ServiceRobot/uros_ws/build/micro_ros_msgs'), ('LC_ALL', 'C.UTF-8'), ('PYTHONPATH', '/opt/ros/iron/lib/python3.10/site-packages'), ('COLCON', '1'), ('CMAKE_PREFIX_PATH', '/opt/ros/iron')]), 'shell': False}
[0.026201] (drive_base_msgs) JobProgress: {'identifier': 'drive_base_msgs', 'progress': 'cmake'}
[0.026568] (drive_base_msgs) JobProgress: {'identifier': 'drive_base_msgs', 'progress': 'build'}
[0.026935] (drive_base_msgs) Command: {'cmd': ['/usr/bin/cmake', '--build', '/home/duong/Arduino/ROS2_ServiceRobot/uros_ws/build/drive_base_msgs', '--', '-j12', '-l12'], 'cwd': '/home/duong/Arduino/ROS2_ServiceRobot/uros_ws/build/drive_base_msgs', 'env': OrderedDict([('SHLVL', '0'), ('LD_LIBRARY_PATH', '/usr/lib/x86_64-linux-gnu/gazebo-11/plugins:/opt/ros/iron/opt/rviz_ogre_vendor/lib:/opt/ros/iron/lib/x86_64-linux-gnu:/opt/ros/iron/lib'), ('HOME', '/tmp'), ('ROS_PYTHON_VERSION', '3'), ('ROS_DISTRO', 'iron'), ('_', '/usr/bin/colcon'), ('ROS_VERSION', '2'), ('PATH', '/opt/ros/iron/bin:/usr/local/bin:/usr/bin:/bin'), ('LANG', 'C.UTF-8'), ('AMENT_PREFIX_PATH', '/opt/ros/iron'), ('ROS_AUTOMATIC_DISCOVERY_RANGE', 'SUBNET'), ('PWD', '/home/duong/Arduino/ROS2_ServiceRobot/uros_ws/build/drive_base_msgs'), ('LC_ALL', 'C.UTF-8'), ('PYTHONPATH', '/opt/ros/iron/lib/python3.10/site-packages'), ('COLCON', '1'), ('CMAKE_PREFIX_PATH', '/opt/ros/iron')]), 'shell': False}
[0.029744] (micro_ros_setup) JobProgress: {'identifier': 'micro_ros_setup', 'progress': 'cmake'}
[0.030635] (micro_ros_setup) JobProgress: {'identifier': 'micro_ros_setup', 'progress': 'build'}
[0.031042] (micro_ros_setup) Command: {'cmd': ['/usr/bin/cmake', '--build', '/home/duong/Arduino/ROS2_ServiceRobot/uros_ws/build/micro_ros_setup', '--', '-j12', '-l12'], 'cwd': '/home/duong/Arduino/ROS2_ServiceRobot/uros_ws/build/micro_ros_setup', 'env': OrderedDict([('SHLVL', '0'), ('LD_LIBRARY_PATH', '/usr/lib/x86_64-linux-gnu/gazebo-11/plugins:/opt/ros/iron/opt/rviz_ogre_vendor/lib:/opt/ros/iron/lib/x86_64-linux-gnu:/opt/ros/iron/lib'), ('HOME', '/tmp'), ('ROS_PYTHON_VERSION', '3'), ('ROS_DISTRO', 'iron'), ('_', '/usr/bin/colcon'), ('ROS_VERSION', '2'), ('PATH', '/opt/ros/iron/bin:/usr/local/bin:/usr/bin:/bin'), ('LANG', 'C.UTF-8'), ('AMENT_PREFIX_PATH', '/opt/ros/iron'), ('ROS_AUTOMATIC_DISCOVERY_RANGE', 'SUBNET'), ('PWD', '/home/duong/Arduino/ROS2_ServiceRobot/uros_ws/build/micro_ros_setup'), ('LC_ALL', 'C.UTF-8'), ('PYTHONPATH', '/opt/ros/iron/lib/python3.10/site-packages'), ('COLCON', '1'), ('CMAKE_PREFIX_PATH', '/opt/ros/iron')]), 'shell': False}
[0.097350] (micro_ros_setup) CommandEnded: {'returncode': 0}
[0.098253] (micro_ros_setup) JobProgress: {'identifier': 'micro_ros_setup', 'progress': 'install'}
[0.099598] (-) TimerEvent: {}
[0.113823] (micro_ros_setup) Command: {'cmd': ['/usr/bin/cmake', '--install', '/home/duong/Arduino/ROS2_ServiceRobot/uros_ws/build/micro_ros_setup'], 'cwd': '/home/duong/Arduino/ROS2_ServiceRobot/uros_ws/build/micro_ros_setup', 'env': OrderedDict([('SHLVL', '0'), ('LD_LIBRARY_PATH', '/usr/lib/x86_64-linux-gnu/gazebo-11/plugins:/opt/ros/iron/opt/rviz_ogre_vendor/lib:/opt/ros/iron/lib/x86_64-linux-gnu:/opt/ros/iron/lib'), ('HOME', '/tmp'), ('ROS_PYTHON_VERSION', '3'), ('ROS_DISTRO', 'iron'), ('_', '/usr/bin/colcon'), ('ROS_VERSION', '2'), ('PATH', '/opt/ros/iron/bin:/usr/local/bin:/usr/bin:/bin'), ('LANG', 'C.UTF-8'), ('AMENT_PREFIX_PATH', '/opt/ros/iron'), ('ROS_AUTOMATIC_DISCOVERY_RANGE', 'SUBNET'), ('PWD', '/home/duong/Arduino/ROS2_ServiceRobot/uros_ws/build/micro_ros_setup'), ('LC_ALL', 'C.UTF-8'), ('PYTHONPATH', '/opt/ros/iron/lib/python3.10/site-packages'), ('COLCON', '1'), ('CMAKE_PREFIX_PATH', '/opt/ros/iron')]), 'shell': False}
[0.116105] (micro_ros_msgs) StdoutLine: {'line': b'[  1%] Built target micro_ros_msgs__rosidl_generator_type_description\n'}
[0.116383] (drive_base_msgs) StdoutLine: {'line': b'[  1%] Built target drive_base_msgs__rosidl_generator_type_description\n'}
[0.124100] (micro_ros_msgs) StdoutLine: {'line': b'[  1%] Built target ament_cmake_python_symlink_micro_ros_msgs\n'}
[0.130723] (micro_ros_setup) StdoutLine: {'line': b'-- Install configuration: ""\n'}
[0.131059] (micro_ros_setup) StdoutLine: {'line': b'-- Execute custom install script\n'}
[0.131185] (micro_ros_setup) StdoutLine: {'line': b'-- Up-to-date symlink: /home/duong/Arduino/ROS2_ServiceRobot/uros_ws/install/micro_ros_setup/share/ament_index/resource_index/package_run_dependencies/micro_ros_setup\n'}
[0.131292] (micro_ros_setup) StdoutLine: {'line': b'-- Up-to-date symlink: /home/duong/Arduino/ROS2_ServiceRobot/uros_ws/install/micro_ros_setup/share/ament_index/resource_index/parent_prefix_path/micro_ros_setup\n'}
[0.131397] (drive_base_msgs) StdoutLine: {'line': b'[  1%] Built target ament_cmake_python_symlink_drive_base_msgs\n'}
[0.131932] (micro_ros_setup) StdoutLine: {'line': b'-- Up-to-date symlink: /home/duong/Arduino/ROS2_ServiceRobot/uros_ws/install/micro_ros_setup/share/micro_ros_setup/environment/ament_prefix_path.sh\n'}
[0.132866] (micro_ros_setup) StdoutLine: {'line': b'-- Up-to-date symlink: /home/duong/Arduino/ROS2_ServiceRobot/uros_ws/install/micro_ros_setup/share/micro_ros_setup/environment/ament_prefix_path.dsv\n'}
[0.133949] (micro_ros_setup) StdoutLine: {'line': b'-- Up-to-date symlink: /home/duong/Arduino/ROS2_ServiceRobot/uros_ws/install/micro_ros_setup/share/micro_ros_setup/environment/path.sh\n'}
[0.137319] (micro_ros_setup) StdoutLine: {'line': b'-- Up-to-date symlink: /home/duong/Arduino/ROS2_ServiceRobot/uros_ws/install/micro_ros_setup/share/micro_ros_setup/environment/path.dsv\n'}
[0.137551] (micro_ros_setup) StdoutLine: {'line': b'-- Up-to-date symlink: /home/duong/Arduino/ROS2_ServiceRobot/uros_ws/install/micro_ros_setup/share/micro_ros_setup/local_setup.bash\n'}
[0.137659] (micro_ros_setup) StdoutLine: {'line': b'-- Up-to-date symlink: /home/duong/Arduino/ROS2_ServiceRobot/uros_ws/install/micro_ros_setup/share/micro_ros_setup/local_setup.sh\n'}
[0.137761] (micro_ros_setup) StdoutLine: {'line': b'-- Up-to-date symlink: /home/duong/Arduino/ROS2_ServiceRobot/uros_ws/install/micro_ros_setup/share/micro_ros_setup/local_setup.zsh\n'}
[0.137860] (micro_ros_setup) StdoutLine: {'line': b'-- Up-to-date symlink: /home/duong/Arduino/ROS2_ServiceRobot/uros_ws/install/micro_ros_setup/share/micro_ros_setup/local_setup.dsv\n'}
[0.137959] (micro_ros_setup) StdoutLine: {'line': b'-- Symlinking: /home/duong/Arduino/ROS2_ServiceRobot/uros_ws/install/micro_ros_setup/share/micro_ros_setup/package.dsv\n'}
[0.145165] (micro_ros_msgs) StdoutLine: {'line': b'Consolidate compiler generated dependencies of target micro_ros_msgs__rosidl_generator_c\n'}
[0.150918] (micro_ros_msgs) StdoutLine: {'line': b'[  3%] Built target micro_ros_msgs__cpp\n'}
[0.162923] (micro_ros_setup) StdoutLine: {'line': b'-- Up-to-date symlink: /home/duong/Arduino/ROS2_ServiceRobot/uros_ws/install/micro_ros_setup/share/ament_index/resource_index/packages/micro_ros_setup\n'}
[0.163896] (micro_ros_setup) StdoutLine: {'line': b'-- Up-to-date symlink: /home/duong/Arduino/ROS2_ServiceRobot/uros_ws/install/micro_ros_setup/share/micro_ros_setup/cmake/micro_ros_setupConfig.cmake\n'}
[0.166087] (micro_ros_setup) StdoutLine: {'line': b'-- Up-to-date symlink: /home/duong/Arduino/ROS2_ServiceRobot/uros_ws/install/micro_ros_setup/share/micro_ros_setup/cmake/micro_ros_setupConfig-version.cmake\n'}
[0.166591] (micro_ros_setup) StdoutLine: {'line': b'-- Up-to-date symlink: /home/duong/Arduino/ROS2_ServiceRobot/uros_ws/install/micro_ros_setup/share/micro_ros_setup/package.xml\n'}
[0.166733] (micro_ros_setup) StdoutLine: {'line': b'-- Up-to-date symlink: /home/duong/Arduino/ROS2_ServiceRobot/uros_ws/install/micro_ros_setup/lib/micro_ros_setup/create_ws.sh\n'}
[0.166835] (micro_ros_setup) StdoutLine: {'line': b'-- Up-to-date symlink: /home/duong/Arduino/ROS2_ServiceRobot/uros_ws/install/micro_ros_setup/lib/micro_ros_setup/create_agent_ws.sh\n'}
[0.166937] (micro_ros_setup) StdoutLine: {'line': b'-- Up-to-date symlink: /home/duong/Arduino/ROS2_ServiceRobot/uros_ws/install/micro_ros_setup/lib/micro_ros_setup/create_firmware_ws.sh\n'}
[0.167549] (micro_ros_setup) StdoutLine: {'line': b'-- Up-to-date symlink: /home/duong/Arduino/ROS2_ServiceRobot/uros_ws/install/micro_ros_setup/lib/micro_ros_setup/configure_firmware.sh\n'}
[0.168633] (micro_ros_setup) StdoutLine: {'line': b'-- Up-to-date symlink: /home/duong/Arduino/ROS2_ServiceRobot/uros_ws/install/micro_ros_setup/lib/micro_ros_setup/flash_firmware.sh\n'}
[0.172082] (micro_ros_setup) StdoutLine: {'line': b'-- Up-to-date symlink: /home/duong/Arduino/ROS2_ServiceRobot/uros_ws/install/micro_ros_setup/lib/micro_ros_setup/build_firmware.sh\n'}
[0.172673] (micro_ros_setup) StdoutLine: {'line': b'-- Up-to-date symlink: /home/duong/Arduino/ROS2_ServiceRobot/uros_ws/install/micro_ros_setup/lib/micro_ros_setup/build_agent.sh\n'}
[0.172809] (micro_ros_setup) StdoutLine: {'line': b'-- Up-to-date symlink: /home/duong/Arduino/ROS2_ServiceRobot/uros_ws/install/micro_ros_setup/lib/micro_ros_setup/yaml_filter.py\n'}
[0.172951] (micro_ros_setup) StdoutLine: {'line': b'-- Up-to-date symlink: /home/duong/Arduino/ROS2_ServiceRobot/uros_ws/install/micro_ros_setup/lib/micro_ros_setup/clean_env.sh\n'}
[0.173088] (micro_ros_setup) StdoutLine: {'line': b'-- Up-to-date symlink: /home/duong/Arduino/ROS2_ServiceRobot/uros_ws/install/micro_ros_setup/lib/micro_ros_setup/component\n'}
[0.173199] (micro_ros_setup) StdoutLine: {'line': b'-- Up-to-date: /home/duong/Arduino/ROS2_ServiceRobot/uros_ws/install/micro_ros_setup/./config\n'}
[0.173310] (micro_ros_setup) StdoutLine: {'line': b'-- Up-to-date: /home/duong/Arduino/ROS2_ServiceRobot/uros_ws/install/micro_ros_setup/./config/client_ros2_packages.txt\n'}
[0.173430] (micro_ros_setup) StdoutLine: {'line': b'-- Up-to-date: /home/duong/Arduino/ROS2_ServiceRobot/uros_ws/install/micro_ros_setup/./config/host\n'}
[0.173549] (micro_ros_setup) StdoutLine: {'line': b'-- Up-to-date: /home/duong/Arduino/ROS2_ServiceRobot/uros_ws/install/micro_ros_setup/./config/host/dev_uros_packages.repos\n'}
[0.173652] (micro_ros_setup) StdoutLine: {'line': b'-- Up-to-date: /home/duong/Arduino/ROS2_ServiceRobot/uros_ws/install/micro_ros_setup/./config/host/client_ros2_packages.txt\n'}
[0.173755] (micro_ros_setup) StdoutLine: {'line': b'-- Up-to-date: /home/duong/Arduino/ROS2_ServiceRobot/uros_ws/install/micro_ros_setup/./config/host/dev_ros2_packages.txt\n'}
[0.173916] (micro_ros_setup) StdoutLine: {'line': b'-- Up-to-date: /home/duong/Arduino/ROS2_ServiceRobot/uros_ws/install/micro_ros_setup/./config/host/generic\n'}
[0.174063] (micro_ros_setup) StdoutLine: {'line': b'-- Up-to-date: /home/duong/Arduino/ROS2_ServiceRobot/uros_ws/install/micro_ros_setup/./config/host/generic/client-host-colcon.meta\n'}
[0.174215] (micro_ros_setup) StdoutLine: {'line': b'-- Up-to-date: /home/duong/Arduino/ROS2_ServiceRobot/uros_ws/install/micro_ros_setup/./config/host/generic/client_host_packages.repos\n'}
[0.174316] (micro_ros_setup) StdoutLine: {'line': b'-- Up-to-date: /home/duong/Arduino/ROS2_ServiceRobot/uros_ws/install/micro_ros_setup/./config/host/generic/flash.sh\n'}
[0.174426] (micro_ros_setup) StdoutLine: {'line': b'-- Up-to-date: /home/duong/Arduino/ROS2_ServiceRobot/uros_ws/install/micro_ros_setup/./config/host/generic/package.xml\n'}
[0.174548] (micro_ros_setup) StdoutLine: {'line': b'-- Up-to-date: /home/duong/Arduino/ROS2_ServiceRobot/uros_ws/install/micro_ros_setup/./config/host/generic/create.sh\n'}
[0.174645] (micro_ros_setup) StdoutLine: {'line': b'-- Up-to-date: /home/duong/Arduino/ROS2_ServiceRobot/uros_ws/install/micro_ros_setup/./config/host/generic/build.sh\n'}
[0.174766] (micro_ros_setup) StdoutLine: {'line': b'-- Up-to-date: /home/duong/Arduino/ROS2_ServiceRobot/uros_ws/install/micro_ros_setup/./config/zephyr\n'}
[0.174872] (micro_ros_setup) StdoutLine: {'line': b'-- Up-to-date: /home/duong/Arduino/ROS2_ServiceRobot/uros_ws/install/micro_ros_setup/./config/zephyr/dev_uros_packages.repos\n'}
[0.175010] (micro_ros_setup) StdoutLine: {'line': b'-- Up-to-date: /home/duong/Arduino/ROS2_ServiceRobot/uros_ws/install/micro_ros_setup/./config/zephyr/dev_ros2_packages.txt\n'}
[0.175166] (micro_ros_setup) StdoutLine: {'line': b'-- Up-to-date: /home/duong/Arduino/ROS2_ServiceRobot/uros_ws/install/micro_ros_setup/./config/zephyr/generic\n'}
[0.175267] (micro_ros_setup) StdoutLine: {'line': b'-- Up-to-date: /home/duong/Arduino/ROS2_ServiceRobot/uros_ws/install/micro_ros_setup/./config/zephyr/generic/client-colcon.meta\n'}
[0.175362] (micro_ros_setup) StdoutLine: {'line': b'-- Up-to-date: /home/duong/Arduino/ROS2_ServiceRobot/uros_ws/install/micro_ros_setup/./config/zephyr/generic/flash.sh\n'}
[0.175464] (micro_ros_setup) StdoutLine: {'line': b'-- Up-to-date: /home/duong/Arduino/ROS2_ServiceRobot/uros_ws/install/micro_ros_setup/./config/zephyr/generic/board.repos\n'}
[0.178447] (drive_base_msgs) StdoutLine: {'line': b'[ 23%] Built target drive_base_msgs__rosidl_generator_c\n'}
[0.179098] (drive_base_msgs) StdoutLine: {'line': b'[ 25%] Built target drive_base_msgs__cpp\n'}
[0.179215] (micro_ros_setup) StdoutLine: {'line': b'-- Up-to-date: /home/duong/Arduino/ROS2_ServiceRobot/uros_ws/install/micro_ros_setup/./config/zephyr/generic/configure.sh\n'}
[0.179330] (micro_ros_setup) StdoutLine: {'line': b'-- Up-to-date: /home/duong/Arduino/ROS2_ServiceRobot/uros_ws/install/micro_ros_setup/./config/zephyr/generic/package.xml\n'}
[0.179425] (micro_ros_setup) StdoutLine: {'line': b'-- Up-to-date: /home/duong/Arduino/ROS2_ServiceRobot/uros_ws/install/micro_ros_setup/./config/zephyr/generic/create.sh\n'}
[0.179517] (micro_ros_setup) StdoutLine: {'line': b'-- Up-to-date: /home/duong/Arduino/ROS2_ServiceRobot/uros_ws/install/micro_ros_setup/./config/zephyr/generic/client_uros_packages.repos\n'}
[0.179606] (micro_ros_setup) StdoutLine: {'line': b'-- Up-to-date: /home/duong/Arduino/ROS2_ServiceRobot/uros_ws/install/micro_ros_setup/./config/zephyr/generic/supported_platforms\n'}
[0.179696] (micro_ros_setup) StdoutLine: {'line': b'-- Up-to-date: /home/duong/Arduino/ROS2_ServiceRobot/uros_ws/install/micro_ros_setup/./config/zephyr/generic/build.sh\n'}
[0.179785] (micro_ros_setup) StdoutLine: {'line': b'-- Up-to-date: /home/duong/Arduino/ROS2_ServiceRobot/uros_ws/install/micro_ros_setup/./config/zephyr/list_apps.sh\n'}
[0.179875] (micro_ros_setup) StdoutLine: {'line': b'-- Up-to-date: /home/duong/Arduino/ROS2_ServiceRobot/uros_ws/install/micro_ros_setup/./config/utils.sh\n'}
[0.179966] (micro_ros_setup) StdoutLine: {'line': b'-- Up-to-date: /home/duong/Arduino/ROS2_ServiceRobot/uros_ws/install/micro_ros_setup/./config/raspbian\n'}
[0.180087] (micro_ros_setup) StdoutLine: {'line': b'-- Up-to-date: /home/duong/Arduino/ROS2_ServiceRobot/uros_ws/install/micro_ros_setup/./config/raspbian/dev_uros_packages.repos\n'}
[0.180209] (micro_ros_setup) StdoutLine: {'line': b'-- Up-to-date: /home/duong/Arduino/ROS2_ServiceRobot/uros_ws/install/micro_ros_setup/./config/raspbian/dev_ros2_packages.txt\n'}
[0.180302] (micro_ros_setup) StdoutLine: {'line': b'-- Up-to-date: /home/duong/Arduino/ROS2_ServiceRobot/uros_ws/install/micro_ros_setup/./config/raspbian/generic\n'}
[0.180392] (micro_ros_setup) StdoutLine: {'line': b'-- Up-to-date: /home/duong/Arduino/ROS2_ServiceRobot/uros_ws/install/micro_ros_setup/./config/raspbian/generic/client-colcon.meta\n'}
[0.180484] (micro_ros_setup) StdoutLine: {'line': b'-- Up-to-date: /home/duong/Arduino/ROS2_ServiceRobot/uros_ws/install/micro_ros_setup/./config/raspbian/generic/flash.sh\n'}
[0.180581] (micro_ros_setup) StdoutLine: {'line': b'-- Up-to-date: /home/duong/Arduino/ROS2_ServiceRobot/uros_ws/install/micro_ros_setup/./config/raspbian/generic/configure.sh\n'}
[0.180672] (micro_ros_msgs) StdoutLine: {'line': b'[ 24%] Built target micro_ros_msgs__rosidl_generator_c\n'}
[0.180779] (micro_ros_setup) StdoutLine: {'line': b'-- Up-to-date: /home/duong/Arduino/ROS2_ServiceRobot/uros_ws/install/micro_ros_setup/./config/raspbian/generic/create.sh\n'}
[0.180870] (micro_ros_setup) StdoutLine: {'line': b'-- Up-to-date: /home/duong/Arduino/ROS2_ServiceRobot/uros_ws/install/micro_ros_setup/./config/raspbian/generic/client_uros_packages.repos\n'}
[0.180961] (micro_ros_setup) StdoutLine: {'line': b'-- Up-to-date: /home/duong/Arduino/ROS2_ServiceRobot/uros_ws/install/micro_ros_setup/./config/raspbian/generic/supported_platforms\n'}
[0.182517] (micro_ros_setup) StdoutLine: {'line': b'-- Up-to-date: /home/duong/Arduino/ROS2_ServiceRobot/uros_ws/install/micro_ros_setup/./config/raspbian/generic/build.sh\n'}
[0.182675] (micro_ros_setup) StdoutLine: {'line': b'-- Up-to-date: /home/duong/Arduino/ROS2_ServiceRobot/uros_ws/install/micro_ros_setup/./config/android\n'}
[0.183107] (micro_ros_setup) StdoutLine: {'line': b'-- Up-to-date: /home/duong/Arduino/ROS2_ServiceRobot/uros_ws/install/micro_ros_setup/./config/android/dev_uros_packages.repos\n'}
[0.183245] (micro_ros_setup) StdoutLine: {'line': b'-- Up-to-date: /home/duong/Arduino/ROS2_ServiceRobot/uros_ws/install/micro_ros_setup/./config/android/dev_ros2_packages.txt\n'}
[0.183349] (micro_ros_setup) StdoutLine: {'line': b'-- Up-to-date: /home/duong/Arduino/ROS2_ServiceRobot/uros_ws/install/micro_ros_setup/./config/android/generic\n'}
[0.183452] (micro_ros_setup) StdoutLine: {'line': b'-- Up-to-date: /home/duong/Arduino/ROS2_ServiceRobot/uros_ws/install/micro_ros_setup/./config/android/generic/client-colcon.meta\n'}
[0.183553] (micro_ros_setup) StdoutLine: {'line': b'-- Up-to-date: /home/duong/Arduino/ROS2_ServiceRobot/uros_ws/install/micro_ros_setup/./config/android/generic/flash.sh\n'}
[0.183655] (micro_ros_setup) StdoutLine: {'line': b'-- Up-to-date: /home/duong/Arduino/ROS2_ServiceRobot/uros_ws/install/micro_ros_setup/./config/android/generic/package.xml\n'}
[0.183756] (micro_ros_setup) StdoutLine: {'line': b'-- Up-to-date: /home/duong/Arduino/ROS2_ServiceRobot/uros_ws/install/micro_ros_setup/./config/android/generic/create.sh\n'}
[0.183855] (micro_ros_setup) StdoutLine: {'line': b'-- Up-to-date: /home/duong/Arduino/ROS2_ServiceRobot/uros_ws/install/micro_ros_setup/./config/android/generic/client_uros_packages.repos\n'}
[0.183955] (micro_ros_setup) StdoutLine: {'line': b'-- Up-to-date: /home/duong/Arduino/ROS2_ServiceRobot/uros_ws/install/micro_ros_setup/./config/android/generic/build.sh\n'}
[0.184084] (micro_ros_setup) StdoutLine: {'line': b'-- Up-to-date: /home/duong/Arduino/ROS2_ServiceRobot/uros_ws/install/micro_ros_setup/./config/agent_ros2_packages.txt\n'}
[0.184187] (micro_ros_setup) StdoutLine: {'line': b'-- Up-to-date: /home/duong/Arduino/ROS2_ServiceRobot/uros_ws/install/micro_ros_setup/./config/client_uros_packages.repos\n'}
[0.184286] (micro_ros_setup) StdoutLine: {'line': b'-- Up-to-date: /home/duong/Arduino/ROS2_ServiceRobot/uros_ws/install/micro_ros_setup/./config/generate_lib\n'}
[0.184406] (micro_ros_setup) StdoutLine: {'line': b'-- Up-to-date: /home/duong/Arduino/ROS2_ServiceRobot/uros_ws/install/micro_ros_setup/./config/generate_lib/dev_uros_packages.repos\n'}
[0.184503] (micro_ros_setup) StdoutLine: {'line': b'-- Up-to-date: /home/duong/Arduino/ROS2_ServiceRobot/uros_ws/install/micro_ros_setup/./config/generate_lib/dev_ros2_packages.txt\n'}
[0.184601] (micro_ros_setup) StdoutLine: {'line': b'-- Up-to-date: /home/duong/Arduino/ROS2_ServiceRobot/uros_ws/install/micro_ros_setup/./config/generate_lib/generic\n'}
[0.184703] (micro_ros_setup) StdoutLine: {'line': b'-- Up-to-date: /home/duong/Arduino/ROS2_ServiceRobot/uros_ws/install/micro_ros_setup/./config/generate_lib/generic/client-colcon.meta\n'}
[0.184804] (micro_ros_setup) StdoutLine: {'line': b'-- Up-to-date: /home/duong/Arduino/ROS2_ServiceRobot/uros_ws/install/micro_ros_setup/./config/generate_lib/generic/flash.sh\n'}
[0.184905] (micro_ros_setup) StdoutLine: {'line': b'-- Up-to-date: /home/duong/Arduino/ROS2_ServiceRobot/uros_ws/install/micro_ros_setup/./config/generate_lib/generic/package.xml\n'}
[0.185033] (micro_ros_setup) StdoutLine: {'line': b'-- Up-to-date: /home/duong/Arduino/ROS2_ServiceRobot/uros_ws/install/micro_ros_setup/./config/generate_lib/generic/demo_toolchain.cmake\n'}
[0.185148] (micro_ros_setup) StdoutLine: {'line': b'-- Up-to-date: /home/duong/Arduino/ROS2_ServiceRobot/uros_ws/install/micro_ros_setup/./config/generate_lib/generic/create.sh\n'}
[0.185248] (micro_ros_setup) StdoutLine: {'line': b'-- Up-to-date: /home/duong/Arduino/ROS2_ServiceRobot/uros_ws/install/micro_ros_setup/./config/generate_lib/generic/client_uros_packages.repos\n'}
[0.185366] (micro_ros_setup) StdoutLine: {'line': b'-- Up-to-date: /home/duong/Arduino/ROS2_ServiceRobot/uros_ws/install/micro_ros_setup/./config/generate_lib/generic/build.sh\n'}
[0.185467] (micro_ros_setup) StdoutLine: {'line': b'-- Up-to-date: /home/duong/Arduino/ROS2_ServiceRobot/uros_ws/install/micro_ros_setup/./config/agent_uros_packages.repos\n'}
[0.185567] (micro_ros_setup) StdoutLine: {'line': b'-- Up-to-date: /home/duong/Arduino/ROS2_ServiceRobot/uros_ws/install/micro_ros_setup/./config/renesas_ra\n'}
[0.185666] (micro_ros_setup) StdoutLine: {'line': b'-- Up-to-date: /home/duong/Arduino/ROS2_ServiceRobot/uros_ws/install/micro_ros_setup/./config/renesas_ra/dev_uros_packages.repos\n'}
[0.185765] (micro_ros_setup) StdoutLine: {'line': b'-- Up-to-date: /home/duong/Arduino/ROS2_ServiceRobot/uros_ws/install/micro_ros_setup/./config/renesas_ra/dev_ros2_packages.txt\n'}
[0.185864] (micro_ros_setup) StdoutLine: {'line': b'-- Up-to-date: /home/duong/Arduino/ROS2_ServiceRobot/uros_ws/install/micro_ros_setup/./config/renesas_ra/list_apps.sh\n'}
[0.185963] (micro_ros_setup) StdoutLine: {'line': b'-- Up-to-date: /home/duong/Arduino/ROS2_ServiceRobot/uros_ws/install/micro_ros_setup/./config/renesas_ra/ra6m5\n'}
[0.194185] (micro_ros_setup) StdoutLine: {'line': b'-- Up-to-date: /home/duong/Arduino/ROS2_ServiceRobot/uros_ws/install/micro_ros_setup/./config/renesas_ra/ra6m5/client-colcon.meta\n'}
[0.194337] (micro_ros_setup) StdoutLine: {'line': b'-- Up-to-date: /home/duong/Arduino/ROS2_ServiceRobot/uros_ws/install/micro_ros_setup/./config/renesas_ra/ra6m5/flash.sh\n'}
[0.194439] (micro_ros_setup) StdoutLine: {'line': b'-- Up-to-date: /home/duong/Arduino/ROS2_ServiceRobot/uros_ws/install/micro_ros_setup/./config/renesas_ra/ra6m5/board.repos\n'}
[0.194541] (micro_ros_setup) StdoutLine: {'line': b'-- Up-to-date: /home/duong/Arduino/ROS2_ServiceRobot/uros_ws/install/micro_ros_setup/./config/renesas_ra/ra6m5/configure.sh\n'}
[0.194642] (micro_ros_setup) StdoutLine: {'line': b'-- Up-to-date: /home/duong/Arduino/ROS2_ServiceRobot/uros_ws/install/micro_ros_setup/./config/renesas_ra/ra6m5/create.sh\n'}
[0.194817] (micro_ros_setup) StdoutLine: {'line': b'-- Up-to-date: /home/duong/Arduino/ROS2_ServiceRobot/uros_ws/install/micro_ros_setup/./config/renesas_ra/ra6m5/client_uros_packages.repos\n'}
[0.194921] (micro_ros_setup) StdoutLine: {'line': b'-- Up-to-date: /home/duong/Arduino/ROS2_ServiceRobot/uros_ws/install/micro_ros_setup/./config/renesas_ra/ra6m5/build.sh\n'}
[0.195074] (micro_ros_setup) StdoutLine: {'line': b'-- Up-to-date: /home/duong/Arduino/ROS2_ServiceRobot/uros_ws/install/micro_ros_setup/./config/freertos\n'}
[0.195180] (micro_ros_setup) StdoutLine: {'line': b'-- Up-to-date: /home/duong/Arduino/ROS2_ServiceRobot/uros_ws/install/micro_ros_setup/./config/freertos/dev_uros_packages.repos\n'}
[0.195286] (micro_ros_setup) StdoutLine: {'line': b'-- Up-to-date: /home/duong/Arduino/ROS2_ServiceRobot/uros_ws/install/micro_ros_setup/./config/freertos/crazyflie21\n'}
[0.195385] (micro_ros_setup) StdoutLine: {'line': b'-- Up-to-date: /home/duong/Arduino/ROS2_ServiceRobot/uros_ws/install/micro_ros_setup/./config/freertos/crazyflie21/client-colcon.meta\n'}
[0.195484] (micro_ros_setup) StdoutLine: {'line': b'-- Up-to-date: /home/duong/Arduino/ROS2_ServiceRobot/uros_ws/install/micro_ros_setup/./config/freertos/crazyflie21/flash.sh\n'}
[0.197611] (micro_ros_setup) StdoutLine: {'line': b'-- Up-to-date: /home/duong/Arduino/ROS2_ServiceRobot/uros_ws/install/micro_ros_setup/./config/freertos/crazyflie21/board.repos\n'}
[0.197782] (micro_ros_setup) StdoutLine: {'line': b'-- Up-to-date: /home/duong/Arduino/ROS2_ServiceRobot/uros_ws/install/micro_ros_setup/./config/freertos/crazyflie21/configure.sh\n'}
[0.197881] (micro_ros_setup) StdoutLine: {'line': b'-- Up-to-date: /home/duong/Arduino/ROS2_ServiceRobot/uros_ws/install/micro_ros_setup/./config/freertos/crazyflie21/package.xml\n'}
[0.197995] (micro_ros_setup) StdoutLine: {'line': b'-- Up-to-date: /home/duong/Arduino/ROS2_ServiceRobot/uros_ws/install/micro_ros_setup/./config/freertos/crazyflie21/create.sh\n'}
[0.198113] (micro_ros_setup) StdoutLine: {'line': b'-- Up-to-date: /home/duong/Arduino/ROS2_ServiceRobot/uros_ws/install/micro_ros_setup/./config/freertos/crazyflie21/client_uros_packages.repos\n'}
[0.198220] (micro_ros_setup) StdoutLine: {'line': b'-- Up-to-date: /home/duong/Arduino/ROS2_ServiceRobot/uros_ws/install/micro_ros_setup/./config/freertos/crazyflie21/build.sh\n'}
[0.198328] (micro_ros_setup) StdoutLine: {'line': b'-- Up-to-date: /home/duong/Arduino/ROS2_ServiceRobot/uros_ws/install/micro_ros_setup/./config/freertos/nucleo_f446re\n'}
[0.198430] (micro_ros_setup) StdoutLine: {'line': b'-- Up-to-date: /home/duong/Arduino/ROS2_ServiceRobot/uros_ws/install/micro_ros_setup/./config/freertos/nucleo_f446re/client-colcon.meta\n'}
[0.198531] (micro_ros_setup) StdoutLine: {'line': b'-- Up-to-date: /home/duong/Arduino/ROS2_ServiceRobot/uros_ws/install/micro_ros_setup/./config/freertos/nucleo_f446re/flash.sh\n'}
[0.198632] (micro_ros_setup) StdoutLine: {'line': b'-- Up-to-date: /home/duong/Arduino/ROS2_ServiceRobot/uros_ws/install/micro_ros_setup/./config/freertos/nucleo_f446re/board.repos\n'}
[0.198733] (micro_ros_setup) StdoutLine: {'line': b'-- Up-to-date: /home/duong/Arduino/ROS2_ServiceRobot/uros_ws/install/micro_ros_setup/./config/freertos/nucleo_f446re/configure.sh\n'}
[0.198832] (micro_ros_setup) StdoutLine: {'line': b'-- Up-to-date: /home/duong/Arduino/ROS2_ServiceRobot/uros_ws/install/micro_ros_setup/./config/freertos/nucleo_f446re/package.xml\n'}
[0.198946] (micro_ros_setup) StdoutLine: {'line': b'-- Up-to-date: /home/duong/Arduino/ROS2_ServiceRobot/uros_ws/install/micro_ros_setup/./config/freertos/nucleo_f446re/create.sh\n'}
[0.199225] (micro_ros_setup) StdoutLine: {'line': b'-- Up-to-date: /home/duong/Arduino/ROS2_ServiceRobot/uros_ws/install/micro_ros_setup/./config/freertos/nucleo_f446re/client_uros_packages.repos\n'}
[0.199322] (micro_ros_setup) StdoutLine: {'line': b'-- Up-to-date: /home/duong/Arduino/ROS2_ServiceRobot/uros_ws/install/micro_ros_setup/./config/freertos/nucleo_f446re/build.sh\n'}
[0.199409] (micro_ros_setup) StdoutLine: {'line': b'-- Up-to-date: /home/duong/Arduino/ROS2_ServiceRobot/uros_ws/install/micro_ros_setup/./config/freertos/dev_ros2_packages.txt\n'}
[0.199498] (micro_ros_setup) StdoutLine: {'line': b'-- Up-to-date: /home/duong/Arduino/ROS2_ServiceRobot/uros_ws/install/micro_ros_setup/./config/freertos/list_apps.sh\n'}
[0.199596] (-) TimerEvent: {}
[0.199624] (micro_ros_setup) StdoutLine: {'line': b'-- Up-to-date: /home/duong/Arduino/ROS2_ServiceRobot/uros_ws/install/micro_ros_setup/./config/freertos/nucleo_f446ze\n'}
[0.199718] (micro_ros_setup) StdoutLine: {'line': b'-- Up-to-date: /home/duong/Arduino/ROS2_ServiceRobot/uros_ws/install/micro_ros_setup/./config/freertos/nucleo_f446ze/client-colcon.meta\n'}
[0.199815] (micro_ros_setup) StdoutLine: {'line': b'-- Up-to-date: /home/duong/Arduino/ROS2_ServiceRobot/uros_ws/install/micro_ros_setup/./config/freertos/nucleo_f446ze/flash.sh\n'}
[0.199915] (micro_ros_setup) StdoutLine: {'line': b'-- Up-to-date: /home/duong/Arduino/ROS2_ServiceRobot/uros_ws/install/micro_ros_setup/./config/freertos/nucleo_f446ze/board.repos\n'}
[0.200043] (micro_ros_setup) StdoutLine: {'line': b'-- Up-to-date: /home/duong/Arduino/ROS2_ServiceRobot/uros_ws/install/micro_ros_setup/./config/freertos/nucleo_f446ze/configure.sh\n'}
[0.200149] (micro_ros_setup) StdoutLine: {'line': b'-- Up-to-date: /home/duong/Arduino/ROS2_ServiceRobot/uros_ws/install/micro_ros_setup/./config/freertos/nucleo_f446ze/package.xml\n'}
[0.200249] (micro_ros_setup) StdoutLine: {'line': b'-- Up-to-date: /home/duong/Arduino/ROS2_ServiceRobot/uros_ws/install/micro_ros_setup/./config/freertos/nucleo_f446ze/create.sh\n'}
[0.200355] (micro_ros_setup) StdoutLine: {'line': b'-- Up-to-date: /home/duong/Arduino/ROS2_ServiceRobot/uros_ws/install/micro_ros_setup/./config/freertos/nucleo_f446ze/client_uros_packages.repos\n'}
[0.200460] (micro_ros_setup) StdoutLine: {'line': b'-- Up-to-date: /home/duong/Arduino/ROS2_ServiceRobot/uros_ws/install/micro_ros_setup/./config/freertos/nucleo_f446ze/build.sh\n'}
[0.200587] (micro_ros_setup) StdoutLine: {'line': b'-- Up-to-date: /home/duong/Arduino/ROS2_ServiceRobot/uros_ws/install/micro_ros_setup/./config/freertos/olimex-stm32-e407\n'}
[0.200687] (micro_ros_setup) StdoutLine: {'line': b'-- Up-to-date: /home/duong/Arduino/ROS2_ServiceRobot/uros_ws/install/micro_ros_setup/./config/freertos/olimex-stm32-e407/client-colcon.meta\n'}
[0.200790] (micro_ros_setup) StdoutLine: {'line': b'-- Up-to-date: /home/duong/Arduino/ROS2_ServiceRobot/uros_ws/install/micro_ros_setup/./config/freertos/olimex-stm32-e407/flash.sh\n'}
[0.200892] (micro_ros_setup) StdoutLine: {'line': b'-- Up-to-date: /home/duong/Arduino/ROS2_ServiceRobot/uros_ws/install/micro_ros_setup/./config/freertos/olimex-stm32-e407/board.repos\n'}
[0.201009] (micro_ros_setup) StdoutLine: {'line': b'-- Up-to-date: /home/duong/Arduino/ROS2_ServiceRobot/uros_ws/install/micro_ros_setup/./config/freertos/olimex-stm32-e407/configure.sh\n'}
[0.201139] (micro_ros_setup) StdoutLine: {'line': b'-- Up-to-date: /home/duong/Arduino/ROS2_ServiceRobot/uros_ws/install/micro_ros_setup/./config/freertos/olimex-stm32-e407/package.xml\n'}
[0.201257] (micro_ros_setup) StdoutLine: {'line': b'-- Up-to-date: /home/duong/Arduino/ROS2_ServiceRobot/uros_ws/install/micro_ros_setup/./config/freertos/olimex-stm32-e407/create.sh\n'}
[0.201358] (micro_ros_setup) StdoutLine: {'line': b'-- Up-to-date: /home/duong/Arduino/ROS2_ServiceRobot/uros_ws/install/micro_ros_setup/./config/freertos/olimex-stm32-e407/client_uros_packages.repos\n'}
[0.201461] (micro_ros_setup) StdoutLine: {'line': b'-- Up-to-date: /home/duong/Arduino/ROS2_ServiceRobot/uros_ws/install/micro_ros_setup/./config/freertos/olimex-stm32-e407/build.sh\n'}
[0.201563] (micro_ros_setup) StdoutLine: {'line': b'-- Up-to-date: /home/duong/Arduino/ROS2_ServiceRobot/uros_ws/install/micro_ros_setup/./config/freertos/nucleo_f767zi\n'}
[0.201666] (micro_ros_setup) StdoutLine: {'line': b'-- Up-to-date: /home/duong/Arduino/ROS2_ServiceRobot/uros_ws/install/micro_ros_setup/./config/freertos/nucleo_f767zi/client-colcon.meta\n'}
[0.201769] (micro_ros_setup) StdoutLine: {'line': b'-- Up-to-date: /home/duong/Arduino/ROS2_ServiceRobot/uros_ws/install/micro_ros_setup/./config/freertos/nucleo_f767zi/flash.sh\n'}
[0.201870] (micro_ros_setup) StdoutLine: {'line': b'-- Up-to-date: /home/duong/Arduino/ROS2_ServiceRobot/uros_ws/install/micro_ros_setup/./config/freertos/nucleo_f767zi/board.repos\n'}
[0.202150] (micro_ros_setup) StdoutLine: {'line': b'-- Up-to-date: /home/duong/Arduino/ROS2_ServiceRobot/uros_ws/install/micro_ros_setup/./config/freertos/nucleo_f767zi/configure.sh\n'}
[0.207623] (micro_ros_setup) StdoutLine: {'line': b'-- Up-to-date: /home/duong/Arduino/ROS2_ServiceRobot/uros_ws/install/micro_ros_setup/./config/freertos/nucleo_f767zi/package.xml\n'}
[0.207778] (micro_ros_setup) StdoutLine: {'line': b'-- Up-to-date: /home/duong/Arduino/ROS2_ServiceRobot/uros_ws/install/micro_ros_setup/./config/freertos/nucleo_f767zi/create.sh\n'}
[0.207879] (micro_ros_setup) StdoutLine: {'line': b'-- Up-to-date: /home/duong/Arduino/ROS2_ServiceRobot/uros_ws/install/micro_ros_setup/./config/freertos/nucleo_f767zi/client_uros_packages.repos\n'}
[0.207997] (micro_ros_setup) StdoutLine: {'line': b'-- Up-to-date: /home/duong/Arduino/ROS2_ServiceRobot/uros_ws/install/micro_ros_setup/./config/freertos/nucleo_f767zi/build.sh\n'}
[0.208109] (micro_ros_setup) StdoutLine: {'line': b'-- Up-to-date: /home/duong/Arduino/ROS2_ServiceRobot/uros_ws/install/micro_ros_setup/./config/freertos/nucleo_f746zg\n'}
[0.208208] (micro_ros_setup) StdoutLine: {'line': b'-- Up-to-date: /home/duong/Arduino/ROS2_ServiceRobot/uros_ws/install/micro_ros_setup/./config/freertos/nucleo_f746zg/client-colcon.meta\n'}
[0.208305] (micro_ros_setup) StdoutLine: {'line': b'-- Up-to-date: /home/duong/Arduino/ROS2_ServiceRobot/uros_ws/install/micro_ros_setup/./config/freertos/nucleo_f746zg/flash.sh\n'}
[0.208403] (micro_ros_setup) StdoutLine: {'line': b'-- Up-to-date: /home/duong/Arduino/ROS2_ServiceRobot/uros_ws/install/micro_ros_setup/./config/freertos/nucleo_f746zg/board.repos\n'}
[0.208502] (micro_ros_setup) StdoutLine: {'line': b'-- Up-to-date: /home/duong/Arduino/ROS2_ServiceRobot/uros_ws/install/micro_ros_setup/./config/freertos/nucleo_f746zg/configure.sh\n'}
[0.208599] (micro_ros_setup) StdoutLine: {'line': b'-- Up-to-date: /home/duong/Arduino/ROS2_ServiceRobot/uros_ws/install/micro_ros_setup/./config/freertos/nucleo_f746zg/package.xml\n'}
[0.208693] (micro_ros_setup) StdoutLine: {'line': b'-- Up-to-date: /home/duong/Arduino/ROS2_ServiceRobot/uros_ws/install/micro_ros_setup/./config/freertos/nucleo_f746zg/create.sh\n'}
[0.208786] (micro_ros_setup) StdoutLine: {'line': b'-- Up-to-date: /home/duong/Arduino/ROS2_ServiceRobot/uros_ws/install/micro_ros_setup/./config/freertos/nucleo_f746zg/client_uros_packages.repos\n'}
[0.208882] (micro_ros_setup) StdoutLine: {'line': b'-- Up-to-date: /home/duong/Arduino/ROS2_ServiceRobot/uros_ws/install/micro_ros_setup/./config/freertos/nucleo_f746zg/build.sh\n'}
[0.208972] (micro_ros_setup) StdoutLine: {'line': b'-- Up-to-date: /home/duong/Arduino/ROS2_ServiceRobot/uros_ws/install/micro_ros_setup/./config/freertos/esp32\n'}
[0.209103] (micro_ros_setup) StdoutLine: {'line': b'-- Up-to-date: /home/duong/Arduino/ROS2_ServiceRobot/uros_ws/install/micro_ros_setup/./config/freertos/esp32/client-colcon.meta\n'}
[0.209198] (micro_ros_setup) StdoutLine: {'line': b'-- Up-to-date: /home/duong/Arduino/ROS2_ServiceRobot/uros_ws/install/micro_ros_setup/./config/freertos/esp32/flash.sh\n'}
[0.209298] (micro_ros_setup) StdoutLine: {'line': b'-- Up-to-date: /home/duong/Arduino/ROS2_ServiceRobot/uros_ws/install/micro_ros_setup/./config/freertos/esp32/board.repos\n'}
[0.209424] (micro_ros_setup) StdoutLine: {'line': b'-- Up-to-date: /home/duong/Arduino/ROS2_ServiceRobot/uros_ws/install/micro_ros_setup/./config/freertos/esp32/configure.sh\n'}
[0.209522] (micro_ros_setup) StdoutLine: {'line': b'-- Up-to-date: /home/duong/Arduino/ROS2_ServiceRobot/uros_ws/install/micro_ros_setup/./config/freertos/esp32/README.md\n'}
[0.209618] (micro_ros_setup) StdoutLine: {'line': b'-- Up-to-date: /home/duong/Arduino/ROS2_ServiceRobot/uros_ws/install/micro_ros_setup/./config/freertos/esp32/package.xml\n'}
[0.209718] (micro_ros_setup) StdoutLine: {'line': b'-- Up-to-date: /home/duong/Arduino/ROS2_ServiceRobot/uros_ws/install/micro_ros_setup/./config/freertos/esp32/create.sh\n'}
[0.209817] (micro_ros_setup) StdoutLine: {'line': b'-- Up-to-date: /home/duong/Arduino/ROS2_ServiceRobot/uros_ws/install/micro_ros_setup/./config/freertos/esp32/client_uros_packages.repos\n'}
[0.209929] (micro_ros_setup) StdoutLine: {'line': b'-- Up-to-date: /home/duong/Arduino/ROS2_ServiceRobot/uros_ws/install/micro_ros_setup/./config/freertos/esp32/build.sh\n'}
[0.210050] (micro_ros_setup) StdoutLine: {'line': b'-- Up-to-date: /home/duong/Arduino/ROS2_ServiceRobot/uros_ws/install/micro_ros_setup/./config/mbed\n'}
[0.210166] (micro_ros_setup) StdoutLine: {'line': b'-- Up-to-date: /home/duong/Arduino/ROS2_ServiceRobot/uros_ws/install/micro_ros_setup/./config/mbed/dev_uros_packages.repos\n'}
[0.210270] (micro_ros_setup) StdoutLine: {'line': b'-- Up-to-date: /home/duong/Arduino/ROS2_ServiceRobot/uros_ws/install/micro_ros_setup/./config/mbed/dev_ros2_packages.txt\n'}
[0.210373] (micro_ros_setup) StdoutLine: {'line': b'-- Up-to-date: /home/duong/Arduino/ROS2_ServiceRobot/uros_ws/install/micro_ros_setup/./config/mbed/generic\n'}
[0.210474] (micro_ros_setup) StdoutLine: {'line': b'-- Up-to-date: /home/duong/Arduino/ROS2_ServiceRobot/uros_ws/install/micro_ros_setup/./config/mbed/generic/flash.sh\n'}
[0.210573] (micro_ros_setup) StdoutLine: {'line': b'-- Up-to-date: /home/duong/Arduino/ROS2_ServiceRobot/uros_ws/install/micro_ros_setup/./config/mbed/generic/board.repos\n'}
[0.210674] (micro_ros_setup) StdoutLine: {'line': b'-- Up-to-date: /home/duong/Arduino/ROS2_ServiceRobot/uros_ws/install/micro_ros_setup/./config/mbed/generic/package.xml\n'}
[0.210770] (micro_ros_setup) StdoutLine: {'line': b'-- Up-to-date: /home/duong/Arduino/ROS2_ServiceRobot/uros_ws/install/micro_ros_setup/./config/mbed/generic/create.sh\n'}
[0.210867] (micro_ros_setup) StdoutLine: {'line': b'-- Up-to-date: /home/duong/Arduino/ROS2_ServiceRobot/uros_ws/install/micro_ros_setup/./config/mbed/generic/client_uros_packages.repos\n'}
[0.211042] (micro_ros_setup) StdoutLine: {'line': b'-- Up-to-date: /home/duong/Arduino/ROS2_ServiceRobot/uros_ws/install/micro_ros_setup/./config/mbed/generic/supported_platforms\n'}
[0.215342] (micro_ros_setup) StdoutLine: {'line': b'-- Up-to-date: /home/duong/Arduino/ROS2_ServiceRobot/uros_ws/install/micro_ros_setup/./config/mbed/generic/build.sh\n'}
[0.215455] (micro_ros_setup) StdoutLine: {'line': b'-- Up-to-date: /home/duong/Arduino/ROS2_ServiceRobot/uros_ws/install/micro_ros_setup/./config/mbed/list_apps.sh\n'}
[0.215551] (micro_ros_setup) CommandEnded: {'returncode': 0}
[0.260666] (micro_ros_setup) JobEnded: {'identifier': 'micro_ros_setup', 'rc': 0}
[0.261876] (micro_ros_msgs) StdoutLine: {'line': b'Consolidate compiler generated dependencies of target micro_ros_msgs__rosidl_typesupport_introspection_c\n'}
[0.262112] (micro_ros_msgs) StdoutLine: {'line': b'Consolidate compiler generated dependencies of target micro_ros_msgs__rosidl_typesupport_fastrtps_c\n'}
[0.262217] (micro_ros_msgs) StdoutLine: {'line': b'Consolidate compiler generated dependencies of target micro_ros_msgs__rosidl_typesupport_c\n'}
[0.262305] (micro_ros_msgs) StdoutLine: {'line': b'Consolidate compiler generated dependencies of target micro_ros_msgs__rosidl_typesupport_introspection_cpp\n'}
[0.262393] (micro_ros_msgs) StdoutLine: {'line': b'Consolidate compiler generated dependencies of target micro_ros_msgs__rosidl_typesupport_cpp\n'}
[0.262480] (drive_base_msgs) StdoutLine: {'line': b'[ 34%] Built target drive_base_msgs__rosidl_typesupport_cpp\n'}
[0.263913] (micro_ros_msgs) StdoutLine: {'line': b'[ 33%] Built target micro_ros_msgs__rosidl_typesupport_introspection_c\n'}
[0.268731] (drive_base_msgs) StdoutLine: {'line': b'[ 43%] Built target drive_base_msgs__rosidl_typesupport_fastrtps_c\n'}
[0.269191] (drive_base_msgs) StdoutLine: {'line': b'[ 53%] Built target drive_base_msgs__rosidl_typesupport_fastrtps_cpp\n'}
[0.269278] (micro_ros_msgs) StdoutLine: {'line': b'[ 42%] Built target micro_ros_msgs__rosidl_typesupport_fastrtps_c\n'}
[0.269391] (micro_ros_msgs) StdoutLine: {'line': b'Consolidate compiler generated dependencies of target micro_ros_msgs__rosidl_typesupport_fastrtps_cpp\n'}
[0.269497] (drive_base_msgs) StdoutLine: {'line': b'[ 62%] Built target drive_base_msgs__rosidl_typesupport_introspection_c\n'}
[0.272057] (drive_base_msgs) StdoutLine: {'line': b'[ 71%] Built target drive_base_msgs__rosidl_typesupport_c\n'}
[0.285050] (drive_base_msgs) StdoutLine: {'line': b'[ 81%] Built target drive_base_msgs__rosidl_typesupport_introspection_cpp\n'}
[0.288301] (micro_ros_msgs) StdoutLine: {'line': b'[ 51%] Built target micro_ros_msgs__rosidl_typesupport_c\n'}
[0.288560] (micro_ros_msgs) StdoutLine: {'line': b'[ 61%] Built target micro_ros_msgs__rosidl_typesupport_cpp\n'}
[0.293387] (micro_ros_msgs) StdoutLine: {'line': b'[ 70%] Built target micro_ros_msgs__rosidl_typesupport_introspection_cpp\n'}
[0.293645] (micro_ros_msgs) StdoutLine: {'line': b'[ 79%] Built target micro_ros_msgs__rosidl_typesupport_fastrtps_cpp\n'}
[0.299755] (-) TimerEvent: {}
[0.323075] (drive_base_msgs) StdoutLine: {'line': b'[ 81%] Built target drive_base_msgs\n'}
[0.330037] (micro_ros_msgs) StdoutLine: {'line': b'[ 79%] Built target micro_ros_msgs\n'}
[0.359269] (drive_base_msgs) StdoutLine: {'line': b'[ 82%] Built target drive_base_msgs__py\n'}
[0.365574] (micro_ros_msgs) StdoutLine: {'line': b'[ 81%] Built target micro_ros_msgs__py\n'}
[0.389635] (micro_ros_msgs) StdoutLine: {'line': b'Consolidate compiler generated dependencies of target micro_ros_msgs__rosidl_generator_py\n'}
[0.397969] (drive_base_msgs) StdoutLine: {'line': b'[ 90%] Built target drive_base_msgs__rosidl_generator_py\n'}
[0.399869] (-) TimerEvent: {}
[0.410701] (micro_ros_msgs) StdoutLine: {'line': b'[ 88%] Built target micro_ros_msgs__rosidl_generator_py\n'}
[0.433965] (micro_ros_msgs) StdoutLine: {'line': b'Consolidate compiler generated dependencies of target micro_ros_msgs__rosidl_typesupport_fastrtps_c__pyext\n'}
[0.436295] (micro_ros_msgs) StdoutLine: {'line': b'Consolidate compiler generated dependencies of target micro_ros_msgs__rosidl_typesupport_c__pyext\n'}
[0.436511] (micro_ros_msgs) StdoutLine: {'line': b'Consolidate compiler generated dependencies of target micro_ros_msgs__rosidl_typesupport_introspection_c__pyext\n'}
[0.437499] (drive_base_msgs) StdoutLine: {'line': b'[ 93%] Built target drive_base_msgs__rosidl_typesupport_c__pyext\n'}
[0.439604] (drive_base_msgs) StdoutLine: {'line': b'[ 96%] Built target drive_base_msgs__rosidl_typesupport_fastrtps_c__pyext\n'}
[0.442266] (drive_base_msgs) StdoutLine: {'line': b'[100%] Built target drive_base_msgs__rosidl_typesupport_introspection_c__pyext\n'}
[0.455935] (micro_ros_msgs) StdoutLine: {'line': b'[100%] Built target micro_ros_msgs__rosidl_typesupport_fastrtps_c__pyext\n'}
[0.456162] (micro_ros_msgs) StdoutLine: {'line': b'[100%] Built target micro_ros_msgs__rosidl_typesupport_introspection_c__pyext\n'}
[0.456266] (micro_ros_msgs) StdoutLine: {'line': b'[100%] Built target micro_ros_msgs__rosidl_typesupport_c__pyext\n'}
[0.500010] (-) TimerEvent: {}
[0.598780] (micro_ros_msgs) StdoutLine: {'line': b'running egg_info\n'}
[0.600054] (-) TimerEvent: {}
[0.600872] (micro_ros_msgs) StdoutLine: {'line': b'writing micro_ros_msgs.egg-info/PKG-INFO\n'}
[0.601370] (micro_ros_msgs) StdoutLine: {'line': b'writing dependency_links to micro_ros_msgs.egg-info/dependency_links.txt\n'}
[0.601570] (micro_ros_msgs) StdoutLine: {'line': b'writing top-level names to micro_ros_msgs.egg-info/top_level.txt\n'}
[0.604588] (micro_ros_msgs) StdoutLine: {'line': b"reading manifest file 'micro_ros_msgs.egg-info/SOURCES.txt'\n"}
[0.605480] (micro_ros_msgs) StdoutLine: {'line': b"writing manifest file 'micro_ros_msgs.egg-info/SOURCES.txt'\n"}
[0.658311] (drive_base_msgs) StdoutLine: {'line': b'running egg_info\n'}
[0.658891] (micro_ros_msgs) StdoutLine: {'line': b'[100%] Built target ament_cmake_python_build_micro_ros_msgs_egg\n'}
[0.660507] (drive_base_msgs) StdoutLine: {'line': b'writing drive_base_msgs.egg-info/PKG-INFO\n'}
[0.660882] (drive_base_msgs) StdoutLine: {'line': b'writing dependency_links to drive_base_msgs.egg-info/dependency_links.txt\n'}
[0.661253] (drive_base_msgs) StdoutLine: {'line': b'writing top-level names to drive_base_msgs.egg-info/top_level.txt\n'}
[0.664309] (drive_base_msgs) StdoutLine: {'line': b"reading manifest file 'drive_base_msgs.egg-info/SOURCES.txt'\n"}
[0.665152] (drive_base_msgs) StdoutLine: {'line': b"writing manifest file 'drive_base_msgs.egg-info/SOURCES.txt'\n"}
[0.688499] (micro_ros_msgs) CommandEnded: {'returncode': 0}
[0.689869] (micro_ros_msgs) JobProgress: {'identifier': 'micro_ros_msgs', 'progress': 'install'}
[0.690457] (micro_ros_msgs) Command: {'cmd': ['/usr/bin/cmake', '--install', '/home/duong/Arduino/ROS2_ServiceRobot/uros_ws/build/micro_ros_msgs'], 'cwd': '/home/duong/Arduino/ROS2_ServiceRobot/uros_ws/build/micro_ros_msgs', 'env': OrderedDict([('SHLVL', '0'), ('LD_LIBRARY_PATH', '/usr/lib/x86_64-linux-gnu/gazebo-11/plugins:/opt/ros/iron/opt/rviz_ogre_vendor/lib:/opt/ros/iron/lib/x86_64-linux-gnu:/opt/ros/iron/lib'), ('HOME', '/tmp'), ('ROS_PYTHON_VERSION', '3'), ('ROS_DISTRO', 'iron'), ('_', '/usr/bin/colcon'), ('ROS_VERSION', '2'), ('PATH', '/opt/ros/iron/bin:/usr/local/bin:/usr/bin:/bin'), ('LANG', 'C.UTF-8'), ('AMENT_PREFIX_PATH', '/opt/ros/iron'), ('ROS_AUTOMATIC_DISCOVERY_RANGE', 'SUBNET'), ('PWD', '/home/duong/Arduino/ROS2_ServiceRobot/uros_ws/build/micro_ros_msgs'), ('LC_ALL', 'C.UTF-8'), ('PYTHONPATH', '/opt/ros/iron/lib/python3.10/site-packages'), ('COLCON', '1'), ('CMAKE_PREFIX_PATH', '/opt/ros/iron')]), 'shell': False}
[0.700196] (-) TimerEvent: {}
[0.703332] (micro_ros_msgs) StdoutLine: {'line': b'-- Install configuration: ""\n'}
[0.704375] (micro_ros_msgs) StdoutLine: {'line': b'-- Execute custom install script\n'}
[0.704794] (micro_ros_msgs) StdoutLine: {'line': b'-- Up-to-date symlink: /home/duong/Arduino/ROS2_ServiceRobot/uros_ws/install/micro_ros_msgs/share/ament_index/resource_index/rosidl_interfaces/micro_ros_msgs\n'}
[0.705185] (micro_ros_msgs) StdoutLine: {'line': b'-- Up-to-date symlink: /home/duong/Arduino/ROS2_ServiceRobot/uros_ws/install/micro_ros_msgs/share/micro_ros_msgs/msg/Graph.json\n'}
[0.705541] (micro_ros_msgs) StdoutLine: {'line': b'-- Up-to-date symlink: /home/duong/Arduino/ROS2_ServiceRobot/uros_ws/install/micro_ros_msgs/share/micro_ros_msgs/msg/Node.json\n'}
[0.705853] (micro_ros_msgs) StdoutLine: {'line': b'-- Up-to-date symlink: /home/duong/Arduino/ROS2_ServiceRobot/uros_ws/install/micro_ros_msgs/share/micro_ros_msgs/msg/Entity.json\n'}
[0.706661] (micro_ros_msgs) StdoutLine: {'line': b'-- Up-to-date symlink: /home/duong/Arduino/ROS2_ServiceRobot/uros_ws/install/micro_ros_msgs/include/micro_ros_msgs/micro_ros_msgs/msg/detail/entity__functions.h\n'}
[0.707125] (micro_ros_msgs) StdoutLine: {'line': b'-- Up-to-date symlink: /home/duong/Arduino/ROS2_ServiceRobot/uros_ws/install/micro_ros_msgs/include/micro_ros_msgs/micro_ros_msgs/msg/detail/entity__struct.h\n'}
[0.707517] (micro_ros_msgs) StdoutLine: {'line': b'-- Up-to-date symlink: /home/duong/Arduino/ROS2_ServiceRobot/uros_ws/install/micro_ros_msgs/include/micro_ros_msgs/micro_ros_msgs/msg/detail/entity__type_support.h\n'}
[0.707968] (micro_ros_msgs) StdoutLine: {'line': b'-- Up-to-date symlink: /home/duong/Arduino/ROS2_ServiceRobot/uros_ws/install/micro_ros_msgs/include/micro_ros_msgs/micro_ros_msgs/msg/detail/graph__functions.h\n'}
[0.708258] (micro_ros_msgs) StdoutLine: {'line': b'-- Up-to-date symlink: /home/duong/Arduino/ROS2_ServiceRobot/uros_ws/install/micro_ros_msgs/include/micro_ros_msgs/micro_ros_msgs/msg/detail/graph__struct.h\n'}
[0.708459] (micro_ros_msgs) StdoutLine: {'line': b'-- Up-to-date symlink: /home/duong/Arduino/ROS2_ServiceRobot/uros_ws/install/micro_ros_msgs/include/micro_ros_msgs/micro_ros_msgs/msg/detail/graph__type_support.h\n'}
[0.708860] (micro_ros_msgs) StdoutLine: {'line': b'-- Up-to-date symlink: /home/duong/Arduino/ROS2_ServiceRobot/uros_ws/install/micro_ros_msgs/include/micro_ros_msgs/micro_ros_msgs/msg/detail/node__functions.h\n'}
[0.709257] (micro_ros_msgs) StdoutLine: {'line': b'-- Up-to-date symlink: /home/duong/Arduino/ROS2_ServiceRobot/uros_ws/install/micro_ros_msgs/include/micro_ros_msgs/micro_ros_msgs/msg/detail/node__struct.h\n'}
[0.709547] (micro_ros_msgs) StdoutLine: {'line': b'-- Up-to-date symlink: /home/duong/Arduino/ROS2_ServiceRobot/uros_ws/install/micro_ros_msgs/include/micro_ros_msgs/micro_ros_msgs/msg/detail/node__type_support.h\n'}
[0.709850] (micro_ros_msgs) StdoutLine: {'line': b'-- Up-to-date symlink: /home/duong/Arduino/ROS2_ServiceRobot/uros_ws/install/micro_ros_msgs/include/micro_ros_msgs/micro_ros_msgs/msg/entity.h\n'}
[0.710065] (micro_ros_msgs) StdoutLine: {'line': b'-- Up-to-date symlink: /home/duong/Arduino/ROS2_ServiceRobot/uros_ws/install/micro_ros_msgs/include/micro_ros_msgs/micro_ros_msgs/msg/graph.h\n'}
[0.710259] (micro_ros_msgs) StdoutLine: {'line': b'-- Up-to-date symlink: /home/duong/Arduino/ROS2_ServiceRobot/uros_ws/install/micro_ros_msgs/include/micro_ros_msgs/micro_ros_msgs/msg/node.h\n'}
[0.710435] (micro_ros_msgs) StdoutLine: {'line': b'-- Up-to-date symlink: /home/duong/Arduino/ROS2_ServiceRobot/uros_ws/install/micro_ros_msgs/include/micro_ros_msgs/micro_ros_msgs/msg/rosidl_generator_c__visibility_control.h\n'}
[0.710770] (micro_ros_msgs) StdoutLine: {'line': b'-- Up-to-date symlink: /home/duong/Arduino/ROS2_ServiceRobot/uros_ws/install/micro_ros_msgs/share/micro_ros_msgs/environment/library_path.sh\n'}
[0.710971] (micro_ros_msgs) StdoutLine: {'line': b'-- Up-to-date symlink: /home/duong/Arduino/ROS2_ServiceRobot/uros_ws/install/micro_ros_msgs/share/micro_ros_msgs/environment/library_path.dsv\n'}
[0.711460] (micro_ros_msgs) StdoutLine: {'line': b'-- Up-to-date symlink: /home/duong/Arduino/ROS2_ServiceRobot/uros_ws/install/micro_ros_msgs/include/micro_ros_msgs/micro_ros_msgs/msg/detail/entity__rosidl_typesupport_fastrtps_c.h\n'}
[0.711642] (micro_ros_msgs) StdoutLine: {'line': b'-- Up-to-date symlink: /home/duong/Arduino/ROS2_ServiceRobot/uros_ws/install/micro_ros_msgs/include/micro_ros_msgs/micro_ros_msgs/msg/detail/graph__rosidl_typesupport_fastrtps_c.h\n'}
[0.712004] (micro_ros_msgs) StdoutLine: {'line': b'-- Up-to-date symlink: /home/duong/Arduino/ROS2_ServiceRobot/uros_ws/install/micro_ros_msgs/include/micro_ros_msgs/micro_ros_msgs/msg/detail/node__rosidl_typesupport_fastrtps_c.h\n'}
[0.712325] (micro_ros_msgs) StdoutLine: {'line': b'-- Up-to-date symlink: /home/duong/Arduino/ROS2_ServiceRobot/uros_ws/install/micro_ros_msgs/include/micro_ros_msgs/micro_ros_msgs/msg/rosidl_typesupport_fastrtps_c__visibility_control.h\n'}
[0.712683] (micro_ros_msgs) StdoutLine: {'line': b'-- Up-to-date symlink: /home/duong/Arduino/ROS2_ServiceRobot/uros_ws/install/micro_ros_msgs/include/micro_ros_msgs/micro_ros_msgs/msg/detail/entity__rosidl_typesupport_introspection_c.h\n'}
[0.712861] (micro_ros_msgs) StdoutLine: {'line': b'-- Up-to-date symlink: /home/duong/Arduino/ROS2_ServiceRobot/uros_ws/install/micro_ros_msgs/include/micro_ros_msgs/micro_ros_msgs/msg/detail/graph__rosidl_typesupport_introspection_c.h\n'}
[0.713061] (micro_ros_msgs) StdoutLine: {'line': b'-- Up-to-date symlink: /home/duong/Arduino/ROS2_ServiceRobot/uros_ws/install/micro_ros_msgs/include/micro_ros_msgs/micro_ros_msgs/msg/detail/node__rosidl_typesupport_introspection_c.h\n'}
[0.713373] (micro_ros_msgs) StdoutLine: {'line': b'-- Up-to-date symlink: /home/duong/Arduino/ROS2_ServiceRobot/uros_ws/install/micro_ros_msgs/include/micro_ros_msgs/micro_ros_msgs/msg/rosidl_typesupport_introspection_c__visibility_control.h\n'}
[0.713712] (micro_ros_msgs) StdoutLine: {'line': b'-- Up-to-date symlink: /home/duong/Arduino/ROS2_ServiceRobot/uros_ws/install/micro_ros_msgs/include/micro_ros_msgs/micro_ros_msgs/msg/detail/entity__builder.hpp\n'}
[0.714146] (micro_ros_msgs) StdoutLine: {'line': b'-- Up-to-date symlink: /home/duong/Arduino/ROS2_ServiceRobot/uros_ws/install/micro_ros_msgs/include/micro_ros_msgs/micro_ros_msgs/msg/detail/entity__struct.hpp\n'}
[0.714415] (micro_ros_msgs) StdoutLine: {'line': b'-- Up-to-date symlink: /home/duong/Arduino/ROS2_ServiceRobot/uros_ws/install/micro_ros_msgs/include/micro_ros_msgs/micro_ros_msgs/msg/detail/entity__traits.hpp\n'}
[0.714709] (micro_ros_msgs) StdoutLine: {'line': b'-- Up-to-date symlink: /home/duong/Arduino/ROS2_ServiceRobot/uros_ws/install/micro_ros_msgs/include/micro_ros_msgs/micro_ros_msgs/msg/detail/graph__builder.hpp\n'}
[0.715019] (micro_ros_msgs) StdoutLine: {'line': b'-- Up-to-date symlink: /home/duong/Arduino/ROS2_ServiceRobot/uros_ws/install/micro_ros_msgs/include/micro_ros_msgs/micro_ros_msgs/msg/detail/graph__struct.hpp\n'}
[0.715396] (micro_ros_msgs) StdoutLine: {'line': b'-- Up-to-date symlink: /home/duong/Arduino/ROS2_ServiceRobot/uros_ws/install/micro_ros_msgs/include/micro_ros_msgs/micro_ros_msgs/msg/detail/graph__traits.hpp\n'}
[0.715673] (micro_ros_msgs) StdoutLine: {'line': b'-- Up-to-date symlink: /home/duong/Arduino/ROS2_ServiceRobot/uros_ws/install/micro_ros_msgs/include/micro_ros_msgs/micro_ros_msgs/msg/detail/node__builder.hpp\n'}
[0.715854] (micro_ros_msgs) StdoutLine: {'line': b'-- Up-to-date symlink: /home/duong/Arduino/ROS2_ServiceRobot/uros_ws/install/micro_ros_msgs/include/micro_ros_msgs/micro_ros_msgs/msg/detail/node__struct.hpp\n'}
[0.716054] (micro_ros_msgs) StdoutLine: {'line': b'-- Up-to-date symlink: /home/duong/Arduino/ROS2_ServiceRobot/uros_ws/install/micro_ros_msgs/include/micro_ros_msgs/micro_ros_msgs/msg/detail/node__traits.hpp\n'}
[0.716350] (micro_ros_msgs) StdoutLine: {'line': b'-- Up-to-date symlink: /home/duong/Arduino/ROS2_ServiceRobot/uros_ws/install/micro_ros_msgs/include/micro_ros_msgs/micro_ros_msgs/msg/entity.hpp\n'}
[0.716638] (micro_ros_msgs) StdoutLine: {'line': b'-- Up-to-date symlink: /home/duong/Arduino/ROS2_ServiceRobot/uros_ws/install/micro_ros_msgs/include/micro_ros_msgs/micro_ros_msgs/msg/graph.hpp\n'}
[0.716822] (micro_ros_msgs) StdoutLine: {'line': b'-- Up-to-date symlink: /home/duong/Arduino/ROS2_ServiceRobot/uros_ws/install/micro_ros_msgs/include/micro_ros_msgs/micro_ros_msgs/msg/node.hpp\n'}
[0.717175] (micro_ros_msgs) StdoutLine: {'line': b'-- Up-to-date symlink: /home/duong/Arduino/ROS2_ServiceRobot/uros_ws/install/micro_ros_msgs/include/micro_ros_msgs/micro_ros_msgs/msg/detail/entity__rosidl_typesupport_fastrtps_cpp.hpp\n'}
[0.717360] (micro_ros_msgs) StdoutLine: {'line': b'-- Up-to-date symlink: /home/duong/Arduino/ROS2_ServiceRobot/uros_ws/install/micro_ros_msgs/include/micro_ros_msgs/micro_ros_msgs/msg/detail/graph__rosidl_typesupport_fastrtps_cpp.hpp\n'}
[0.717784] (micro_ros_msgs) StdoutLine: {'line': b'-- Up-to-date symlink: /home/duong/Arduino/ROS2_ServiceRobot/uros_ws/install/micro_ros_msgs/include/micro_ros_msgs/micro_ros_msgs/msg/detail/node__rosidl_typesupport_fastrtps_cpp.hpp\n'}
[0.718305] (micro_ros_msgs) StdoutLine: {'line': b'-- Up-to-date symlink: /home/duong/Arduino/ROS2_ServiceRobot/uros_ws/install/micro_ros_msgs/include/micro_ros_msgs/micro_ros_msgs/msg/rosidl_typesupport_fastrtps_cpp__visibility_control.h\n'}
[0.718557] (micro_ros_msgs) StdoutLine: {'line': b'-- Up-to-date symlink: /home/duong/Arduino/ROS2_ServiceRobot/uros_ws/install/micro_ros_msgs/include/micro_ros_msgs/micro_ros_msgs/msg/detail/entity__rosidl_typesupport_introspection_cpp.hpp\n'}
[0.718705] (micro_ros_msgs) StdoutLine: {'line': b'-- Up-to-date symlink: /home/duong/Arduino/ROS2_ServiceRobot/uros_ws/install/micro_ros_msgs/include/micro_ros_msgs/micro_ros_msgs/msg/detail/graph__rosidl_typesupport_introspection_cpp.hpp\n'}
[0.719132] (micro_ros_msgs) StdoutLine: {'line': b'-- Up-to-date symlink: /home/duong/Arduino/ROS2_ServiceRobot/uros_ws/install/micro_ros_msgs/include/micro_ros_msgs/micro_ros_msgs/msg/detail/node__rosidl_typesupport_introspection_cpp.hpp\n'}
[0.719480] (micro_ros_msgs) StdoutLine: {'line': b'-- Up-to-date symlink: /home/duong/Arduino/ROS2_ServiceRobot/uros_ws/install/micro_ros_msgs/share/micro_ros_msgs/environment/pythonpath.sh\n'}
[0.719587] (micro_ros_msgs) StdoutLine: {'line': b'-- Up-to-date symlink: /home/duong/Arduino/ROS2_ServiceRobot/uros_ws/install/micro_ros_msgs/share/micro_ros_msgs/environment/pythonpath.dsv\n'}
[0.719677] (micro_ros_msgs) StdoutLine: {'line': b'-- Up-to-date symlink: /home/duong/Arduino/ROS2_ServiceRobot/uros_ws/install/micro_ros_msgs/lib/python3.10/site-packages/micro_ros_msgs-4.0.1-py3.10.egg-info/PKG-INFO\n'}
[0.719762] (micro_ros_msgs) StdoutLine: {'line': b'-- Up-to-date symlink: /home/duong/Arduino/ROS2_ServiceRobot/uros_ws/install/micro_ros_msgs/lib/python3.10/site-packages/micro_ros_msgs-4.0.1-py3.10.egg-info/SOURCES.txt\n'}
[0.719850] (micro_ros_msgs) StdoutLine: {'line': b'-- Up-to-date symlink: /home/duong/Arduino/ROS2_ServiceRobot/uros_ws/install/micro_ros_msgs/lib/python3.10/site-packages/micro_ros_msgs-4.0.1-py3.10.egg-info/dependency_links.txt\n'}
[0.719935] (micro_ros_msgs) StdoutLine: {'line': b'-- Up-to-date symlink: /home/duong/Arduino/ROS2_ServiceRobot/uros_ws/install/micro_ros_msgs/lib/python3.10/site-packages/micro_ros_msgs-4.0.1-py3.10.egg-info/top_level.txt\n'}
[0.720501] (micro_ros_msgs) StdoutLine: {'line': b'-- Up-to-date symlink: /home/duong/Arduino/ROS2_ServiceRobot/uros_ws/install/micro_ros_msgs/lib/python3.10/site-packages/micro_ros_msgs/__init__.py\n'}
[0.720694] (micro_ros_msgs) StdoutLine: {'line': b'-- Up-to-date symlink: /home/duong/Arduino/ROS2_ServiceRobot/uros_ws/install/micro_ros_msgs/lib/python3.10/site-packages/micro_ros_msgs/_micro_ros_msgs_s.ep.rosidl_typesupport_c.c\n'}
[0.720875] (micro_ros_msgs) StdoutLine: {'line': b'-- Up-to-date symlink: /home/duong/Arduino/ROS2_ServiceRobot/uros_ws/install/micro_ros_msgs/lib/python3.10/site-packages/micro_ros_msgs/_micro_ros_msgs_s.ep.rosidl_typesupport_fastrtps_c.c\n'}
[0.721099] (micro_ros_msgs) StdoutLine: {'line': b'-- Up-to-date symlink: /home/duong/Arduino/ROS2_ServiceRobot/uros_ws/install/micro_ros_msgs/lib/python3.10/site-packages/micro_ros_msgs/_micro_ros_msgs_s.ep.rosidl_typesupport_introspection_c.c\n'}
[0.721295] (micro_ros_msgs) StdoutLine: {'line': b'-- Up-to-date symlink: /home/duong/Arduino/ROS2_ServiceRobot/uros_ws/install/micro_ros_msgs/lib/python3.10/site-packages/micro_ros_msgs/libmicro_ros_msgs__rosidl_generator_py.so\n'}
[0.721526] (micro_ros_msgs) StdoutLine: {'line': b'-- Up-to-date symlink: /home/duong/Arduino/ROS2_ServiceRobot/uros_ws/install/micro_ros_msgs/lib/python3.10/site-packages/micro_ros_msgs/micro_ros_msgs_s__rosidl_typesupport_c.cpython-310-x86_64-linux-gnu.so\n'}
[0.721794] (micro_ros_msgs) StdoutLine: {'line': b'-- Up-to-date symlink: /home/duong/Arduino/ROS2_ServiceRobot/uros_ws/install/micro_ros_msgs/lib/python3.10/site-packages/micro_ros_msgs/micro_ros_msgs_s__rosidl_typesupport_fastrtps_c.cpython-310-x86_64-linux-gnu.so\n'}
[0.722236] (micro_ros_msgs) StdoutLine: {'line': b'-- Up-to-date symlink: /home/duong/Arduino/ROS2_ServiceRobot/uros_ws/install/micro_ros_msgs/lib/python3.10/site-packages/micro_ros_msgs/micro_ros_msgs_s__rosidl_typesupport_introspection_c.cpython-310-x86_64-linux-gnu.so\n'}
[0.725855] (micro_ros_msgs) StdoutLine: {'line': b'-- Up-to-date symlink: /home/duong/Arduino/ROS2_ServiceRobot/uros_ws/install/micro_ros_msgs/lib/python3.10/site-packages/micro_ros_msgs/msg/__init__.py\n'}
[0.726071] (micro_ros_msgs) StdoutLine: {'line': b'-- Up-to-date symlink: /home/duong/Arduino/ROS2_ServiceRobot/uros_ws/install/micro_ros_msgs/lib/python3.10/site-packages/micro_ros_msgs/msg/_entity.py\n'}
[0.726182] (micro_ros_msgs) StdoutLine: {'line': b'-- Up-to-date symlink: /home/duong/Arduino/ROS2_ServiceRobot/uros_ws/install/micro_ros_msgs/lib/python3.10/site-packages/micro_ros_msgs/msg/_entity_s.c\n'}
[0.726279] (micro_ros_msgs) StdoutLine: {'line': b'-- Up-to-date symlink: /home/duong/Arduino/ROS2_ServiceRobot/uros_ws/install/micro_ros_msgs/lib/python3.10/site-packages/micro_ros_msgs/msg/_graph.py\n'}
[0.726375] (micro_ros_msgs) StdoutLine: {'line': b'-- Up-to-date symlink: /home/duong/Arduino/ROS2_ServiceRobot/uros_ws/install/micro_ros_msgs/lib/python3.10/site-packages/micro_ros_msgs/msg/_graph_s.c\n'}
[0.726471] (micro_ros_msgs) StdoutLine: {'line': b'-- Up-to-date symlink: /home/duong/Arduino/ROS2_ServiceRobot/uros_ws/install/micro_ros_msgs/lib/python3.10/site-packages/micro_ros_msgs/msg/_node.py\n'}
[0.726567] (micro_ros_msgs) StdoutLine: {'line': b'-- Up-to-date symlink: /home/duong/Arduino/ROS2_ServiceRobot/uros_ws/install/micro_ros_msgs/lib/python3.10/site-packages/micro_ros_msgs/msg/_node_s.c\n'}
[0.726662] (micro_ros_msgs) StdoutLine: {'line': b'-- Up-to-date symlink: /home/duong/Arduino/ROS2_ServiceRobot/uros_ws/install/micro_ros_msgs/lib/python3.10/site-packages/micro_ros_msgs/micro_ros_msgs_s__rosidl_typesupport_fastrtps_c.cpython-310-x86_64-linux-gnu.so\n'}
[0.726774] (micro_ros_msgs) StdoutLine: {'line': b'-- Up-to-date symlink: /home/duong/Arduino/ROS2_ServiceRobot/uros_ws/install/micro_ros_msgs/lib/python3.10/site-packages/micro_ros_msgs/micro_ros_msgs_s__rosidl_typesupport_introspection_c.cpython-310-x86_64-linux-gnu.so\n'}
[0.726866] (micro_ros_msgs) StdoutLine: {'line': b'-- Up-to-date symlink: /home/duong/Arduino/ROS2_ServiceRobot/uros_ws/install/micro_ros_msgs/lib/python3.10/site-packages/micro_ros_msgs/micro_ros_msgs_s__rosidl_typesupport_c.cpython-310-x86_64-linux-gnu.so\n'}
[0.726958] (micro_ros_msgs) StdoutLine: {'line': b'-- Up-to-date symlink: /home/duong/Arduino/ROS2_ServiceRobot/uros_ws/install/micro_ros_msgs/share/micro_ros_msgs/msg/Graph.idl\n'}
[0.727069] (drive_base_msgs) StdoutLine: {'line': b'[100%] Built target ament_cmake_python_build_drive_base_msgs_egg\n'}
[0.727176] (micro_ros_msgs) StdoutLine: {'line': b'-- Up-to-date symlink: /home/duong/Arduino/ROS2_ServiceRobot/uros_ws/install/micro_ros_msgs/share/micro_ros_msgs/msg/Node.idl\n'}
[0.727265] (micro_ros_msgs) StdoutLine: {'line': b'-- Up-to-date symlink: /home/duong/Arduino/ROS2_ServiceRobot/uros_ws/install/micro_ros_msgs/share/micro_ros_msgs/msg/Entity.idl\n'}
[0.729062] (micro_ros_msgs) StdoutLine: {'line': b'-- Up-to-date symlink: /home/duong/Arduino/ROS2_ServiceRobot/uros_ws/install/micro_ros_msgs/share/micro_ros_msgs/msg/Graph.msg\n'}
[0.729245] (micro_ros_msgs) StdoutLine: {'line': b'-- Up-to-date symlink: /home/duong/Arduino/ROS2_ServiceRobot/uros_ws/install/micro_ros_msgs/share/micro_ros_msgs/msg/Node.msg\n'}
[0.729343] (micro_ros_msgs) StdoutLine: {'line': b'-- Up-to-date symlink: /home/duong/Arduino/ROS2_ServiceRobot/uros_ws/install/micro_ros_msgs/share/micro_ros_msgs/msg/Entity.msg\n'}
[0.729436] (micro_ros_msgs) StdoutLine: {'line': b'-- Up-to-date symlink: /home/duong/Arduino/ROS2_ServiceRobot/uros_ws/install/micro_ros_msgs/share/ament_index/resource_index/package_run_dependencies/micro_ros_msgs\n'}
[0.729531] (micro_ros_msgs) StdoutLine: {'line': b'-- Up-to-date symlink: /home/duong/Arduino/ROS2_ServiceRobot/uros_ws/install/micro_ros_msgs/share/ament_index/resource_index/parent_prefix_path/micro_ros_msgs\n'}
[0.729626] (micro_ros_msgs) StdoutLine: {'line': b'-- Up-to-date symlink: /home/duong/Arduino/ROS2_ServiceRobot/uros_ws/install/micro_ros_msgs/share/micro_ros_msgs/environment/ament_prefix_path.sh\n'}
[0.729728] (micro_ros_msgs) StdoutLine: {'line': b'-- Up-to-date symlink: /home/duong/Arduino/ROS2_ServiceRobot/uros_ws/install/micro_ros_msgs/share/micro_ros_msgs/environment/ament_prefix_path.dsv\n'}
[0.729821] (micro_ros_msgs) StdoutLine: {'line': b'-- Up-to-date symlink: /home/duong/Arduino/ROS2_ServiceRobot/uros_ws/install/micro_ros_msgs/share/micro_ros_msgs/environment/path.sh\n'}
[0.729915] (micro_ros_msgs) StdoutLine: {'line': b'-- Up-to-date symlink: /home/duong/Arduino/ROS2_ServiceRobot/uros_ws/install/micro_ros_msgs/share/micro_ros_msgs/environment/path.dsv\n'}
[0.730034] (micro_ros_msgs) StdoutLine: {'line': b'-- Up-to-date symlink: /home/duong/Arduino/ROS2_ServiceRobot/uros_ws/install/micro_ros_msgs/share/micro_ros_msgs/local_setup.bash\n'}
[0.730140] (micro_ros_msgs) StdoutLine: {'line': b'-- Up-to-date symlink: /home/duong/Arduino/ROS2_ServiceRobot/uros_ws/install/micro_ros_msgs/share/micro_ros_msgs/local_setup.sh\n'}
[0.730234] (micro_ros_msgs) StdoutLine: {'line': b'-- Up-to-date symlink: /home/duong/Arduino/ROS2_ServiceRobot/uros_ws/install/micro_ros_msgs/share/micro_ros_msgs/local_setup.zsh\n'}
[0.730326] (micro_ros_msgs) StdoutLine: {'line': b'-- Up-to-date symlink: /home/duong/Arduino/ROS2_ServiceRobot/uros_ws/install/micro_ros_msgs/share/micro_ros_msgs/local_setup.dsv\n'}
[0.730399] (micro_ros_msgs) StdoutLine: {'line': b'-- Symlinking: /home/duong/Arduino/ROS2_ServiceRobot/uros_ws/install/micro_ros_msgs/share/micro_ros_msgs/package.dsv\n'}
[0.743604] (drive_base_msgs) CommandEnded: {'returncode': 0}
[0.744692] (drive_base_msgs) JobProgress: {'identifier': 'drive_base_msgs', 'progress': 'install'}
[0.745194] (drive_base_msgs) Command: {'cmd': ['/usr/bin/cmake', '--install', '/home/duong/Arduino/ROS2_ServiceRobot/uros_ws/build/drive_base_msgs'], 'cwd': '/home/duong/Arduino/ROS2_ServiceRobot/uros_ws/build/drive_base_msgs', 'env': OrderedDict([('SHLVL', '0'), ('LD_LIBRARY_PATH', '/usr/lib/x86_64-linux-gnu/gazebo-11/plugins:/opt/ros/iron/opt/rviz_ogre_vendor/lib:/opt/ros/iron/lib/x86_64-linux-gnu:/opt/ros/iron/lib'), ('HOME', '/tmp'), ('ROS_PYTHON_VERSION', '3'), ('ROS_DISTRO', 'iron'), ('_', '/usr/bin/colcon'), ('ROS_VERSION', '2'), ('PATH', '/opt/ros/iron/bin:/usr/local/bin:/usr/bin:/bin'), ('LANG', 'C.UTF-8'), ('AMENT_PREFIX_PATH', '/opt/ros/iron'), ('ROS_AUTOMATIC_DISCOVERY_RANGE', 'SUBNET'), ('PWD', '/home/duong/Arduino/ROS2_ServiceRobot/uros_ws/build/drive_base_msgs'), ('LC_ALL', 'C.UTF-8'), ('PYTHONPATH', '/opt/ros/iron/lib/python3.10/site-packages'), ('COLCON', '1'), ('CMAKE_PREFIX_PATH', '/opt/ros/iron')]), 'shell': False}
[0.750197] (micro_ros_msgs) StdoutLine: {'line': b'-- Up-to-date symlink: /home/duong/Arduino/ROS2_ServiceRobot/uros_ws/install/micro_ros_msgs/share/ament_index/resource_index/packages/micro_ros_msgs\n'}
[0.750603] (micro_ros_msgs) StdoutLine: {'line': b'-- Up-to-date symlink: /home/duong/Arduino/ROS2_ServiceRobot/uros_ws/install/micro_ros_msgs/share/micro_ros_msgs/cmake/rosidl_cmake-extras.cmake\n'}
[0.751035] (micro_ros_msgs) StdoutLine: {'line': b'-- Up-to-date symlink: /home/duong/Arduino/ROS2_ServiceRobot/uros_ws/install/micro_ros_msgs/share/micro_ros_msgs/cmake/ament_cmake_export_include_directories-extras.cmake\n'}
[0.751477] (micro_ros_msgs) StdoutLine: {'line': b'-- Up-to-date symlink: /home/duong/Arduino/ROS2_ServiceRobot/uros_ws/install/micro_ros_msgs/share/micro_ros_msgs/cmake/ament_cmake_export_libraries-extras.cmake\n'}
[0.751886] (micro_ros_msgs) StdoutLine: {'line': b'-- Up-to-date symlink: /home/duong/Arduino/ROS2_ServiceRobot/uros_ws/install/micro_ros_msgs/share/micro_ros_msgs/cmake/ament_cmake_export_targets-extras.cmake\n'}
[0.752345] (micro_ros_msgs) StdoutLine: {'line': b'-- Up-to-date symlink: /home/duong/Arduino/ROS2_ServiceRobot/uros_ws/install/micro_ros_msgs/share/micro_ros_msgs/cmake/rosidl_cmake_export_typesupport_targets-extras.cmake\n'}
[0.752644] (micro_ros_msgs) StdoutLine: {'line': b'-- Up-to-date symlink: /home/duong/Arduino/ROS2_ServiceRobot/uros_ws/install/micro_ros_msgs/share/micro_ros_msgs/cmake/ament_cmake_export_dependencies-extras.cmake\n'}
[0.752877] (micro_ros_msgs) StdoutLine: {'line': b'-- Up-to-date symlink: /home/duong/Arduino/ROS2_ServiceRobot/uros_ws/install/micro_ros_msgs/share/micro_ros_msgs/cmake/rosidl_cmake_export_typesupport_libraries-extras.cmake\n'}
[0.753274] (micro_ros_msgs) StdoutLine: {'line': b'-- Up-to-date symlink: /home/duong/Arduino/ROS2_ServiceRobot/uros_ws/install/micro_ros_msgs/share/micro_ros_msgs/cmake/micro_ros_msgsConfig.cmake\n'}
[0.753432] (micro_ros_msgs) StdoutLine: {'line': b'-- Up-to-date symlink: /home/duong/Arduino/ROS2_ServiceRobot/uros_ws/install/micro_ros_msgs/share/micro_ros_msgs/cmake/micro_ros_msgsConfig-version.cmake\n'}
[0.753660] (micro_ros_msgs) StdoutLine: {'line': b'-- Up-to-date symlink: /home/duong/Arduino/ROS2_ServiceRobot/uros_ws/install/micro_ros_msgs/share/micro_ros_msgs/package.xml\n'}
[0.753873] (micro_ros_msgs) StdoutLine: {'line': b'-- Up-to-date: /home/duong/Arduino/ROS2_ServiceRobot/uros_ws/install/micro_ros_msgs/lib/libmicro_ros_msgs__rosidl_generator_c.so\n'}
[0.754362] (micro_ros_msgs) StdoutLine: {'line': b'-- Up-to-date: /home/duong/Arduino/ROS2_ServiceRobot/uros_ws/install/micro_ros_msgs/lib/libmicro_ros_msgs__rosidl_typesupport_fastrtps_c.so\n'}
[0.754936] (micro_ros_msgs) StdoutLine: {'line': b'-- Up-to-date: /home/duong/Arduino/ROS2_ServiceRobot/uros_ws/install/micro_ros_msgs/lib/libmicro_ros_msgs__rosidl_typesupport_introspection_c.so\n'}
[0.755380] (micro_ros_msgs) StdoutLine: {'line': b'-- Up-to-date: /home/duong/Arduino/ROS2_ServiceRobot/uros_ws/install/micro_ros_msgs/lib/libmicro_ros_msgs__rosidl_typesupport_c.so\n'}
[0.755825] (micro_ros_msgs) StdoutLine: {'line': b'-- Up-to-date: /home/duong/Arduino/ROS2_ServiceRobot/uros_ws/install/micro_ros_msgs/lib/libmicro_ros_msgs__rosidl_typesupport_fastrtps_cpp.so\n'}
[0.756361] (micro_ros_msgs) StdoutLine: {'line': b'-- Up-to-date: /home/duong/Arduino/ROS2_ServiceRobot/uros_ws/install/micro_ros_msgs/lib/libmicro_ros_msgs__rosidl_typesupport_introspection_cpp.so\n'}
[0.756851] (micro_ros_msgs) StdoutLine: {'line': b'-- Up-to-date: /home/duong/Arduino/ROS2_ServiceRobot/uros_ws/install/micro_ros_msgs/lib/libmicro_ros_msgs__rosidl_typesupport_cpp.so\n'}
[0.759035] (drive_base_msgs) StdoutLine: {'line': b'-- Install configuration: ""\n'}
[0.760066] (drive_base_msgs) StdoutLine: {'line': b'-- Execute custom install script\n'}
[0.760537] (drive_base_msgs) StdoutLine: {'line': b'-- Up-to-date symlink: /home/duong/Arduino/ROS2_ServiceRobot/uros_ws/install/drive_base_msgs/share/ament_index/resource_index/rosidl_interfaces/drive_base_msgs\n'}
[0.760911] (drive_base_msgs) StdoutLine: {'line': b'-- Up-to-date symlink: /home/duong/Arduino/ROS2_ServiceRobot/uros_ws/install/drive_base_msgs/share/drive_base_msgs/msg/CommandHeader.json\n'}
[0.761427] (drive_base_msgs) StdoutLine: {'line': b'-- Up-to-date symlink: /home/duong/Arduino/ROS2_ServiceRobot/uros_ws/install/drive_base_msgs/share/drive_base_msgs/msg/BaseInfo.json\n'}
[0.761571] (drive_base_msgs) StdoutLine: {'line': b'-- Up-to-date symlink: /home/duong/Arduino/ROS2_ServiceRobot/uros_ws/install/drive_base_msgs/share/drive_base_msgs/msg/CommandStatus.json\n'}
[0.761676] (drive_base_msgs) StdoutLine: {'line': b'-- Up-to-date symlink: /home/duong/Arduino/ROS2_ServiceRobot/uros_ws/install/drive_base_msgs/share/drive_base_msgs/msg/TRVCommand.json\n'}
[0.762446] (drive_base_msgs) StdoutLine: {'line': b'-- Up-to-date symlink: /home/duong/Arduino/ROS2_ServiceRobot/uros_ws/install/drive_base_msgs/include/drive_base_msgs/drive_base_msgs/msg/base_info.h\n'}
[0.762783] (drive_base_msgs) StdoutLine: {'line': b'-- Up-to-date symlink: /home/duong/Arduino/ROS2_ServiceRobot/uros_ws/install/drive_base_msgs/include/drive_base_msgs/drive_base_msgs/msg/command_header.h\n'}
[0.763106] (drive_base_msgs) StdoutLine: {'line': b'-- Up-to-date symlink: /home/duong/Arduino/ROS2_ServiceRobot/uros_ws/install/drive_base_msgs/include/drive_base_msgs/drive_base_msgs/msg/command_status.h\n'}
[0.763393] (drive_base_msgs) StdoutLine: {'line': b'-- Up-to-date symlink: /home/duong/Arduino/ROS2_ServiceRobot/uros_ws/install/drive_base_msgs/include/drive_base_msgs/drive_base_msgs/msg/detail/base_info__functions.h\n'}
[0.763686] (drive_base_msgs) StdoutLine: {'line': b'-- Up-to-date symlink: /home/duong/Arduino/ROS2_ServiceRobot/uros_ws/install/drive_base_msgs/include/drive_base_msgs/drive_base_msgs/msg/detail/base_info__struct.h\n'}
[0.763912] (drive_base_msgs) StdoutLine: {'line': b'-- Up-to-date symlink: /home/duong/Arduino/ROS2_ServiceRobot/uros_ws/install/drive_base_msgs/include/drive_base_msgs/drive_base_msgs/msg/detail/base_info__type_support.h\n'}
[0.764211] (drive_base_msgs) StdoutLine: {'line': b'-- Up-to-date symlink: /home/duong/Arduino/ROS2_ServiceRobot/uros_ws/install/drive_base_msgs/include/drive_base_msgs/drive_base_msgs/msg/detail/command_header__functions.h\n'}
[0.764515] (drive_base_msgs) StdoutLine: {'line': b'-- Up-to-date symlink: /home/duong/Arduino/ROS2_ServiceRobot/uros_ws/install/drive_base_msgs/include/drive_base_msgs/drive_base_msgs/msg/detail/command_header__struct.h\n'}
[0.764788] (drive_base_msgs) StdoutLine: {'line': b'-- Up-to-date symlink: /home/duong/Arduino/ROS2_ServiceRobot/uros_ws/install/drive_base_msgs/include/drive_base_msgs/drive_base_msgs/msg/detail/command_header__type_support.h\n'}
[0.765070] (drive_base_msgs) StdoutLine: {'line': b'-- Up-to-date symlink: /home/duong/Arduino/ROS2_ServiceRobot/uros_ws/install/drive_base_msgs/include/drive_base_msgs/drive_base_msgs/msg/detail/command_status__functions.h\n'}
[0.765518] (drive_base_msgs) StdoutLine: {'line': b'-- Up-to-date symlink: /home/duong/Arduino/ROS2_ServiceRobot/uros_ws/install/drive_base_msgs/include/drive_base_msgs/drive_base_msgs/msg/detail/command_status__struct.h\n'}
[0.765830] (drive_base_msgs) StdoutLine: {'line': b'-- Up-to-date symlink: /home/duong/Arduino/ROS2_ServiceRobot/uros_ws/install/drive_base_msgs/include/drive_base_msgs/drive_base_msgs/msg/detail/command_status__type_support.h\n'}
[0.766155] (drive_base_msgs) StdoutLine: {'line': b'-- Up-to-date symlink: /home/duong/Arduino/ROS2_ServiceRobot/uros_ws/install/drive_base_msgs/include/drive_base_msgs/drive_base_msgs/msg/detail/trv_command__functions.h\n'}
[0.766559] (drive_base_msgs) StdoutLine: {'line': b'-- Up-to-date symlink: /home/duong/Arduino/ROS2_ServiceRobot/uros_ws/install/drive_base_msgs/include/drive_base_msgs/drive_base_msgs/msg/detail/trv_command__struct.h\n'}
[0.766688] (drive_base_msgs) StdoutLine: {'line': b'-- Up-to-date symlink: /home/duong/Arduino/ROS2_ServiceRobot/uros_ws/install/drive_base_msgs/include/drive_base_msgs/drive_base_msgs/msg/detail/trv_command__type_support.h\n'}
[0.766966] (drive_base_msgs) StdoutLine: {'line': b'-- Up-to-date symlink: /home/duong/Arduino/ROS2_ServiceRobot/uros_ws/install/drive_base_msgs/include/drive_base_msgs/drive_base_msgs/msg/rosidl_generator_c__visibility_control.h\n'}
[0.767289] (drive_base_msgs) StdoutLine: {'line': b'-- Up-to-date symlink: /home/duong/Arduino/ROS2_ServiceRobot/uros_ws/install/drive_base_msgs/include/drive_base_msgs/drive_base_msgs/msg/trv_command.h\n'}
[0.767565] (drive_base_msgs) StdoutLine: {'line': b'-- Up-to-date symlink: /home/duong/Arduino/ROS2_ServiceRobot/uros_ws/install/drive_base_msgs/share/drive_base_msgs/environment/library_path.sh\n'}
[0.767919] (drive_base_msgs) StdoutLine: {'line': b'-- Up-to-date symlink: /home/duong/Arduino/ROS2_ServiceRobot/uros_ws/install/drive_base_msgs/share/drive_base_msgs/environment/library_path.dsv\n'}
[0.769059] (drive_base_msgs) StdoutLine: {'line': b'-- Up-to-date symlink: /home/duong/Arduino/ROS2_ServiceRobot/uros_ws/install/drive_base_msgs/include/drive_base_msgs/drive_base_msgs/msg/detail/base_info__rosidl_typesupport_fastrtps_c.h\n'}
[0.769596] (drive_base_msgs) StdoutLine: {'line': b'-- Up-to-date symlink: /home/duong/Arduino/ROS2_ServiceRobot/uros_ws/install/drive_base_msgs/include/drive_base_msgs/drive_base_msgs/msg/detail/command_header__rosidl_typesupport_fastrtps_c.h\n'}
[0.769912] (drive_base_msgs) StdoutLine: {'line': b'-- Up-to-date symlink: /home/duong/Arduino/ROS2_ServiceRobot/uros_ws/install/drive_base_msgs/include/drive_base_msgs/drive_base_msgs/msg/detail/command_status__rosidl_typesupport_fastrtps_c.h\n'}
[0.770103] (drive_base_msgs) StdoutLine: {'line': b'-- Up-to-date symlink: /home/duong/Arduino/ROS2_ServiceRobot/uros_ws/install/drive_base_msgs/include/drive_base_msgs/drive_base_msgs/msg/detail/trv_command__rosidl_typesupport_fastrtps_c.h\n'}
[0.770231] (drive_base_msgs) StdoutLine: {'line': b'-- Up-to-date symlink: /home/duong/Arduino/ROS2_ServiceRobot/uros_ws/install/drive_base_msgs/include/drive_base_msgs/drive_base_msgs/msg/rosidl_typesupport_fastrtps_c__visibility_control.h\n'}
[0.770531] (drive_base_msgs) StdoutLine: {'line': b'-- Up-to-date symlink: /home/duong/Arduino/ROS2_ServiceRobot/uros_ws/install/drive_base_msgs/include/drive_base_msgs/drive_base_msgs/msg/base_info.hpp\n'}
[0.770768] (drive_base_msgs) StdoutLine: {'line': b'-- Up-to-date symlink: /home/duong/Arduino/ROS2_ServiceRobot/uros_ws/install/drive_base_msgs/include/drive_base_msgs/drive_base_msgs/msg/command_header.hpp\n'}
[0.771006] (drive_base_msgs) StdoutLine: {'line': b'-- Up-to-date symlink: /home/duong/Arduino/ROS2_ServiceRobot/uros_ws/install/drive_base_msgs/include/drive_base_msgs/drive_base_msgs/msg/command_status.hpp\n'}
[0.771246] (drive_base_msgs) StdoutLine: {'line': b'-- Up-to-date symlink: /home/duong/Arduino/ROS2_ServiceRobot/uros_ws/install/drive_base_msgs/include/drive_base_msgs/drive_base_msgs/msg/detail/base_info__builder.hpp\n'}
[0.771482] (drive_base_msgs) StdoutLine: {'line': b'-- Up-to-date symlink: /home/duong/Arduino/ROS2_ServiceRobot/uros_ws/install/drive_base_msgs/include/drive_base_msgs/drive_base_msgs/msg/detail/base_info__struct.hpp\n'}
[0.771742] (drive_base_msgs) StdoutLine: {'line': b'-- Up-to-date symlink: /home/duong/Arduino/ROS2_ServiceRobot/uros_ws/install/drive_base_msgs/include/drive_base_msgs/drive_base_msgs/msg/detail/base_info__traits.hpp\n'}
[0.772031] (drive_base_msgs) StdoutLine: {'line': b'-- Up-to-date symlink: /home/duong/Arduino/ROS2_ServiceRobot/uros_ws/install/drive_base_msgs/include/drive_base_msgs/drive_base_msgs/msg/detail/command_header__builder.hpp\n'}
[0.772415] (drive_base_msgs) StdoutLine: {'line': b'-- Up-to-date symlink: /home/duong/Arduino/ROS2_ServiceRobot/uros_ws/install/drive_base_msgs/include/drive_base_msgs/drive_base_msgs/msg/detail/command_header__struct.hpp\n'}
[0.772755] (drive_base_msgs) StdoutLine: {'line': b'-- Up-to-date symlink: /home/duong/Arduino/ROS2_ServiceRobot/uros_ws/install/drive_base_msgs/include/drive_base_msgs/drive_base_msgs/msg/detail/command_header__traits.hpp\n'}
[0.773057] (drive_base_msgs) StdoutLine: {'line': b'-- Up-to-date symlink: /home/duong/Arduino/ROS2_ServiceRobot/uros_ws/install/drive_base_msgs/include/drive_base_msgs/drive_base_msgs/msg/detail/command_status__builder.hpp\n'}
[0.773300] (drive_base_msgs) StdoutLine: {'line': b'-- Up-to-date symlink: /home/duong/Arduino/ROS2_ServiceRobot/uros_ws/install/drive_base_msgs/include/drive_base_msgs/drive_base_msgs/msg/detail/command_status__struct.hpp\n'}
[0.773427] (drive_base_msgs) StdoutLine: {'line': b'-- Up-to-date symlink: /home/duong/Arduino/ROS2_ServiceRobot/uros_ws/install/drive_base_msgs/include/drive_base_msgs/drive_base_msgs/msg/detail/command_status__traits.hpp\n'}
[0.773682] (drive_base_msgs) StdoutLine: {'line': b'-- Up-to-date symlink: /home/duong/Arduino/ROS2_ServiceRobot/uros_ws/install/drive_base_msgs/include/drive_base_msgs/drive_base_msgs/msg/detail/trv_command__builder.hpp\n'}
[0.774071] (drive_base_msgs) StdoutLine: {'line': b'-- Up-to-date symlink: /home/duong/Arduino/ROS2_ServiceRobot/uros_ws/install/drive_base_msgs/include/drive_base_msgs/drive_base_msgs/msg/detail/trv_command__struct.hpp\n'}
[0.774335] (drive_base_msgs) StdoutLine: {'line': b'-- Up-to-date symlink: /home/duong/Arduino/ROS2_ServiceRobot/uros_ws/install/drive_base_msgs/include/drive_base_msgs/drive_base_msgs/msg/detail/trv_command__traits.hpp\n'}
[0.774459] (drive_base_msgs) StdoutLine: {'line': b'-- Up-to-date symlink: /home/duong/Arduino/ROS2_ServiceRobot/uros_ws/install/drive_base_msgs/include/drive_base_msgs/drive_base_msgs/msg/trv_command.hpp\n'}
[0.775123] (drive_base_msgs) StdoutLine: {'line': b'-- Up-to-date symlink: /home/duong/Arduino/ROS2_ServiceRobot/uros_ws/install/drive_base_msgs/include/drive_base_msgs/drive_base_msgs/msg/detail/base_info__rosidl_typesupport_fastrtps_cpp.hpp\n'}
[0.775370] (drive_base_msgs) StdoutLine: {'line': b'-- Up-to-date symlink: /home/duong/Arduino/ROS2_ServiceRobot/uros_ws/install/drive_base_msgs/include/drive_base_msgs/drive_base_msgs/msg/detail/command_header__rosidl_typesupport_fastrtps_cpp.hpp\n'}
[0.775708] (drive_base_msgs) StdoutLine: {'line': b'-- Up-to-date symlink: /home/duong/Arduino/ROS2_ServiceRobot/uros_ws/install/drive_base_msgs/include/drive_base_msgs/drive_base_msgs/msg/detail/command_status__rosidl_typesupport_fastrtps_cpp.hpp\n'}
[0.776023] (drive_base_msgs) StdoutLine: {'line': b'-- Up-to-date symlink: /home/duong/Arduino/ROS2_ServiceRobot/uros_ws/install/drive_base_msgs/include/drive_base_msgs/drive_base_msgs/msg/detail/trv_command__rosidl_typesupport_fastrtps_cpp.hpp\n'}
[0.776183] (drive_base_msgs) StdoutLine: {'line': b'-- Up-to-date symlink: /home/duong/Arduino/ROS2_ServiceRobot/uros_ws/install/drive_base_msgs/include/drive_base_msgs/drive_base_msgs/msg/rosidl_typesupport_fastrtps_cpp__visibility_control.h\n'}
[0.776528] (drive_base_msgs) StdoutLine: {'line': b'-- Up-to-date symlink: /home/duong/Arduino/ROS2_ServiceRobot/uros_ws/install/drive_base_msgs/include/drive_base_msgs/drive_base_msgs/msg/detail/base_info__rosidl_typesupport_introspection_c.h\n'}
[0.776766] (drive_base_msgs) StdoutLine: {'line': b'-- Up-to-date symlink: /home/duong/Arduino/ROS2_ServiceRobot/uros_ws/install/drive_base_msgs/include/drive_base_msgs/drive_base_msgs/msg/detail/command_header__rosidl_typesupport_introspection_c.h\n'}
[0.776997] (drive_base_msgs) StdoutLine: {'line': b'-- Up-to-date symlink: /home/duong/Arduino/ROS2_ServiceRobot/uros_ws/install/drive_base_msgs/include/drive_base_msgs/drive_base_msgs/msg/detail/command_status__rosidl_typesupport_introspection_c.h\n'}
[0.777246] (drive_base_msgs) StdoutLine: {'line': b'-- Up-to-date symlink: /home/duong/Arduino/ROS2_ServiceRobot/uros_ws/install/drive_base_msgs/include/drive_base_msgs/drive_base_msgs/msg/detail/trv_command__rosidl_typesupport_introspection_c.h\n'}
[0.777464] (drive_base_msgs) StdoutLine: {'line': b'-- Up-to-date symlink: /home/duong/Arduino/ROS2_ServiceRobot/uros_ws/install/drive_base_msgs/include/drive_base_msgs/drive_base_msgs/msg/rosidl_typesupport_introspection_c__visibility_control.h\n'}
[0.777941] (drive_base_msgs) StdoutLine: {'line': b'-- Up-to-date symlink: /home/duong/Arduino/ROS2_ServiceRobot/uros_ws/install/drive_base_msgs/include/drive_base_msgs/drive_base_msgs/msg/detail/base_info__rosidl_typesupport_introspection_cpp.hpp\n'}
[0.778272] (drive_base_msgs) StdoutLine: {'line': b'-- Up-to-date symlink: /home/duong/Arduino/ROS2_ServiceRobot/uros_ws/install/drive_base_msgs/include/drive_base_msgs/drive_base_msgs/msg/detail/command_header__rosidl_typesupport_introspection_cpp.hpp\n'}
[0.778582] (drive_base_msgs) StdoutLine: {'line': b'-- Up-to-date symlink: /home/duong/Arduino/ROS2_ServiceRobot/uros_ws/install/drive_base_msgs/include/drive_base_msgs/drive_base_msgs/msg/detail/command_status__rosidl_typesupport_introspection_cpp.hpp\n'}
[0.778821] (drive_base_msgs) StdoutLine: {'line': b'-- Up-to-date symlink: /home/duong/Arduino/ROS2_ServiceRobot/uros_ws/install/drive_base_msgs/include/drive_base_msgs/drive_base_msgs/msg/detail/trv_command__rosidl_typesupport_introspection_cpp.hpp\n'}
[0.779060] (drive_base_msgs) StdoutLine: {'line': b'-- Up-to-date symlink: /home/duong/Arduino/ROS2_ServiceRobot/uros_ws/install/drive_base_msgs/share/drive_base_msgs/environment/pythonpath.sh\n'}
[0.779315] (drive_base_msgs) StdoutLine: {'line': b'-- Up-to-date symlink: /home/duong/Arduino/ROS2_ServiceRobot/uros_ws/install/drive_base_msgs/share/drive_base_msgs/environment/pythonpath.dsv\n'}
[0.779830] (drive_base_msgs) StdoutLine: {'line': b'-- Up-to-date symlink: /home/duong/Arduino/ROS2_ServiceRobot/uros_ws/install/drive_base_msgs/lib/python3.10/site-packages/drive_base_msgs-0.0.0-py3.10.egg-info/PKG-INFO\n'}
[0.780139] (drive_base_msgs) StdoutLine: {'line': b'-- Up-to-date symlink: /home/duong/Arduino/ROS2_ServiceRobot/uros_ws/install/drive_base_msgs/lib/python3.10/site-packages/drive_base_msgs-0.0.0-py3.10.egg-info/SOURCES.txt\n'}
[0.780472] (drive_base_msgs) StdoutLine: {'line': b'-- Up-to-date symlink: /home/duong/Arduino/ROS2_ServiceRobot/uros_ws/install/drive_base_msgs/lib/python3.10/site-packages/drive_base_msgs-0.0.0-py3.10.egg-info/dependency_links.txt\n'}
[0.780744] (drive_base_msgs) StdoutLine: {'line': b'-- Up-to-date symlink: /home/duong/Arduino/ROS2_ServiceRobot/uros_ws/install/drive_base_msgs/lib/python3.10/site-packages/drive_base_msgs-0.0.0-py3.10.egg-info/top_level.txt\n'}
[0.781841] (drive_base_msgs) StdoutLine: {'line': b'-- Up-to-date symlink: /home/duong/Arduino/ROS2_ServiceRobot/uros_ws/install/drive_base_msgs/lib/python3.10/site-packages/drive_base_msgs/__init__.py\n'}
[0.782192] (drive_base_msgs) StdoutLine: {'line': b'-- Up-to-date symlink: /home/duong/Arduino/ROS2_ServiceRobot/uros_ws/install/drive_base_msgs/lib/python3.10/site-packages/drive_base_msgs/_drive_base_msgs_s.ep.rosidl_typesupport_c.c\n'}
[0.782532] (drive_base_msgs) StdoutLine: {'line': b'-- Up-to-date symlink: /home/duong/Arduino/ROS2_ServiceRobot/uros_ws/install/drive_base_msgs/lib/python3.10/site-packages/drive_base_msgs/_drive_base_msgs_s.ep.rosidl_typesupport_fastrtps_c.c\n'}
[0.782750] (drive_base_msgs) StdoutLine: {'line': b'-- Up-to-date symlink: /home/duong/Arduino/ROS2_ServiceRobot/uros_ws/install/drive_base_msgs/lib/python3.10/site-packages/drive_base_msgs/_drive_base_msgs_s.ep.rosidl_typesupport_introspection_c.c\n'}
[0.782895] (drive_base_msgs) StdoutLine: {'line': b'-- Up-to-date symlink: /home/duong/Arduino/ROS2_ServiceRobot/uros_ws/install/drive_base_msgs/lib/python3.10/site-packages/drive_base_msgs/drive_base_msgs_s__rosidl_typesupport_c.cpython-310-x86_64-linux-gnu.so\n'}
[0.783241] (drive_base_msgs) StdoutLine: {'line': b'-- Up-to-date symlink: /home/duong/Arduino/ROS2_ServiceRobot/uros_ws/install/drive_base_msgs/lib/python3.10/site-packages/drive_base_msgs/drive_base_msgs_s__rosidl_typesupport_fastrtps_c.cpython-310-x86_64-linux-gnu.so\n'}
[0.783373] (drive_base_msgs) StdoutLine: {'line': b'-- Up-to-date symlink: /home/duong/Arduino/ROS2_ServiceRobot/uros_ws/install/drive_base_msgs/lib/python3.10/site-packages/drive_base_msgs/drive_base_msgs_s__rosidl_typesupport_introspection_c.cpython-310-x86_64-linux-gnu.so\n'}
[0.783629] (drive_base_msgs) StdoutLine: {'line': b'-- Up-to-date symlink: /home/duong/Arduino/ROS2_ServiceRobot/uros_ws/install/drive_base_msgs/lib/python3.10/site-packages/drive_base_msgs/libdrive_base_msgs__rosidl_generator_py.so\n'}
[0.783834] (drive_base_msgs) StdoutLine: {'line': b'-- Up-to-date symlink: /home/duong/Arduino/ROS2_ServiceRobot/uros_ws/install/drive_base_msgs/lib/python3.10/site-packages/drive_base_msgs/msg/__init__.py\n'}
[0.784073] (drive_base_msgs) StdoutLine: {'line': b'-- Up-to-date symlink: /home/duong/Arduino/ROS2_ServiceRobot/uros_ws/install/drive_base_msgs/lib/python3.10/site-packages/drive_base_msgs/msg/_base_info.py\n'}
[0.784299] (drive_base_msgs) StdoutLine: {'line': b'-- Up-to-date symlink: /home/duong/Arduino/ROS2_ServiceRobot/uros_ws/install/drive_base_msgs/lib/python3.10/site-packages/drive_base_msgs/msg/_base_info_s.c\n'}
[0.784531] (drive_base_msgs) StdoutLine: {'line': b'-- Up-to-date symlink: /home/duong/Arduino/ROS2_ServiceRobot/uros_ws/install/drive_base_msgs/lib/python3.10/site-packages/drive_base_msgs/msg/_command_header.py\n'}
[0.784761] (drive_base_msgs) StdoutLine: {'line': b'-- Up-to-date symlink: /home/duong/Arduino/ROS2_ServiceRobot/uros_ws/install/drive_base_msgs/lib/python3.10/site-packages/drive_base_msgs/msg/_command_header_s.c\n'}
[0.784970] (drive_base_msgs) StdoutLine: {'line': b'-- Up-to-date symlink: /home/duong/Arduino/ROS2_ServiceRobot/uros_ws/install/drive_base_msgs/lib/python3.10/site-packages/drive_base_msgs/msg/_command_status.py\n'}
[0.785251] (drive_base_msgs) StdoutLine: {'line': b'-- Up-to-date symlink: /home/duong/Arduino/ROS2_ServiceRobot/uros_ws/install/drive_base_msgs/lib/python3.10/site-packages/drive_base_msgs/msg/_command_status_s.c\n'}
[0.785524] (drive_base_msgs) StdoutLine: {'line': b'-- Up-to-date symlink: /home/duong/Arduino/ROS2_ServiceRobot/uros_ws/install/drive_base_msgs/lib/python3.10/site-packages/drive_base_msgs/msg/_trv_command.py\n'}
[0.785824] (drive_base_msgs) StdoutLine: {'line': b'-- Up-to-date symlink: /home/duong/Arduino/ROS2_ServiceRobot/uros_ws/install/drive_base_msgs/lib/python3.10/site-packages/drive_base_msgs/msg/_trv_command_s.c\n'}
[0.786266] (drive_base_msgs) StdoutLine: {'line': b'-- Up-to-date symlink: /home/duong/Arduino/ROS2_ServiceRobot/uros_ws/install/drive_base_msgs/lib/python3.10/site-packages/drive_base_msgs/drive_base_msgs_s__rosidl_typesupport_fastrtps_c.cpython-310-x86_64-linux-gnu.so\n'}
[0.786722] (drive_base_msgs) StdoutLine: {'line': b'-- Up-to-date symlink: /home/duong/Arduino/ROS2_ServiceRobot/uros_ws/install/drive_base_msgs/lib/python3.10/site-packages/drive_base_msgs/drive_base_msgs_s__rosidl_typesupport_introspection_c.cpython-310-x86_64-linux-gnu.so\n'}
[0.787180] (drive_base_msgs) StdoutLine: {'line': b'-- Up-to-date symlink: /home/duong/Arduino/ROS2_ServiceRobot/uros_ws/install/drive_base_msgs/lib/python3.10/site-packages/drive_base_msgs/drive_base_msgs_s__rosidl_typesupport_c.cpython-310-x86_64-linux-gnu.so\n'}
[0.787525] (drive_base_msgs) StdoutLine: {'line': b'-- Up-to-date symlink: /home/duong/Arduino/ROS2_ServiceRobot/uros_ws/install/drive_base_msgs/share/drive_base_msgs/msg/CommandHeader.idl\n'}
[0.787891] (drive_base_msgs) StdoutLine: {'line': b'-- Up-to-date symlink: /home/duong/Arduino/ROS2_ServiceRobot/uros_ws/install/drive_base_msgs/share/drive_base_msgs/msg/BaseInfo.idl\n'}
[0.788220] (drive_base_msgs) StdoutLine: {'line': b'-- Up-to-date symlink: /home/duong/Arduino/ROS2_ServiceRobot/uros_ws/install/drive_base_msgs/share/drive_base_msgs/msg/CommandStatus.idl\n'}
[0.788523] (drive_base_msgs) StdoutLine: {'line': b'-- Up-to-date symlink: /home/duong/Arduino/ROS2_ServiceRobot/uros_ws/install/drive_base_msgs/share/drive_base_msgs/msg/TRVCommand.idl\n'}
[0.788832] (drive_base_msgs) StdoutLine: {'line': b'-- Up-to-date symlink: /home/duong/Arduino/ROS2_ServiceRobot/uros_ws/install/drive_base_msgs/share/drive_base_msgs/msg/CommandHeader.msg\n'}
[0.789126] (drive_base_msgs) StdoutLine: {'line': b'-- Up-to-date symlink: /home/duong/Arduino/ROS2_ServiceRobot/uros_ws/install/drive_base_msgs/share/drive_base_msgs/msg/BaseInfo.msg\n'}
[0.789417] (drive_base_msgs) StdoutLine: {'line': b'-- Up-to-date symlink: /home/duong/Arduino/ROS2_ServiceRobot/uros_ws/install/drive_base_msgs/share/drive_base_msgs/msg/CommandStatus.msg\n'}
[0.789764] (drive_base_msgs) StdoutLine: {'line': b'-- Up-to-date symlink: /home/duong/Arduino/ROS2_ServiceRobot/uros_ws/install/drive_base_msgs/share/drive_base_msgs/msg/TRVCommand.msg\n'}
[0.790123] (drive_base_msgs) StdoutLine: {'line': b'-- Up-to-date symlink: /home/duong/Arduino/ROS2_ServiceRobot/uros_ws/install/drive_base_msgs/share/ament_index/resource_index/package_run_dependencies/drive_base_msgs\n'}
[0.790428] (drive_base_msgs) StdoutLine: {'line': b'-- Up-to-date symlink: /home/duong/Arduino/ROS2_ServiceRobot/uros_ws/install/drive_base_msgs/share/ament_index/resource_index/parent_prefix_path/drive_base_msgs\n'}
[0.790748] (drive_base_msgs) StdoutLine: {'line': b'-- Up-to-date symlink: /home/duong/Arduino/ROS2_ServiceRobot/uros_ws/install/drive_base_msgs/share/drive_base_msgs/environment/ament_prefix_path.sh\n'}
[0.791012] (drive_base_msgs) StdoutLine: {'line': b'-- Up-to-date symlink: /home/duong/Arduino/ROS2_ServiceRobot/uros_ws/install/drive_base_msgs/share/drive_base_msgs/environment/ament_prefix_path.dsv\n'}
[0.791275] (drive_base_msgs) StdoutLine: {'line': b'-- Up-to-date symlink: /home/duong/Arduino/ROS2_ServiceRobot/uros_ws/install/drive_base_msgs/share/drive_base_msgs/environment/path.sh\n'}
[0.791558] (drive_base_msgs) StdoutLine: {'line': b'-- Up-to-date symlink: /home/duong/Arduino/ROS2_ServiceRobot/uros_ws/install/drive_base_msgs/share/drive_base_msgs/environment/path.dsv\n'}
[0.791831] (drive_base_msgs) StdoutLine: {'line': b'-- Up-to-date symlink: /home/duong/Arduino/ROS2_ServiceRobot/uros_ws/install/drive_base_msgs/share/drive_base_msgs/local_setup.bash\n'}
[0.792174] (drive_base_msgs) StdoutLine: {'line': b'-- Up-to-date symlink: /home/duong/Arduino/ROS2_ServiceRobot/uros_ws/install/drive_base_msgs/share/drive_base_msgs/local_setup.sh\n'}
[0.792493] (drive_base_msgs) StdoutLine: {'line': b'-- Up-to-date symlink: /home/duong/Arduino/ROS2_ServiceRobot/uros_ws/install/drive_base_msgs/share/drive_base_msgs/local_setup.zsh\n'}
[0.792730] (drive_base_msgs) StdoutLine: {'line': b'-- Up-to-date symlink: /home/duong/Arduino/ROS2_ServiceRobot/uros_ws/install/drive_base_msgs/share/drive_base_msgs/local_setup.dsv\n'}
[0.792957] (drive_base_msgs) StdoutLine: {'line': b'-- Symlinking: /home/duong/Arduino/ROS2_ServiceRobot/uros_ws/install/drive_base_msgs/share/drive_base_msgs/package.dsv\n'}
[0.800276] (-) TimerEvent: {}
[0.801131] (micro_ros_msgs) StdoutLine: {'line': b"Listing '/home/duong/Arduino/ROS2_ServiceRobot/uros_ws/install/micro_ros_msgs/lib/python3.10/site-packages/micro_ros_msgs'...\n"}
[0.801388] (micro_ros_msgs) StdoutLine: {'line': b"Listing '/home/duong/Arduino/ROS2_ServiceRobot/uros_ws/install/micro_ros_msgs/lib/python3.10/site-packages/micro_ros_msgs/msg'...\n"}
[0.808047] (micro_ros_msgs) StdoutLine: {'line': b'-- Up-to-date: /home/duong/Arduino/ROS2_ServiceRobot/uros_ws/install/micro_ros_msgs/lib/libmicro_ros_msgs__rosidl_generator_py.so\n'}
[0.808469] (micro_ros_msgs) StdoutLine: {'line': b'-- Up-to-date: /home/duong/Arduino/ROS2_ServiceRobot/uros_ws/install/micro_ros_msgs/share/micro_ros_msgs/cmake/export_micro_ros_msgs__rosidl_generator_cExport.cmake\n'}
[0.808673] (micro_ros_msgs) StdoutLine: {'line': b'-- Up-to-date: /home/duong/Arduino/ROS2_ServiceRobot/uros_ws/install/micro_ros_msgs/share/micro_ros_msgs/cmake/export_micro_ros_msgs__rosidl_generator_cExport-noconfig.cmake\n'}
[0.809013] (micro_ros_msgs) StdoutLine: {'line': b'-- Up-to-date: /home/duong/Arduino/ROS2_ServiceRobot/uros_ws/install/micro_ros_msgs/share/micro_ros_msgs/cmake/export_micro_ros_msgs__rosidl_typesupport_fastrtps_cExport.cmake\n'}
[0.809281] (micro_ros_msgs) StdoutLine: {'line': b'-- Up-to-date: /home/duong/Arduino/ROS2_ServiceRobot/uros_ws/install/micro_ros_msgs/share/micro_ros_msgs/cmake/export_micro_ros_msgs__rosidl_typesupport_fastrtps_cExport-noconfig.cmake\n'}
[0.809525] (micro_ros_msgs) StdoutLine: {'line': b'-- Up-to-date: /home/duong/Arduino/ROS2_ServiceRobot/uros_ws/install/micro_ros_msgs/share/micro_ros_msgs/cmake/micro_ros_msgs__rosidl_typesupport_introspection_cExport.cmake\n'}
[0.809795] (micro_ros_msgs) StdoutLine: {'line': b'-- Up-to-date: /home/duong/Arduino/ROS2_ServiceRobot/uros_ws/install/micro_ros_msgs/share/micro_ros_msgs/cmake/micro_ros_msgs__rosidl_typesupport_introspection_cExport-noconfig.cmake\n'}
[0.809996] (micro_ros_msgs) StdoutLine: {'line': b'-- Up-to-date: /home/duong/Arduino/ROS2_ServiceRobot/uros_ws/install/micro_ros_msgs/share/micro_ros_msgs/cmake/micro_ros_msgs__rosidl_typesupport_cExport.cmake\n'}
[0.810135] (micro_ros_msgs) StdoutLine: {'line': b'-- Up-to-date: /home/duong/Arduino/ROS2_ServiceRobot/uros_ws/install/micro_ros_msgs/share/micro_ros_msgs/cmake/micro_ros_msgs__rosidl_typesupport_cExport-noconfig.cmake\n'}
[0.810254] (micro_ros_msgs) StdoutLine: {'line': b'-- Up-to-date: /home/duong/Arduino/ROS2_ServiceRobot/uros_ws/install/micro_ros_msgs/share/micro_ros_msgs/cmake/export_micro_ros_msgs__rosidl_generator_cppExport.cmake\n'}
[0.810369] (micro_ros_msgs) StdoutLine: {'line': b'-- Up-to-date: /home/duong/Arduino/ROS2_ServiceRobot/uros_ws/install/micro_ros_msgs/share/micro_ros_msgs/cmake/export_micro_ros_msgs__rosidl_typesupport_fastrtps_cppExport.cmake\n'}
[0.810486] (micro_ros_msgs) StdoutLine: {'line': b'-- Up-to-date: /home/duong/Arduino/ROS2_ServiceRobot/uros_ws/install/micro_ros_msgs/share/micro_ros_msgs/cmake/export_micro_ros_msgs__rosidl_typesupport_fastrtps_cppExport-noconfig.cmake\n'}
[0.810601] (micro_ros_msgs) StdoutLine: {'line': b'-- Up-to-date: /home/duong/Arduino/ROS2_ServiceRobot/uros_ws/install/micro_ros_msgs/share/micro_ros_msgs/cmake/micro_ros_msgs__rosidl_typesupport_introspection_cppExport.cmake\n'}
[0.810717] (micro_ros_msgs) StdoutLine: {'line': b'-- Up-to-date: /home/duong/Arduino/ROS2_ServiceRobot/uros_ws/install/micro_ros_msgs/share/micro_ros_msgs/cmake/micro_ros_msgs__rosidl_typesupport_introspection_cppExport-noconfig.cmake\n'}
[0.810858] (micro_ros_msgs) StdoutLine: {'line': b'-- Up-to-date: /home/duong/Arduino/ROS2_ServiceRobot/uros_ws/install/micro_ros_msgs/share/micro_ros_msgs/cmake/micro_ros_msgs__rosidl_typesupport_cppExport.cmake\n'}
[0.811022] (micro_ros_msgs) StdoutLine: {'line': b'-- Up-to-date: /home/duong/Arduino/ROS2_ServiceRobot/uros_ws/install/micro_ros_msgs/share/micro_ros_msgs/cmake/micro_ros_msgs__rosidl_typesupport_cppExport-noconfig.cmake\n'}
[0.811166] (micro_ros_msgs) StdoutLine: {'line': b'-- Up-to-date: /home/duong/Arduino/ROS2_ServiceRobot/uros_ws/install/micro_ros_msgs/share/micro_ros_msgs/cmake/export_micro_ros_msgs__rosidl_generator_pyExport.cmake\n'}
[0.811283] (micro_ros_msgs) StdoutLine: {'line': b'-- Up-to-date: /home/duong/Arduino/ROS2_ServiceRobot/uros_ws/install/micro_ros_msgs/share/micro_ros_msgs/cmake/export_micro_ros_msgs__rosidl_generator_pyExport-noconfig.cmake\n'}
[0.813998] (micro_ros_msgs) CommandEnded: {'returncode': 0}
[0.849732] (micro_ros_msgs) JobEnded: {'identifier': 'micro_ros_msgs', 'rc': 0}
[0.850937] (micro_ros_agent) JobStarted: {'identifier': 'micro_ros_agent'}
[0.855250] (drive_base_msgs) StdoutLine: {'line': b'-- Up-to-date symlink: /home/duong/Arduino/ROS2_ServiceRobot/uros_ws/install/drive_base_msgs/share/ament_index/resource_index/packages/drive_base_msgs\n'}
[0.855542] (drive_base_msgs) StdoutLine: {'line': b'-- Up-to-date symlink: /home/duong/Arduino/ROS2_ServiceRobot/uros_ws/install/drive_base_msgs/share/drive_base_msgs/cmake/rosidl_cmake-extras.cmake\n'}
[0.855741] (drive_base_msgs) StdoutLine: {'line': b'-- Up-to-date symlink: /home/duong/Arduino/ROS2_ServiceRobot/uros_ws/install/drive_base_msgs/share/drive_base_msgs/cmake/ament_cmake_export_dependencies-extras.cmake\n'}
[0.855865] (drive_base_msgs) StdoutLine: {'line': b'-- Up-to-date symlink: /home/duong/Arduino/ROS2_ServiceRobot/uros_ws/install/drive_base_msgs/share/drive_base_msgs/cmake/ament_cmake_export_include_directories-extras.cmake\n'}
[0.855999] (drive_base_msgs) StdoutLine: {'line': b'-- Up-to-date symlink: /home/duong/Arduino/ROS2_ServiceRobot/uros_ws/install/drive_base_msgs/share/drive_base_msgs/cmake/ament_cmake_export_libraries-extras.cmake\n'}
[0.856137] (drive_base_msgs) StdoutLine: {'line': b'-- Up-to-date symlink: /home/duong/Arduino/ROS2_ServiceRobot/uros_ws/install/drive_base_msgs/share/drive_base_msgs/cmake/ament_cmake_export_targets-extras.cmake\n'}
[0.856255] (drive_base_msgs) StdoutLine: {'line': b'-- Up-to-date symlink: /home/duong/Arduino/ROS2_ServiceRobot/uros_ws/install/drive_base_msgs/share/drive_base_msgs/cmake/rosidl_cmake_export_typesupport_targets-extras.cmake\n'}
[0.856374] (drive_base_msgs) StdoutLine: {'line': b'-- Up-to-date symlink: /home/duong/Arduino/ROS2_ServiceRobot/uros_ws/install/drive_base_msgs/share/drive_base_msgs/cmake/rosidl_cmake_export_typesupport_libraries-extras.cmake\n'}
[0.856491] (drive_base_msgs) StdoutLine: {'line': b'-- Up-to-date symlink: /home/duong/Arduino/ROS2_ServiceRobot/uros_ws/install/drive_base_msgs/share/drive_base_msgs/cmake/drive_base_msgsConfig.cmake\n'}
[0.856608] (drive_base_msgs) StdoutLine: {'line': b'-- Up-to-date symlink: /home/duong/Arduino/ROS2_ServiceRobot/uros_ws/install/drive_base_msgs/share/drive_base_msgs/cmake/drive_base_msgsConfig-version.cmake\n'}
[0.856725] (drive_base_msgs) StdoutLine: {'line': b'-- Up-to-date symlink: /home/duong/Arduino/ROS2_ServiceRobot/uros_ws/install/drive_base_msgs/share/drive_base_msgs/package.xml\n'}
[0.856874] (drive_base_msgs) StdoutLine: {'line': b'-- Up-to-date: /home/duong/Arduino/ROS2_ServiceRobot/uros_ws/install/drive_base_msgs/lib/libdrive_base_msgs__rosidl_generator_c.so\n'}
[0.857009] (drive_base_msgs) StdoutLine: {'line': b'-- Up-to-date: /home/duong/Arduino/ROS2_ServiceRobot/uros_ws/install/drive_base_msgs/lib/libdrive_base_msgs__rosidl_typesupport_fastrtps_c.so\n'}
[0.857145] (drive_base_msgs) StdoutLine: {'line': b'-- Up-to-date: /home/duong/Arduino/ROS2_ServiceRobot/uros_ws/install/drive_base_msgs/lib/libdrive_base_msgs__rosidl_typesupport_fastrtps_cpp.so\n'}
[0.857264] (drive_base_msgs) StdoutLine: {'line': b'-- Up-to-date: /home/duong/Arduino/ROS2_ServiceRobot/uros_ws/install/drive_base_msgs/lib/libdrive_base_msgs__rosidl_typesupport_introspection_c.so\n'}
[0.857380] (drive_base_msgs) StdoutLine: {'line': b'-- Up-to-date: /home/duong/Arduino/ROS2_ServiceRobot/uros_ws/install/drive_base_msgs/lib/libdrive_base_msgs__rosidl_typesupport_c.so\n'}
[0.857497] (drive_base_msgs) StdoutLine: {'line': b'-- Up-to-date: /home/duong/Arduino/ROS2_ServiceRobot/uros_ws/install/drive_base_msgs/lib/libdrive_base_msgs__rosidl_typesupport_introspection_cpp.so\n'}
[0.857616] (drive_base_msgs) StdoutLine: {'line': b'-- Up-to-date: /home/duong/Arduino/ROS2_ServiceRobot/uros_ws/install/drive_base_msgs/lib/libdrive_base_msgs__rosidl_typesupport_cpp.so\n'}
[0.864347] (micro_ros_agent) JobProgress: {'identifier': 'micro_ros_agent', 'progress': 'cmake'}
[0.865178] (micro_ros_agent) JobProgress: {'identifier': 'micro_ros_agent', 'progress': 'build'}
[0.865604] (micro_ros_agent) Command: {'cmd': ['/usr/bin/cmake', '--build', '/home/duong/Arduino/ROS2_ServiceRobot/uros_ws/build/micro_ros_agent', '--', '-j12', '-l12'], 'cwd': '/home/duong/Arduino/ROS2_ServiceRobot/uros_ws/build/micro_ros_agent', 'env': OrderedDict([('SHLVL', '0'), ('LD_LIBRARY_PATH', '/home/duong/Arduino/ROS2_ServiceRobot/uros_ws/install/micro_ros_msgs/lib:/usr/lib/x86_64-linux-gnu/gazebo-11/plugins:/opt/ros/iron/opt/rviz_ogre_vendor/lib:/opt/ros/iron/lib/x86_64-linux-gnu:/opt/ros/iron/lib'), ('HOME', '/tmp'), ('ROS_PYTHON_VERSION', '3'), ('ROS_DISTRO', 'iron'), ('_', '/usr/bin/colcon'), ('ROS_VERSION', '2'), ('PATH', '/opt/ros/iron/bin:/usr/local/bin:/usr/bin:/bin'), ('LANG', 'C.UTF-8'), ('AMENT_PREFIX_PATH', '/home/duong/Arduino/ROS2_ServiceRobot/uros_ws/install/micro_ros_msgs:/opt/ros/iron'), ('ROS_AUTOMATIC_DISCOVERY_RANGE', 'SUBNET'), ('PWD', '/home/duong/Arduino/ROS2_ServiceRobot/uros_ws/build/micro_ros_agent'), ('LC_ALL', 'C.UTF-8'), ('PYTHONPATH', '/home/duong/Arduino/ROS2_ServiceRobot/uros_ws/install/micro_ros_msgs/lib/python3.10/site-packages:/opt/ros/iron/lib/python3.10/site-packages'), ('COLCON', '1'), ('CMAKE_PREFIX_PATH', '/home/duong/Arduino/ROS2_ServiceRobot/uros_ws/install/micro_ros_msgs:/opt/ros/iron')]), 'shell': False}
[0.868087] (drive_base_msgs) StdoutLine: {'line': b"Listing '/home/duong/Arduino/ROS2_ServiceRobot/uros_ws/install/drive_base_msgs/lib/python3.10/site-packages/drive_base_msgs'...\n"}
[0.868270] (drive_base_msgs) StdoutLine: {'line': b"Listing '/home/duong/Arduino/ROS2_ServiceRobot/uros_ws/install/drive_base_msgs/lib/python3.10/site-packages/drive_base_msgs/msg'...\n"}
[0.872811] (drive_base_msgs) StdoutLine: {'line': b'-- Up-to-date: /home/duong/Arduino/ROS2_ServiceRobot/uros_ws/install/drive_base_msgs/lib/libdrive_base_msgs__rosidl_generator_py.so\n'}
[0.873513] (drive_base_msgs) StdoutLine: {'line': b'-- Up-to-date: /home/duong/Arduino/ROS2_ServiceRobot/uros_ws/install/drive_base_msgs/share/drive_base_msgs/cmake/export_drive_base_msgs__rosidl_generator_cExport.cmake\n'}
[0.873879] (drive_base_msgs) StdoutLine: {'line': b'-- Up-to-date: /home/duong/Arduino/ROS2_ServiceRobot/uros_ws/install/drive_base_msgs/share/drive_base_msgs/cmake/export_drive_base_msgs__rosidl_generator_cExport-noconfig.cmake\n'}
[0.874216] (drive_base_msgs) StdoutLine: {'line': b'-- Up-to-date: /home/duong/Arduino/ROS2_ServiceRobot/uros_ws/install/drive_base_msgs/share/drive_base_msgs/cmake/export_drive_base_msgs__rosidl_typesupport_fastrtps_cExport.cmake\n'}
[0.874479] (drive_base_msgs) StdoutLine: {'line': b'-- Up-to-date: /home/duong/Arduino/ROS2_ServiceRobot/uros_ws/install/drive_base_msgs/share/drive_base_msgs/cmake/export_drive_base_msgs__rosidl_typesupport_fastrtps_cExport-noconfig.cmake\n'}
[0.874788] (drive_base_msgs) StdoutLine: {'line': b'-- Up-to-date: /home/duong/Arduino/ROS2_ServiceRobot/uros_ws/install/drive_base_msgs/share/drive_base_msgs/cmake/export_drive_base_msgs__rosidl_generator_cppExport.cmake\n'}
[0.875249] (drive_base_msgs) StdoutLine: {'line': b'-- Up-to-date: /home/duong/Arduino/ROS2_ServiceRobot/uros_ws/install/drive_base_msgs/share/drive_base_msgs/cmake/export_drive_base_msgs__rosidl_typesupport_fastrtps_cppExport.cmake\n'}
[0.875549] (drive_base_msgs) StdoutLine: {'line': b'-- Up-to-date: /home/duong/Arduino/ROS2_ServiceRobot/uros_ws/install/drive_base_msgs/share/drive_base_msgs/cmake/export_drive_base_msgs__rosidl_typesupport_fastrtps_cppExport-noconfig.cmake\n'}
[0.875834] (drive_base_msgs) StdoutLine: {'line': b'-- Up-to-date: /home/duong/Arduino/ROS2_ServiceRobot/uros_ws/install/drive_base_msgs/share/drive_base_msgs/cmake/drive_base_msgs__rosidl_typesupport_introspection_cExport.cmake\n'}
[0.876282] (drive_base_msgs) StdoutLine: {'line': b'-- Up-to-date: /home/duong/Arduino/ROS2_ServiceRobot/uros_ws/install/drive_base_msgs/share/drive_base_msgs/cmake/drive_base_msgs__rosidl_typesupport_introspection_cExport-noconfig.cmake\n'}
[0.876573] (drive_base_msgs) StdoutLine: {'line': b'-- Up-to-date: /home/duong/Arduino/ROS2_ServiceRobot/uros_ws/install/drive_base_msgs/share/drive_base_msgs/cmake/drive_base_msgs__rosidl_typesupport_cExport.cmake\n'}
[0.876845] (drive_base_msgs) StdoutLine: {'line': b'-- Up-to-date: /home/duong/Arduino/ROS2_ServiceRobot/uros_ws/install/drive_base_msgs/share/drive_base_msgs/cmake/drive_base_msgs__rosidl_typesupport_cExport-noconfig.cmake\n'}
[0.877152] (drive_base_msgs) StdoutLine: {'line': b'-- Up-to-date: /home/duong/Arduino/ROS2_ServiceRobot/uros_ws/install/drive_base_msgs/share/drive_base_msgs/cmake/drive_base_msgs__rosidl_typesupport_introspection_cppExport.cmake\n'}
[0.877452] (drive_base_msgs) StdoutLine: {'line': b'-- Up-to-date: /home/duong/Arduino/ROS2_ServiceRobot/uros_ws/install/drive_base_msgs/share/drive_base_msgs/cmake/drive_base_msgs__rosidl_typesupport_introspection_cppExport-noconfig.cmake\n'}
[0.877848] (drive_base_msgs) StdoutLine: {'line': b'-- Up-to-date: /home/duong/Arduino/ROS2_ServiceRobot/uros_ws/install/drive_base_msgs/share/drive_base_msgs/cmake/drive_base_msgs__rosidl_typesupport_cppExport.cmake\n'}
[0.878074] (drive_base_msgs) StdoutLine: {'line': b'-- Up-to-date: /home/duong/Arduino/ROS2_ServiceRobot/uros_ws/install/drive_base_msgs/share/drive_base_msgs/cmake/drive_base_msgs__rosidl_typesupport_cppExport-noconfig.cmake\n'}
[0.878324] (drive_base_msgs) StdoutLine: {'line': b'-- Up-to-date: /home/duong/Arduino/ROS2_ServiceRobot/uros_ws/install/drive_base_msgs/share/drive_base_msgs/cmake/export_drive_base_msgs__rosidl_generator_pyExport.cmake\n'}
[0.878500] (drive_base_msgs) StdoutLine: {'line': b'-- Up-to-date: /home/duong/Arduino/ROS2_ServiceRobot/uros_ws/install/drive_base_msgs/share/drive_base_msgs/cmake/export_drive_base_msgs__rosidl_generator_pyExport-noconfig.cmake\n'}
[0.882949] (drive_base_msgs) CommandEnded: {'returncode': 0}
[0.900424] (-) TimerEvent: {}
[0.912013] (drive_base_msgs) JobEnded: {'identifier': 'drive_base_msgs', 'rc': 0}
[0.964191] (micro_ros_agent) StdoutLine: {'line': b'Consolidate compiler generated dependencies of target micro_ros_agent\n'}
[1.000579] (-) TimerEvent: {}
[1.003561] (micro_ros_agent) StdoutLine: {'line': b'[100%] Built target micro_ros_agent\n'}
[1.031881] (micro_ros_agent) CommandEnded: {'returncode': 0}
[1.032840] (micro_ros_agent) JobProgress: {'identifier': 'micro_ros_agent', 'progress': 'install'}
[1.033240] (micro_ros_agent) Command: {'cmd': ['/usr/bin/cmake', '--install', '/home/duong/Arduino/ROS2_ServiceRobot/uros_ws/build/micro_ros_agent'], 'cwd': '/home/duong/Arduino/ROS2_ServiceRobot/uros_ws/build/micro_ros_agent', 'env': OrderedDict([('SHLVL', '0'), ('LD_LIBRARY_PATH', '/home/duong/Arduino/ROS2_ServiceRobot/uros_ws/install/micro_ros_msgs/lib:/usr/lib/x86_64-linux-gnu/gazebo-11/plugins:/opt/ros/iron/opt/rviz_ogre_vendor/lib:/opt/ros/iron/lib/x86_64-linux-gnu:/opt/ros/iron/lib'), ('HOME', '/tmp'), ('ROS_PYTHON_VERSION', '3'), ('ROS_DISTRO', 'iron'), ('_', '/usr/bin/colcon'), ('ROS_VERSION', '2'), ('PATH', '/opt/ros/iron/bin:/usr/local/bin:/usr/bin:/bin'), ('LANG', 'C.UTF-8'), ('AMENT_PREFIX_PATH', '/home/duong/Arduino/ROS2_ServiceRobot/uros_ws/install/micro_ros_msgs:/opt/ros/iron'), ('ROS_AUTOMATIC_DISCOVERY_RANGE', 'SUBNET'), ('PWD', '/home/duong/Arduino/ROS2_ServiceRobot/uros_ws/build/micro_ros_agent'), ('LC_ALL', 'C.UTF-8'), ('PYTHONPATH', '/home/duong/Arduino/ROS2_ServiceRobot/uros_ws/install/micro_ros_msgs/lib/python3.10/site-packages:/opt/ros/iron/lib/python3.10/site-packages'), ('COLCON', '1'), ('CMAKE_PREFIX_PATH', '/home/duong/Arduino/ROS2_ServiceRobot/uros_ws/install/micro_ros_msgs:/opt/ros/iron')]), 'shell': False}
[1.053066] (micro_ros_agent) StdoutLine: {'line': b'-- Install configuration: ""\n'}
[1.054187] (micro_ros_agent) StdoutLine: {'line': b'-- Execute custom install script\n'}
[1.054636] (micro_ros_agent) StdoutLine: {'line': b'-- Up-to-date symlink: /home/duong/Arduino/ROS2_ServiceRobot/uros_ws/install/micro_ros_agent/share/ament_index/resource_index/package_run_dependencies/micro_ros_agent\n'}
[1.055061] (micro_ros_agent) StdoutLine: {'line': b'-- Up-to-date symlink: /home/duong/Arduino/ROS2_ServiceRobot/uros_ws/install/micro_ros_agent/share/ament_index/resource_index/parent_prefix_path/micro_ros_agent\n'}
[1.055559] (micro_ros_agent) StdoutLine: {'line': b'-- Up-to-date symlink: /home/duong/Arduino/ROS2_ServiceRobot/uros_ws/install/micro_ros_agent/share/micro_ros_agent/environment/ament_prefix_path.sh\n'}
[1.055730] (micro_ros_agent) StdoutLine: {'line': b'-- Up-to-date symlink: /home/duong/Arduino/ROS2_ServiceRobot/uros_ws/install/micro_ros_agent/share/micro_ros_agent/environment/ament_prefix_path.dsv\n'}
[1.056220] (micro_ros_agent) StdoutLine: {'line': b'-- Up-to-date symlink: /home/duong/Arduino/ROS2_ServiceRobot/uros_ws/install/micro_ros_agent/share/micro_ros_agent/environment/path.sh\n'}
[1.056664] (micro_ros_agent) StdoutLine: {'line': b'-- Up-to-date symlink: /home/duong/Arduino/ROS2_ServiceRobot/uros_ws/install/micro_ros_agent/share/micro_ros_agent/environment/path.dsv\n'}
[1.056828] (micro_ros_agent) StdoutLine: {'line': b'-- Up-to-date symlink: /home/duong/Arduino/ROS2_ServiceRobot/uros_ws/install/micro_ros_agent/share/micro_ros_agent/local_setup.bash\n'}
[1.056996] (micro_ros_agent) StdoutLine: {'line': b'-- Up-to-date symlink: /home/duong/Arduino/ROS2_ServiceRobot/uros_ws/install/micro_ros_agent/share/micro_ros_agent/local_setup.sh\n'}
[1.057327] (micro_ros_agent) StdoutLine: {'line': b'-- Up-to-date symlink: /home/duong/Arduino/ROS2_ServiceRobot/uros_ws/install/micro_ros_agent/share/micro_ros_agent/local_setup.zsh\n'}
[1.057450] (micro_ros_agent) StdoutLine: {'line': b'-- Up-to-date symlink: /home/duong/Arduino/ROS2_ServiceRobot/uros_ws/install/micro_ros_agent/share/micro_ros_agent/local_setup.dsv\n'}
[1.057564] (micro_ros_agent) StdoutLine: {'line': b'-- Symlinking: /home/duong/Arduino/ROS2_ServiceRobot/uros_ws/install/micro_ros_agent/share/micro_ros_agent/package.dsv\n'}
[1.077628] (micro_ros_agent) StdoutLine: {'line': b'-- Up-to-date symlink: /home/duong/Arduino/ROS2_ServiceRobot/uros_ws/install/micro_ros_agent/share/ament_index/resource_index/packages/micro_ros_agent\n'}
[1.077945] (micro_ros_agent) StdoutLine: {'line': b'-- Up-to-date symlink: /home/duong/Arduino/ROS2_ServiceRobot/uros_ws/install/micro_ros_agent/share/micro_ros_agent/cmake/ament_cmake_export_dependencies-extras.cmake\n'}
[1.078419] (micro_ros_agent) StdoutLine: {'line': b'-- Up-to-date symlink: /home/duong/Arduino/ROS2_ServiceRobot/uros_ws/install/micro_ros_agent/share/micro_ros_agent/cmake/micro_ros_agentConfig.cmake\n'}
[1.078756] (micro_ros_agent) StdoutLine: {'line': b'-- Up-to-date symlink: /home/duong/Arduino/ROS2_ServiceRobot/uros_ws/install/micro_ros_agent/share/micro_ros_agent/cmake/micro_ros_agentConfig-version.cmake\n'}
[1.079118] (micro_ros_agent) StdoutLine: {'line': b'-- Up-to-date symlink: /home/duong/Arduino/ROS2_ServiceRobot/uros_ws/install/micro_ros_agent/share/micro_ros_agent/package.xml\n'}
[1.079454] (micro_ros_agent) StdoutLine: {'line': b'-- Up-to-date symlink: /home/duong/Arduino/ROS2_ServiceRobot/uros_ws/install/micro_ros_agent/lib/micro_ros_agent/micro_ros_agent\n'}
[1.079931] (micro_ros_agent) StdoutLine: {'line': b'-- Up-to-date symlink: /home/duong/Arduino/ROS2_ServiceRobot/uros_ws/install/micro_ros_agent/share/micro_ros_agent/launch/micro_ros_agent_launch.py\n'}
[1.082887] (micro_ros_agent) CommandEnded: {'returncode': 0}
[1.101194] (-) TimerEvent: {}
[1.117086] (micro_ros_agent) JobEnded: {'identifier': 'micro_ros_agent', 'rc': 0}
[1.118301] (-) EventReactorShutdown: {}
