[0.000000] (-) TimerEvent: {}
[0.000245] (auto_mapper) JobQueued: {'identifier': 'auto_mapper', 'dependencies': OrderedDict()}
[0.000333] (explore_lite) JobQueued: {'identifier': 'explore_lite', 'dependencies': OrderedDict()}
[0.000392] (kaiaai) JobQueued: {'identifier': 'kaiaai', 'dependencies': OrderedDict()}
[0.000446] (kaiaai_apps) JobQueued: {'identifier': 'kaiaai_apps', 'dependencies': OrderedDict()}
[0.000497] (kaiaai_msgs) JobQueued: {'identifier': 'kaiaai_msgs', 'dependencies': OrderedDict()}
[0.000625] (kaiaai_teleop) JobQueued: {'identifier': 'kaiaai_teleop', 'dependencies': OrderedDict()}
[0.000714] (kaiaai_web) JobQueued: {'identifier': 'kaiaai_web', 'dependencies': OrderedDict()}
[0.000879] (makerspet_fido) JobQueued: {'identifier': 'makerspet_fido', 'dependencies': OrderedDict()}
[0.000941] (makerspet_loki) JobQueued: {'identifier': 'makerspet_loki', 'dependencies': OrderedDict()}
[0.000995] (makerspet_mini) JobQueued: {'identifier': 'makerspet_mini', 'dependencies': OrderedDict()}
[0.001047] (makerspet_snoopy) JobQueued: {'identifier': 'makerspet_snoopy', 'dependencies': OrderedDict()}
[0.001130] (nav2_wfd) JobQueued: {'identifier': 'nav2_wfd', 'dependencies': OrderedDict()}
[0.001297] (robot_serving_bot) JobQueued: {'identifier': 'robot_serving_bot', 'dependencies': OrderedDict()}
[0.001354] (kaiaai_gazebo) JobQueued: {'identifier': 'kaiaai_gazebo', 'dependencies': OrderedDict([('kaiaai', '/home/duong/Arduino/ROS2_ServiceRobot/kaia_ws/install/kaiaai')])}
[0.001417] (kaiaai_telemetry) JobQueued: {'identifier': 'kaiaai_telemetry', 'dependencies': OrderedDict([('kaiaai_msgs', '/home/duong/Arduino/ROS2_ServiceRobot/kaia_ws/install/kaiaai_msgs')])}
[0.001474] (makerspet) JobQueued: {'identifier': 'makerspet', 'dependencies': OrderedDict([('kaiaai', '/home/duong/Arduino/ROS2_ServiceRobot/kaia_ws/install/kaiaai')])}
[0.001530] (kaiaai_bringup) JobQueued: {'identifier': 'kaiaai_bringup', 'dependencies': OrderedDict([('kaiaai', '/home/duong/Arduino/ROS2_ServiceRobot/kaia_ws/install/kaiaai'), ('kaiaai_msgs', '/home/duong/Arduino/ROS2_ServiceRobot/kaia_ws/install/kaiaai_msgs'), ('kaiaai_teleop', '/home/duong/Arduino/ROS2_ServiceRobot/kaia_ws/install/kaiaai_teleop'), ('makerspet_loki', '/home/duong/Arduino/ROS2_ServiceRobot/kaia_ws/install/makerspet_loki'), ('makerspet_mini', '/home/duong/Arduino/ROS2_ServiceRobot/kaia_ws/install/makerspet_mini'), ('makerspet_snoopy', '/home/duong/Arduino/ROS2_ServiceRobot/kaia_ws/install/makerspet_snoopy'), ('kaiaai_telemetry', '/home/duong/Arduino/ROS2_ServiceRobot/kaia_ws/install/kaiaai_telemetry')])}
[0.001680] (kaiaai) JobStarted: {'identifier': 'kaiaai'}
[0.012300] (kaiaai_msgs) JobStarted: {'identifier': 'kaiaai_msgs'}
[0.019426] (kaiaai_teleop) JobStarted: {'identifier': 'kaiaai_teleop'}
[0.027477] (makerspet_loki) JobStarted: {'identifier': 'makerspet_loki'}
[0.034512] (makerspet_mini) JobStarted: {'identifier': 'makerspet_mini'}
[0.040001] (makerspet_snoopy) JobStarted: {'identifier': 'makerspet_snoopy'}
[0.047054] (auto_mapper) JobStarted: {'identifier': 'auto_mapper'}
[0.053590] (explore_lite) JobStarted: {'identifier': 'explore_lite'}
[0.059254] (kaiaai_apps) JobStarted: {'identifier': 'kaiaai_apps'}
[0.068978] (kaiaai_web) JobStarted: {'identifier': 'kaiaai_web'}
[0.077969] (makerspet_fido) JobStarted: {'identifier': 'makerspet_fido'}
[0.084770] (nav2_wfd) JobStarted: {'identifier': 'nav2_wfd'}
[0.098287] (-) TimerEvent: {}
[0.198518] (-) TimerEvent: {}
[0.298765] (-) TimerEvent: {}
[0.399026] (-) TimerEvent: {}
[0.475384] (kaiaai_msgs) JobProgress: {'identifier': 'kaiaai_msgs', 'progress': 'cmake'}
[0.476626] (kaiaai_msgs) Command: {'cmd': ['/usr/bin/cmake', '/home/duong/Arduino/ROS2_ServiceRobot/kaia_ws/src/kaiaai_msgs', '-DAMENT_CMAKE_SYMLINK_INSTALL=1', '-DCMAKE_INSTALL_PREFIX=/home/duong/Arduino/ROS2_ServiceRobot/kaia_ws/install/kaiaai_msgs'], 'cwd': '/home/duong/Arduino/ROS2_ServiceRobot/kaia_ws/build/kaiaai_msgs', 'env': OrderedDict([('SHLVL', '0'), ('LD_LIBRARY_PATH', '/home/duong/Arduino/ROS2_ServiceRobot/uros_ws/install/micro_ros_agent/lib:/home/duong/Arduino/ROS2_ServiceRobot/uros_ws/install/micro_ros_msgs/lib:/home/duong/Arduino/ROS2_ServiceRobot/uros_ws/install/drive_base_msgs/lib:/usr/lib/x86_64-linux-gnu/gazebo-11/plugins:/opt/ros/iron/opt/rviz_ogre_vendor/lib:/opt/ros/iron/lib/x86_64-linux-gnu:/opt/ros/iron/lib'), ('HOME', '/tmp'), ('ROS_PYTHON_VERSION', '3'), ('COLCON_PREFIX_PATH', '/home/duong/Arduino/ROS2_ServiceRobot/uros_ws/install'), ('ROS_DISTRO', 'iron'), ('_', '/usr/bin/colcon'), ('ROS_VERSION', '2'), ('PATH', '/opt/ros/iron/bin:/usr/local/bin:/usr/bin:/bin'), ('LANG', 'C.UTF-8'), ('AMENT_PREFIX_PATH', '/home/duong/Arduino/ROS2_ServiceRobot/uros_ws/install/micro_ros_setup:/home/duong/Arduino/ROS2_ServiceRobot/uros_ws/install/micro_ros_agent:/home/duong/Arduino/ROS2_ServiceRobot/uros_ws/install/micro_ros_msgs:/home/duong/Arduino/ROS2_ServiceRobot/uros_ws/install/drive_base_msgs:/opt/ros/iron'), ('ROS_AUTOMATIC_DISCOVERY_RANGE', 'SUBNET'), ('PWD', '/home/duong/Arduino/ROS2_ServiceRobot/kaia_ws/build/kaiaai_msgs'), ('LC_ALL', 'C.UTF-8'), ('PYTHONPATH', '/home/duong/Arduino/ROS2_ServiceRobot/uros_ws/install/micro_ros_msgs/lib/python3.10/site-packages:/home/duong/Arduino/ROS2_ServiceRobot/uros_ws/install/drive_base_msgs/lib/python3.10/site-packages:/opt/ros/iron/lib/python3.10/site-packages'), ('COLCON', '1'), ('CMAKE_PREFIX_PATH', '/home/duong/Arduino/ROS2_ServiceRobot/uros_ws/install/micro_ros_setup:/home/duong/Arduino/ROS2_ServiceRobot/uros_ws/install/micro_ros_agent:/home/duong/Arduino/ROS2_ServiceRobot/uros_ws/install/micro_ros_msgs:/home/duong/Arduino/ROS2_ServiceRobot/uros_ws/install/drive_base_msgs:/opt/ros/iron')]), 'shell': False}
[0.499177] (-) TimerEvent: {}
[0.599434] (-) TimerEvent: {}
[0.699636] (-) TimerEvent: {}
[0.799852] (-) TimerEvent: {}
[0.878320] (makerspet_loki) JobProgress: {'identifier': 'makerspet_loki', 'progress': 'cmake'}
[0.879527] (makerspet_loki) Command: {'cmd': ['/usr/bin/cmake', '/home/duong/Arduino/ROS2_ServiceRobot/kaia_ws/src/makerspet_loki', '-DAMENT_CMAKE_SYMLINK_INSTALL=1', '-DCMAKE_INSTALL_PREFIX=/home/duong/Arduino/ROS2_ServiceRobot/kaia_ws/install/makerspet_loki'], 'cwd': '/home/duong/Arduino/ROS2_ServiceRobot/kaia_ws/build/makerspet_loki', 'env': OrderedDict([('SHLVL', '0'), ('LD_LIBRARY_PATH', '/home/duong/Arduino/ROS2_ServiceRobot/uros_ws/install/micro_ros_agent/lib:/home/duong/Arduino/ROS2_ServiceRobot/uros_ws/install/micro_ros_msgs/lib:/home/duong/Arduino/ROS2_ServiceRobot/uros_ws/install/drive_base_msgs/lib:/usr/lib/x86_64-linux-gnu/gazebo-11/plugins:/opt/ros/iron/opt/rviz_ogre_vendor/lib:/opt/ros/iron/lib/x86_64-linux-gnu:/opt/ros/iron/lib'), ('HOME', '/tmp'), ('ROS_PYTHON_VERSION', '3'), ('COLCON_PREFIX_PATH', '/home/duong/Arduino/ROS2_ServiceRobot/uros_ws/install'), ('ROS_DISTRO', 'iron'), ('_', '/usr/bin/colcon'), ('ROS_VERSION', '2'), ('PATH', '/opt/ros/iron/bin:/usr/local/bin:/usr/bin:/bin'), ('LANG', 'C.UTF-8'), ('AMENT_PREFIX_PATH', '/home/duong/Arduino/ROS2_ServiceRobot/uros_ws/install/micro_ros_setup:/home/duong/Arduino/ROS2_ServiceRobot/uros_ws/install/micro_ros_agent:/home/duong/Arduino/ROS2_ServiceRobot/uros_ws/install/micro_ros_msgs:/home/duong/Arduino/ROS2_ServiceRobot/uros_ws/install/drive_base_msgs:/opt/ros/iron'), ('ROS_AUTOMATIC_DISCOVERY_RANGE', 'SUBNET'), ('PWD', '/home/duong/Arduino/ROS2_ServiceRobot/kaia_ws/build/makerspet_loki'), ('LC_ALL', 'C.UTF-8'), ('PYTHONPATH', '/home/duong/Arduino/ROS2_ServiceRobot/uros_ws/install/micro_ros_msgs/lib/python3.10/site-packages:/home/duong/Arduino/ROS2_ServiceRobot/uros_ws/install/drive_base_msgs/lib/python3.10/site-packages:/opt/ros/iron/lib/python3.10/site-packages'), ('COLCON', '1'), ('CMAKE_PREFIX_PATH', '/home/duong/Arduino/ROS2_ServiceRobot/uros_ws/install/micro_ros_setup:/home/duong/Arduino/ROS2_ServiceRobot/uros_ws/install/micro_ros_agent:/home/duong/Arduino/ROS2_ServiceRobot/uros_ws/install/micro_ros_msgs:/home/duong/Arduino/ROS2_ServiceRobot/uros_ws/install/drive_base_msgs:/opt/ros/iron')]), 'shell': False}
[0.883047] (makerspet_mini) JobProgress: {'identifier': 'makerspet_mini', 'progress': 'cmake'}
[0.884457] (makerspet_mini) Command: {'cmd': ['/usr/bin/cmake', '/home/duong/Arduino/ROS2_ServiceRobot/kaia_ws/src/makerspet_mini', '-DAMENT_CMAKE_SYMLINK_INSTALL=1', '-DCMAKE_INSTALL_PREFIX=/home/duong/Arduino/ROS2_ServiceRobot/kaia_ws/install/makerspet_mini'], 'cwd': '/home/duong/Arduino/ROS2_ServiceRobot/kaia_ws/build/makerspet_mini', 'env': OrderedDict([('SHLVL', '0'), ('LD_LIBRARY_PATH', '/home/duong/Arduino/ROS2_ServiceRobot/uros_ws/install/micro_ros_agent/lib:/home/duong/Arduino/ROS2_ServiceRobot/uros_ws/install/micro_ros_msgs/lib:/home/duong/Arduino/ROS2_ServiceRobot/uros_ws/install/drive_base_msgs/lib:/usr/lib/x86_64-linux-gnu/gazebo-11/plugins:/opt/ros/iron/opt/rviz_ogre_vendor/lib:/opt/ros/iron/lib/x86_64-linux-gnu:/opt/ros/iron/lib'), ('HOME', '/tmp'), ('ROS_PYTHON_VERSION', '3'), ('COLCON_PREFIX_PATH', '/home/duong/Arduino/ROS2_ServiceRobot/uros_ws/install'), ('ROS_DISTRO', 'iron'), ('_', '/usr/bin/colcon'), ('ROS_VERSION', '2'), ('PATH', '/opt/ros/iron/bin:/usr/local/bin:/usr/bin:/bin'), ('LANG', 'C.UTF-8'), ('AMENT_PREFIX_PATH', '/home/duong/Arduino/ROS2_ServiceRobot/uros_ws/install/micro_ros_setup:/home/duong/Arduino/ROS2_ServiceRobot/uros_ws/install/micro_ros_agent:/home/duong/Arduino/ROS2_ServiceRobot/uros_ws/install/micro_ros_msgs:/home/duong/Arduino/ROS2_ServiceRobot/uros_ws/install/drive_base_msgs:/opt/ros/iron'), ('ROS_AUTOMATIC_DISCOVERY_RANGE', 'SUBNET'), ('PWD', '/home/duong/Arduino/ROS2_ServiceRobot/kaia_ws/build/makerspet_mini'), ('LC_ALL', 'C.UTF-8'), ('PYTHONPATH', '/home/duong/Arduino/ROS2_ServiceRobot/uros_ws/install/micro_ros_msgs/lib/python3.10/site-packages:/home/duong/Arduino/ROS2_ServiceRobot/uros_ws/install/drive_base_msgs/lib/python3.10/site-packages:/opt/ros/iron/lib/python3.10/site-packages'), ('COLCON', '1'), ('CMAKE_PREFIX_PATH', '/home/duong/Arduino/ROS2_ServiceRobot/uros_ws/install/micro_ros_setup:/home/duong/Arduino/ROS2_ServiceRobot/uros_ws/install/micro_ros_agent:/home/duong/Arduino/ROS2_ServiceRobot/uros_ws/install/micro_ros_msgs:/home/duong/Arduino/ROS2_ServiceRobot/uros_ws/install/drive_base_msgs:/opt/ros/iron')]), 'shell': False}
[0.888011] (makerspet_snoopy) JobProgress: {'identifier': 'makerspet_snoopy', 'progress': 'cmake'}
[0.888506] (makerspet_snoopy) Command: {'cmd': ['/usr/bin/cmake', '/home/duong/Arduino/ROS2_ServiceRobot/kaia_ws/src/makerspet_snoopy', '-DAMENT_CMAKE_SYMLINK_INSTALL=1', '-DCMAKE_INSTALL_PREFIX=/home/duong/Arduino/ROS2_ServiceRobot/kaia_ws/install/makerspet_snoopy'], 'cwd': '/home/duong/Arduino/ROS2_ServiceRobot/kaia_ws/build/makerspet_snoopy', 'env': OrderedDict([('SHLVL', '0'), ('LD_LIBRARY_PATH', '/home/duong/Arduino/ROS2_ServiceRobot/uros_ws/install/micro_ros_agent/lib:/home/duong/Arduino/ROS2_ServiceRobot/uros_ws/install/micro_ros_msgs/lib:/home/duong/Arduino/ROS2_ServiceRobot/uros_ws/install/drive_base_msgs/lib:/usr/lib/x86_64-linux-gnu/gazebo-11/plugins:/opt/ros/iron/opt/rviz_ogre_vendor/lib:/opt/ros/iron/lib/x86_64-linux-gnu:/opt/ros/iron/lib'), ('HOME', '/tmp'), ('ROS_PYTHON_VERSION', '3'), ('COLCON_PREFIX_PATH', '/home/duong/Arduino/ROS2_ServiceRobot/uros_ws/install'), ('ROS_DISTRO', 'iron'), ('_', '/usr/bin/colcon'), ('ROS_VERSION', '2'), ('PATH', '/opt/ros/iron/bin:/usr/local/bin:/usr/bin:/bin'), ('LANG', 'C.UTF-8'), ('AMENT_PREFIX_PATH', '/home/duong/Arduino/ROS2_ServiceRobot/uros_ws/install/micro_ros_setup:/home/duong/Arduino/ROS2_ServiceRobot/uros_ws/install/micro_ros_agent:/home/duong/Arduino/ROS2_ServiceRobot/uros_ws/install/micro_ros_msgs:/home/duong/Arduino/ROS2_ServiceRobot/uros_ws/install/drive_base_msgs:/opt/ros/iron'), ('ROS_AUTOMATIC_DISCOVERY_RANGE', 'SUBNET'), ('PWD', '/home/duong/Arduino/ROS2_ServiceRobot/kaia_ws/build/makerspet_snoopy'), ('LC_ALL', 'C.UTF-8'), ('PYTHONPATH', '/home/duong/Arduino/ROS2_ServiceRobot/uros_ws/install/micro_ros_msgs/lib/python3.10/site-packages:/home/duong/Arduino/ROS2_ServiceRobot/uros_ws/install/drive_base_msgs/lib/python3.10/site-packages:/opt/ros/iron/lib/python3.10/site-packages'), ('COLCON', '1'), ('CMAKE_PREFIX_PATH', '/home/duong/Arduino/ROS2_ServiceRobot/uros_ws/install/micro_ros_setup:/home/duong/Arduino/ROS2_ServiceRobot/uros_ws/install/micro_ros_agent:/home/duong/Arduino/ROS2_ServiceRobot/uros_ws/install/micro_ros_msgs:/home/duong/Arduino/ROS2_ServiceRobot/uros_ws/install/drive_base_msgs:/opt/ros/iron')]), 'shell': False}
[0.891850] (auto_mapper) JobProgress: {'identifier': 'auto_mapper', 'progress': 'cmake'}
[0.892296] (auto_mapper) Command: {'cmd': ['/usr/bin/cmake', '/home/duong/Arduino/ROS2_ServiceRobot/kaia_ws/src/auto_mapper', '-DAMENT_CMAKE_SYMLINK_INSTALL=1', '-DCMAKE_INSTALL_PREFIX=/home/duong/Arduino/ROS2_ServiceRobot/kaia_ws/install/auto_mapper'], 'cwd': '/home/duong/Arduino/ROS2_ServiceRobot/kaia_ws/build/auto_mapper', 'env': OrderedDict([('SHLVL', '0'), ('LD_LIBRARY_PATH', '/home/duong/Arduino/ROS2_ServiceRobot/uros_ws/install/micro_ros_agent/lib:/home/duong/Arduino/ROS2_ServiceRobot/uros_ws/install/micro_ros_msgs/lib:/home/duong/Arduino/ROS2_ServiceRobot/uros_ws/install/drive_base_msgs/lib:/usr/lib/x86_64-linux-gnu/gazebo-11/plugins:/opt/ros/iron/opt/rviz_ogre_vendor/lib:/opt/ros/iron/lib/x86_64-linux-gnu:/opt/ros/iron/lib'), ('HOME', '/tmp'), ('ROS_PYTHON_VERSION', '3'), ('COLCON_PREFIX_PATH', '/home/duong/Arduino/ROS2_ServiceRobot/uros_ws/install'), ('ROS_DISTRO', 'iron'), ('_', '/usr/bin/colcon'), ('ROS_VERSION', '2'), ('PATH', '/opt/ros/iron/bin:/usr/local/bin:/usr/bin:/bin'), ('LANG', 'C.UTF-8'), ('AMENT_PREFIX_PATH', '/home/duong/Arduino/ROS2_ServiceRobot/uros_ws/install/micro_ros_setup:/home/duong/Arduino/ROS2_ServiceRobot/uros_ws/install/micro_ros_agent:/home/duong/Arduino/ROS2_ServiceRobot/uros_ws/install/micro_ros_msgs:/home/duong/Arduino/ROS2_ServiceRobot/uros_ws/install/drive_base_msgs:/opt/ros/iron'), ('ROS_AUTOMATIC_DISCOVERY_RANGE', 'SUBNET'), ('PWD', '/home/duong/Arduino/ROS2_ServiceRobot/kaia_ws/build/auto_mapper'), ('LC_ALL', 'C.UTF-8'), ('PYTHONPATH', '/home/duong/Arduino/ROS2_ServiceRobot/uros_ws/install/micro_ros_msgs/lib/python3.10/site-packages:/home/duong/Arduino/ROS2_ServiceRobot/uros_ws/install/drive_base_msgs/lib/python3.10/site-packages:/opt/ros/iron/lib/python3.10/site-packages'), ('COLCON', '1'), ('CMAKE_PREFIX_PATH', '/home/duong/Arduino/ROS2_ServiceRobot/uros_ws/install/micro_ros_setup:/home/duong/Arduino/ROS2_ServiceRobot/uros_ws/install/micro_ros_agent:/home/duong/Arduino/ROS2_ServiceRobot/uros_ws/install/micro_ros_msgs:/home/duong/Arduino/ROS2_ServiceRobot/uros_ws/install/drive_base_msgs:/opt/ros/iron')]), 'shell': False}
[0.895035] (explore_lite) JobProgress: {'identifier': 'explore_lite', 'progress': 'cmake'}
[0.895781] (explore_lite) Command: {'cmd': ['/usr/bin/cmake', '/home/duong/Arduino/ROS2_ServiceRobot/kaia_ws/src/m-explore-ros2/explore', '-DAMENT_CMAKE_SYMLINK_INSTALL=1', '-DCMAKE_INSTALL_PREFIX=/home/duong/Arduino/ROS2_ServiceRobot/kaia_ws/install/explore_lite'], 'cwd': '/home/duong/Arduino/ROS2_ServiceRobot/kaia_ws/build/explore_lite', 'env': OrderedDict([('SHLVL', '0'), ('LD_LIBRARY_PATH', '/home/duong/Arduino/ROS2_ServiceRobot/uros_ws/install/micro_ros_agent/lib:/home/duong/Arduino/ROS2_ServiceRobot/uros_ws/install/micro_ros_msgs/lib:/home/duong/Arduino/ROS2_ServiceRobot/uros_ws/install/drive_base_msgs/lib:/usr/lib/x86_64-linux-gnu/gazebo-11/plugins:/opt/ros/iron/opt/rviz_ogre_vendor/lib:/opt/ros/iron/lib/x86_64-linux-gnu:/opt/ros/iron/lib'), ('HOME', '/tmp'), ('ROS_PYTHON_VERSION', '3'), ('COLCON_PREFIX_PATH', '/home/duong/Arduino/ROS2_ServiceRobot/uros_ws/install'), ('ROS_DISTRO', 'iron'), ('_', '/usr/bin/colcon'), ('ROS_VERSION', '2'), ('PATH', '/opt/ros/iron/bin:/usr/local/bin:/usr/bin:/bin'), ('LANG', 'C.UTF-8'), ('AMENT_PREFIX_PATH', '/home/duong/Arduino/ROS2_ServiceRobot/uros_ws/install/micro_ros_setup:/home/duong/Arduino/ROS2_ServiceRobot/uros_ws/install/micro_ros_agent:/home/duong/Arduino/ROS2_ServiceRobot/uros_ws/install/micro_ros_msgs:/home/duong/Arduino/ROS2_ServiceRobot/uros_ws/install/drive_base_msgs:/opt/ros/iron'), ('ROS_AUTOMATIC_DISCOVERY_RANGE', 'SUBNET'), ('PWD', '/home/duong/Arduino/ROS2_ServiceRobot/kaia_ws/build/explore_lite'), ('LC_ALL', 'C.UTF-8'), ('PYTHONPATH', '/home/duong/Arduino/ROS2_ServiceRobot/uros_ws/install/micro_ros_msgs/lib/python3.10/site-packages:/home/duong/Arduino/ROS2_ServiceRobot/uros_ws/install/drive_base_msgs/lib/python3.10/site-packages:/opt/ros/iron/lib/python3.10/site-packages'), ('COLCON', '1'), ('CMAKE_PREFIX_PATH', '/home/duong/Arduino/ROS2_ServiceRobot/uros_ws/install/micro_ros_setup:/home/duong/Arduino/ROS2_ServiceRobot/uros_ws/install/micro_ros_agent:/home/duong/Arduino/ROS2_ServiceRobot/uros_ws/install/micro_ros_msgs:/home/duong/Arduino/ROS2_ServiceRobot/uros_ws/install/drive_base_msgs:/opt/ros/iron')]), 'shell': False}
[0.899984] (-) TimerEvent: {}
[1.000251] (-) TimerEvent: {}
[1.101667] (-) TimerEvent: {}
[1.201933] (-) TimerEvent: {}
[1.302189] (-) TimerEvent: {}
[1.403911] (-) TimerEvent: {}
[1.504203] (-) TimerEvent: {}
[1.604488] (-) TimerEvent: {}
[1.704772] (-) TimerEvent: {}
[1.805051] (-) TimerEvent: {}
[1.905313] (-) TimerEvent: {}
[2.005585] (-) TimerEvent: {}
[2.014473] (makerspet_fido) JobProgress: {'identifier': 'makerspet_fido', 'progress': 'cmake'}
[2.015719] (makerspet_fido) Command: {'cmd': ['/usr/bin/cmake', '/home/duong/Arduino/ROS2_ServiceRobot/kaia_ws/src/makerspet_fido', '-DAMENT_CMAKE_SYMLINK_INSTALL=1', '-DCMAKE_INSTALL_PREFIX=/home/duong/Arduino/ROS2_ServiceRobot/kaia_ws/install/makerspet_fido'], 'cwd': '/home/duong/Arduino/ROS2_ServiceRobot/kaia_ws/build/makerspet_fido', 'env': OrderedDict([('SHLVL', '0'), ('LD_LIBRARY_PATH', '/home/duong/Arduino/ROS2_ServiceRobot/uros_ws/install/micro_ros_agent/lib:/home/duong/Arduino/ROS2_ServiceRobot/uros_ws/install/micro_ros_msgs/lib:/home/duong/Arduino/ROS2_ServiceRobot/uros_ws/install/drive_base_msgs/lib:/usr/lib/x86_64-linux-gnu/gazebo-11/plugins:/opt/ros/iron/opt/rviz_ogre_vendor/lib:/opt/ros/iron/lib/x86_64-linux-gnu:/opt/ros/iron/lib'), ('HOME', '/tmp'), ('ROS_PYTHON_VERSION', '3'), ('COLCON_PREFIX_PATH', '/home/duong/Arduino/ROS2_ServiceRobot/uros_ws/install'), ('ROS_DISTRO', 'iron'), ('_', '/usr/bin/colcon'), ('ROS_VERSION', '2'), ('PATH', '/opt/ros/iron/bin:/usr/local/bin:/usr/bin:/bin'), ('LANG', 'C.UTF-8'), ('AMENT_PREFIX_PATH', '/home/duong/Arduino/ROS2_ServiceRobot/uros_ws/install/micro_ros_setup:/home/duong/Arduino/ROS2_ServiceRobot/uros_ws/install/micro_ros_agent:/home/duong/Arduino/ROS2_ServiceRobot/uros_ws/install/micro_ros_msgs:/home/duong/Arduino/ROS2_ServiceRobot/uros_ws/install/drive_base_msgs:/opt/ros/iron'), ('ROS_AUTOMATIC_DISCOVERY_RANGE', 'SUBNET'), ('PWD', '/home/duong/Arduino/ROS2_ServiceRobot/kaia_ws/build/makerspet_fido'), ('LC_ALL', 'C.UTF-8'), ('PYTHONPATH', '/home/duong/Arduino/ROS2_ServiceRobot/uros_ws/install/micro_ros_msgs/lib/python3.10/site-packages:/home/duong/Arduino/ROS2_ServiceRobot/uros_ws/install/drive_base_msgs/lib/python3.10/site-packages:/opt/ros/iron/lib/python3.10/site-packages'), ('COLCON', '1'), ('CMAKE_PREFIX_PATH', '/home/duong/Arduino/ROS2_ServiceRobot/uros_ws/install/micro_ros_setup:/home/duong/Arduino/ROS2_ServiceRobot/uros_ws/install/micro_ros_agent:/home/duong/Arduino/ROS2_ServiceRobot/uros_ws/install/micro_ros_msgs:/home/duong/Arduino/ROS2_ServiceRobot/uros_ws/install/drive_base_msgs:/opt/ros/iron')]), 'shell': False}
[2.035220] (kaiaai_msgs) StdoutLine: {'line': b'-- The C compiler identification is GNU 11.4.0\n'}
[2.035479] (kaiaai_msgs) StdoutLine: {'line': b'-- The CXX compiler identification is GNU 11.4.0\n'}
[2.035616] (kaiaai_msgs) StdoutLine: {'line': b'-- Detecting C compiler ABI info\n'}
[2.035734] (kaiaai_msgs) StdoutLine: {'line': b'-- Detecting C compiler ABI info - done\n'}
[2.035839] (kaiaai_msgs) StdoutLine: {'line': b'-- Check for working C compiler: /usr/bin/cc - skipped\n'}
[2.035942] (kaiaai_msgs) StdoutLine: {'line': b'-- Detecting C compile features\n'}
[2.036049] (kaiaai_msgs) StdoutLine: {'line': b'-- Detecting C compile features - done\n'}
[2.036163] (kaiaai_msgs) StdoutLine: {'line': b'-- Detecting CXX compiler ABI info\n'}
[2.036279] (kaiaai_msgs) StdoutLine: {'line': b'-- Detecting CXX compiler ABI info - done\n'}
[2.036393] (kaiaai_msgs) StdoutLine: {'line': b'-- Check for working CXX compiler: /usr/bin/c++ - skipped\n'}
[2.036508] (kaiaai_msgs) StdoutLine: {'line': b'-- Detecting CXX compile features\n'}
[2.036769] (kaiaai_msgs) StdoutLine: {'line': b'-- Detecting CXX compile features - done\n'}
[2.036881] (kaiaai_msgs) StdoutLine: {'line': b'-- Found ament_cmake: 2.0.7 (/opt/ros/iron/share/ament_cmake/cmake)\n'}
[2.036987] (kaiaai_msgs) StdoutLine: {'line': b'-- Found Python3: /usr/bin/python3.10 (found version "3.10.12") found components: Interpreter \n'}
[2.037089] (kaiaai_msgs) StdoutLine: {'line': b'-- Override CMake install command with custom implementation using symlinks instead of copying resources\n'}
[2.037194] (kaiaai_msgs) StdoutLine: {'line': b'-- Found builtin_interfaces: 1.6.0 (/opt/ros/iron/share/builtin_interfaces/cmake)\n'}
[2.037296] (kaiaai_msgs) StdoutLine: {'line': b'-- Found rosidl_generator_c: 4.0.1 (/opt/ros/iron/share/rosidl_generator_c/cmake)\n'}
[2.037400] (kaiaai_msgs) StdoutLine: {'line': b'-- Found rosidl_generator_cpp: 4.0.1 (/opt/ros/iron/share/rosidl_generator_cpp/cmake)\n'}
[2.037504] (kaiaai_msgs) StdoutLine: {'line': b'-- Using all available rosidl_typesupport_c: rosidl_typesupport_fastrtps_c;rosidl_typesupport_introspection_c\n'}
[2.037645] (kaiaai_msgs) StdoutLine: {'line': b'-- Using all available rosidl_typesupport_cpp: rosidl_typesupport_fastrtps_cpp;rosidl_typesupport_introspection_cpp\n'}
[2.037755] (kaiaai_msgs) StdoutLine: {'line': b'-- Found diagnostic_msgs: 5.0.1 (/opt/ros/iron/share/diagnostic_msgs/cmake)\n'}
[2.037859] (makerspet_loki) StdoutLine: {'line': b'-- The C compiler identification is GNU 11.4.0\n'}
[2.038008] (makerspet_loki) StdoutLine: {'line': b'-- The CXX compiler identification is GNU 11.4.0\n'}
[2.038111] (makerspet_loki) StdoutLine: {'line': b'-- Detecting C compiler ABI info\n'}
[2.038208] (makerspet_loki) StdoutLine: {'line': b'-- Detecting C compiler ABI info - done\n'}
[2.038306] (makerspet_loki) StdoutLine: {'line': b'-- Check for working C compiler: /usr/bin/cc - skipped\n'}
[2.038404] (makerspet_loki) StdoutLine: {'line': b'-- Detecting C compile features\n'}
[2.038503] (makerspet_loki) StdoutLine: {'line': b'-- Detecting C compile features - done\n'}
[2.038627] (makerspet_loki) StdoutLine: {'line': b'-- Detecting CXX compiler ABI info\n'}
[2.038737] (makerspet_loki) StdoutLine: {'line': b'-- Detecting CXX compiler ABI info - done\n'}
[2.038840] (makerspet_loki) StdoutLine: {'line': b'-- Check for working CXX compiler: /usr/bin/c++ - skipped\n'}
[2.038943] (makerspet_loki) StdoutLine: {'line': b'-- Detecting CXX compile features\n'}
[2.039048] (makerspet_loki) StdoutLine: {'line': b'-- Detecting CXX compile features - done\n'}
[2.039152] (makerspet_loki) StdoutLine: {'line': b'-- Found ament_cmake: 2.0.7 (/opt/ros/iron/share/ament_cmake/cmake)\n'}
[2.039255] (makerspet_loki) StdoutLine: {'line': b'-- Found Python3: /usr/bin/python3.10 (found version "3.10.12") found components: Interpreter \n'}
[2.039359] (makerspet_loki) StdoutLine: {'line': b'-- Override CMake install command with custom implementation using symlinks instead of copying resources\n'}
[2.039460] (makerspet_mini) StdoutLine: {'line': b'-- The C compiler identification is GNU 11.4.0\n'}
[2.039633] (makerspet_mini) StdoutLine: {'line': b'-- The CXX compiler identification is GNU 11.4.0\n'}
[2.039744] (makerspet_mini) StdoutLine: {'line': b'-- Detecting C compiler ABI info\n'}
[2.039848] (makerspet_mini) StdoutLine: {'line': b'-- Detecting C compiler ABI info - done\n'}
[2.039950] (makerspet_mini) StdoutLine: {'line': b'-- Check for working C compiler: /usr/bin/cc - skipped\n'}
[2.040052] (makerspet_mini) StdoutLine: {'line': b'-- Detecting C compile features\n'}
[2.040154] (makerspet_mini) StdoutLine: {'line': b'-- Detecting C compile features - done\n'}
[2.040255] (makerspet_mini) StdoutLine: {'line': b'-- Detecting CXX compiler ABI info\n'}
[2.040357] (makerspet_mini) StdoutLine: {'line': b'-- Detecting CXX compiler ABI info - done\n'}
[2.040458] (makerspet_mini) StdoutLine: {'line': b'-- Check for working CXX compiler: /usr/bin/c++ - skipped\n'}
[2.040580] (makerspet_mini) StdoutLine: {'line': b'-- Detecting CXX compile features\n'}
[2.040702] (makerspet_mini) StdoutLine: {'line': b'-- Detecting CXX compile features - done\n'}
[2.040820] (makerspet_mini) StdoutLine: {'line': b'-- Found ament_cmake: 2.0.7 (/opt/ros/iron/share/ament_cmake/cmake)\n'}
[2.040923] (makerspet_mini) StdoutLine: {'line': b'-- Found Python3: /usr/bin/python3.10 (found version "3.10.12") found components: Interpreter \n'}
[2.041027] (makerspet_mini) StdoutLine: {'line': b'-- Override CMake install command with custom implementation using symlinks instead of copying resources\n'}
[2.041133] (makerspet_mini) StdoutLine: {'line': b'-- Found urdf: 2.8.2 (/opt/ros/iron/share/urdf/cmake)\n'}
[2.041238] (makerspet_snoopy) StdoutLine: {'line': b'-- The C compiler identification is GNU 11.4.0\n'}
[2.041389] (makerspet_snoopy) StdoutLine: {'line': b'-- The CXX compiler identification is GNU 11.4.0\n'}
[2.041494] (makerspet_snoopy) StdoutLine: {'line': b'-- Detecting C compiler ABI info\n'}
[2.041619] (makerspet_snoopy) StdoutLine: {'line': b'-- Detecting C compiler ABI info - done\n'}
[2.041731] (makerspet_snoopy) StdoutLine: {'line': b'-- Check for working C compiler: /usr/bin/cc - skipped\n'}
[2.041835] (makerspet_snoopy) StdoutLine: {'line': b'-- Detecting C compile features\n'}
[2.041938] (makerspet_snoopy) StdoutLine: {'line': b'-- Detecting C compile features - done\n'}
[2.042041] (makerspet_snoopy) StdoutLine: {'line': b'-- Detecting CXX compiler ABI info\n'}
[2.042142] (makerspet_snoopy) StdoutLine: {'line': b'-- Detecting CXX compiler ABI info - done\n'}
[2.042242] (makerspet_snoopy) StdoutLine: {'line': b'-- Check for working CXX compiler: /usr/bin/c++ - skipped\n'}
[2.042342] (makerspet_snoopy) StdoutLine: {'line': b'-- Detecting CXX compile features\n'}
[2.042440] (makerspet_snoopy) StdoutLine: {'line': b'-- Detecting CXX compile features - done\n'}
[2.042537] (makerspet_snoopy) StdoutLine: {'line': b'-- Found ament_cmake: 2.0.7 (/opt/ros/iron/share/ament_cmake/cmake)\n'}
[2.042673] (makerspet_snoopy) StdoutLine: {'line': b'-- Found Python3: /usr/bin/python3.10 (found version "3.10.12") found components: Interpreter \n'}
[2.042769] (makerspet_snoopy) StdoutLine: {'line': b'-- Override CMake install command with custom implementation using symlinks instead of copying resources\n'}
[2.042863] (makerspet_snoopy) StdoutLine: {'line': b'-- Found urdf: 2.8.2 (/opt/ros/iron/share/urdf/cmake)\n'}
[2.042962] (auto_mapper) StdoutLine: {'line': b'-- The C compiler identification is GNU 11.4.0\n'}
[2.043111] (auto_mapper) StdoutLine: {'line': b'-- The CXX compiler identification is GNU 11.4.0\n'}
[2.043210] (auto_mapper) StdoutLine: {'line': b'-- Detecting C compiler ABI info\n'}
[2.043309] (auto_mapper) StdoutLine: {'line': b'-- Detecting C compiler ABI info - done\n'}
[2.043408] (auto_mapper) StdoutLine: {'line': b'-- Check for working C compiler: /usr/bin/cc - skipped\n'}
[2.043505] (auto_mapper) StdoutLine: {'line': b'-- Detecting C compile features\n'}
[2.043622] (auto_mapper) StdoutLine: {'line': b'-- Detecting C compile features - done\n'}
[2.043728] (auto_mapper) StdoutLine: {'line': b'-- Detecting CXX compiler ABI info\n'}
[2.043827] (auto_mapper) StdoutLine: {'line': b'-- Detecting CXX compiler ABI info - done\n'}
[2.043926] (auto_mapper) StdoutLine: {'line': b'-- Check for working CXX compiler: /usr/bin/c++ - skipped\n'}
[2.044026] (auto_mapper) StdoutLine: {'line': b'-- Detecting CXX compile features\n'}
[2.044126] (auto_mapper) StdoutLine: {'line': b'-- Detecting CXX compile features - done\n'}
[2.044230] (auto_mapper) StdoutLine: {'line': b'-- Found ament_cmake: 2.0.7 (/opt/ros/iron/share/ament_cmake/cmake)\n'}
[2.044337] (auto_mapper) StdoutLine: {'line': b'-- Found Python3: /usr/bin/python3.10 (found version "3.10.12") found components: Interpreter \n'}
[2.044444] (auto_mapper) StdoutLine: {'line': b'-- Override CMake install command with custom implementation using symlinks instead of copying resources\n'}
[2.044550] (explore_lite) StdoutLine: {'line': b'-- The C compiler identification is GNU 11.4.0\n'}
[2.044730] (explore_lite) StdoutLine: {'line': b'-- The CXX compiler identification is GNU 11.4.0\n'}
[2.044847] (explore_lite) StdoutLine: {'line': b'-- Detecting C compiler ABI info\n'}
[2.044948] (explore_lite) StdoutLine: {'line': b'-- Detecting C compiler ABI info - done\n'}
[2.045052] (explore_lite) StdoutLine: {'line': b'-- Check for working C compiler: /usr/bin/cc - skipped\n'}
[2.045157] (explore_lite) StdoutLine: {'line': b'-- Detecting C compile features\n'}
[2.045260] (explore_lite) StdoutLine: {'line': b'-- Detecting C compile features - done\n'}
[2.045364] (explore_lite) StdoutLine: {'line': b'-- Detecting CXX compiler ABI info\n'}
[2.045469] (explore_lite) StdoutLine: {'line': b'-- Detecting CXX compiler ABI info - done\n'}
[2.045585] (explore_lite) StdoutLine: {'line': b'-- Check for working CXX compiler: /usr/bin/c++ - skipped\n'}
[2.045706] (explore_lite) StdoutLine: {'line': b'-- Detecting CXX compile features\n'}
[2.045811] (explore_lite) StdoutLine: {'line': b'-- Detecting CXX compile features - done\n'}
[2.045916] (explore_lite) StdoutLine: {'line': b'-- BuilD for ROS2: iron\n'}
[2.046019] (explore_lite) StdoutLine: {'line': b'-- Found ament_cmake: 2.0.7 (/opt/ros/iron/share/ament_cmake/cmake)\n'}
[2.046123] (explore_lite) StdoutLine: {'line': b'-- Found Python3: /usr/bin/python3.10 (found version "3.10.12") found components: Interpreter \n'}
[2.046228] (explore_lite) StdoutLine: {'line': b'-- Override CMake install command with custom implementation using symlinks instead of copying resources\n'}
[2.046331] (explore_lite) StdoutLine: {'line': b'-- Found rclcpp: 21.0.8 (/opt/ros/iron/share/rclcpp/cmake)\n'}
[2.105646] (-) TimerEvent: {}
[2.207331] (-) TimerEvent: {}
[2.307612] (-) TimerEvent: {}
[2.407878] (-) TimerEvent: {}
[2.508302] (-) TimerEvent: {}
[2.509623] (makerspet_loki) StdoutLine: {'line': b'-- Found urdf: 2.8.2 (/opt/ros/iron/share/urdf/cmake)\n'}
[2.509904] (makerspet_loki) StdoutLine: {'line': b'-- Configuring done\n'}
[2.510026] (makerspet_loki) StdoutLine: {'line': b'-- Generating done\n'}
[2.510321] (makerspet_loki) StdoutLine: {'line': b'-- Build files have been written to: /home/duong/Arduino/ROS2_ServiceRobot/kaia_ws/build/makerspet_loki\n'}
[2.510806] (auto_mapper) StdoutLine: {'line': b'-- Found rclcpp: 21.0.8 (/opt/ros/iron/share/rclcpp/cmake)\n'}
[2.510994] (auto_mapper) StdoutLine: {'line': b'-- Found rosidl_generator_c: 4.0.1 (/opt/ros/iron/share/rosidl_generator_c/cmake)\n'}
[2.511482] (auto_mapper) StdoutLine: {'line': b'-- Found rosidl_generator_cpp: 4.0.1 (/opt/ros/iron/share/rosidl_generator_cpp/cmake)\n'}
[2.511923] (auto_mapper) StdoutLine: {'line': b'-- Using all available rosidl_typesupport_c: rosidl_typesupport_fastrtps_c;rosidl_typesupport_introspection_c\n'}
[2.513193] (auto_mapper) StdoutLine: {'line': b'-- Using all available rosidl_typesupport_cpp: rosidl_typesupport_fastrtps_cpp;rosidl_typesupport_introspection_cpp\n'}
[2.513681] (explore_lite) StdoutLine: {'line': b'-- Found rosidl_generator_c: 4.0.1 (/opt/ros/iron/share/rosidl_generator_c/cmake)\n'}
[2.514269] (explore_lite) StdoutLine: {'line': b'-- Found rosidl_generator_cpp: 4.0.1 (/opt/ros/iron/share/rosidl_generator_cpp/cmake)\n'}
[2.514460] (explore_lite) StdoutLine: {'line': b'-- Using all available rosidl_typesupport_c: rosidl_typesupport_fastrtps_c;rosidl_typesupport_introspection_c\n'}
[2.514941] (explore_lite) StdoutLine: {'line': b'-- Using all available rosidl_typesupport_cpp: rosidl_typesupport_fastrtps_cpp;rosidl_typesupport_introspection_cpp\n'}
[2.515198] (makerspet_fido) StdoutLine: {'line': b'-- The C compiler identification is GNU 11.4.0\n'}
[2.515370] (makerspet_fido) StdoutLine: {'line': b'-- The CXX compiler identification is GNU 11.4.0\n'}
[2.515513] (makerspet_fido) StdoutLine: {'line': b'-- Detecting C compiler ABI info\n'}
[2.515656] (makerspet_fido) StdoutLine: {'line': b'-- Detecting C compiler ABI info - done\n'}
[2.515767] (makerspet_fido) StdoutLine: {'line': b'-- Check for working C compiler: /usr/bin/cc - skipped\n'}
[2.515875] (makerspet_fido) StdoutLine: {'line': b'-- Detecting C compile features\n'}
[2.515984] (makerspet_fido) StdoutLine: {'line': b'-- Detecting C compile features - done\n'}
[2.516108] (makerspet_fido) StdoutLine: {'line': b'-- Detecting CXX compiler ABI info\n'}
[2.516215] (makerspet_mini) StdoutLine: {'line': b'-- Configuring done\n'}
[2.516351] (makerspet_mini) StdoutLine: {'line': b'-- Generating done\n'}
[2.516458] (makerspet_mini) StdoutLine: {'line': b'-- Build files have been written to: /home/duong/Arduino/ROS2_ServiceRobot/kaia_ws/build/makerspet_mini\n'}
[2.516579] (makerspet_snoopy) StdoutLine: {'line': b'-- Configuring done\n'}
[2.516723] (makerspet_snoopy) StdoutLine: {'line': b'-- Generating done\n'}
[2.516827] (makerspet_snoopy) StdoutLine: {'line': b'-- Build files have been written to: /home/duong/Arduino/ROS2_ServiceRobot/kaia_ws/build/makerspet_snoopy\n'}
[2.516931] (kaiaai_msgs) StdoutLine: {'line': b'-- Found rosidl_default_generators: 1.5.0 (/opt/ros/iron/share/rosidl_default_generators/cmake)\n'}
[2.517052] (kaiaai_msgs) StdoutLine: {'line': b'-- Found rosidl_adapter: 4.0.1 (/opt/ros/iron/share/rosidl_adapter/cmake)\n'}
[2.517153] (kaiaai_msgs) StdoutLine: {'line': b'-- Found ament_lint_auto: 0.14.4 (/opt/ros/iron/share/ament_lint_auto/cmake)\n'}
[2.528399] (makerspet_loki) CommandEnded: {'returncode': 0}
[2.528924] (makerspet_loki) JobProgress: {'identifier': 'makerspet_loki', 'progress': 'build'}
[2.528974] (makerspet_loki) Command: {'cmd': ['/usr/bin/cmake', '--build', '/home/duong/Arduino/ROS2_ServiceRobot/kaia_ws/build/makerspet_loki', '--', '-j12', '-l12'], 'cwd': '/home/duong/Arduino/ROS2_ServiceRobot/kaia_ws/build/makerspet_loki', 'env': OrderedDict([('SHLVL', '0'), ('LD_LIBRARY_PATH', '/home/duong/Arduino/ROS2_ServiceRobot/uros_ws/install/micro_ros_agent/lib:/home/duong/Arduino/ROS2_ServiceRobot/uros_ws/install/micro_ros_msgs/lib:/home/duong/Arduino/ROS2_ServiceRobot/uros_ws/install/drive_base_msgs/lib:/usr/lib/x86_64-linux-gnu/gazebo-11/plugins:/opt/ros/iron/opt/rviz_ogre_vendor/lib:/opt/ros/iron/lib/x86_64-linux-gnu:/opt/ros/iron/lib'), ('HOME', '/tmp'), ('ROS_PYTHON_VERSION', '3'), ('COLCON_PREFIX_PATH', '/home/duong/Arduino/ROS2_ServiceRobot/uros_ws/install'), ('ROS_DISTRO', 'iron'), ('_', '/usr/bin/colcon'), ('ROS_VERSION', '2'), ('PATH', '/opt/ros/iron/bin:/usr/local/bin:/usr/bin:/bin'), ('LANG', 'C.UTF-8'), ('AMENT_PREFIX_PATH', '/home/duong/Arduino/ROS2_ServiceRobot/uros_ws/install/micro_ros_setup:/home/duong/Arduino/ROS2_ServiceRobot/uros_ws/install/micro_ros_agent:/home/duong/Arduino/ROS2_ServiceRobot/uros_ws/install/micro_ros_msgs:/home/duong/Arduino/ROS2_ServiceRobot/uros_ws/install/drive_base_msgs:/opt/ros/iron'), ('ROS_AUTOMATIC_DISCOVERY_RANGE', 'SUBNET'), ('PWD', '/home/duong/Arduino/ROS2_ServiceRobot/kaia_ws/build/makerspet_loki'), ('LC_ALL', 'C.UTF-8'), ('PYTHONPATH', '/home/duong/Arduino/ROS2_ServiceRobot/uros_ws/install/micro_ros_msgs/lib/python3.10/site-packages:/home/duong/Arduino/ROS2_ServiceRobot/uros_ws/install/drive_base_msgs/lib/python3.10/site-packages:/opt/ros/iron/lib/python3.10/site-packages'), ('COLCON', '1'), ('CMAKE_PREFIX_PATH', '/home/duong/Arduino/ROS2_ServiceRobot/uros_ws/install/micro_ros_setup:/home/duong/Arduino/ROS2_ServiceRobot/uros_ws/install/micro_ros_agent:/home/duong/Arduino/ROS2_ServiceRobot/uros_ws/install/micro_ros_msgs:/home/duong/Arduino/ROS2_ServiceRobot/uros_ws/install/drive_base_msgs:/opt/ros/iron')]), 'shell': False}
[2.532509] (makerspet_mini) CommandEnded: {'returncode': 0}
[2.533114] (makerspet_mini) JobProgress: {'identifier': 'makerspet_mini', 'progress': 'build'}
[2.533169] (makerspet_mini) Command: {'cmd': ['/usr/bin/cmake', '--build', '/home/duong/Arduino/ROS2_ServiceRobot/kaia_ws/build/makerspet_mini', '--', '-j12', '-l12'], 'cwd': '/home/duong/Arduino/ROS2_ServiceRobot/kaia_ws/build/makerspet_mini', 'env': OrderedDict([('SHLVL', '0'), ('LD_LIBRARY_PATH', '/home/duong/Arduino/ROS2_ServiceRobot/uros_ws/install/micro_ros_agent/lib:/home/duong/Arduino/ROS2_ServiceRobot/uros_ws/install/micro_ros_msgs/lib:/home/duong/Arduino/ROS2_ServiceRobot/uros_ws/install/drive_base_msgs/lib:/usr/lib/x86_64-linux-gnu/gazebo-11/plugins:/opt/ros/iron/opt/rviz_ogre_vendor/lib:/opt/ros/iron/lib/x86_64-linux-gnu:/opt/ros/iron/lib'), ('HOME', '/tmp'), ('ROS_PYTHON_VERSION', '3'), ('COLCON_PREFIX_PATH', '/home/duong/Arduino/ROS2_ServiceRobot/uros_ws/install'), ('ROS_DISTRO', 'iron'), ('_', '/usr/bin/colcon'), ('ROS_VERSION', '2'), ('PATH', '/opt/ros/iron/bin:/usr/local/bin:/usr/bin:/bin'), ('LANG', 'C.UTF-8'), ('AMENT_PREFIX_PATH', '/home/duong/Arduino/ROS2_ServiceRobot/uros_ws/install/micro_ros_setup:/home/duong/Arduino/ROS2_ServiceRobot/uros_ws/install/micro_ros_agent:/home/duong/Arduino/ROS2_ServiceRobot/uros_ws/install/micro_ros_msgs:/home/duong/Arduino/ROS2_ServiceRobot/uros_ws/install/drive_base_msgs:/opt/ros/iron'), ('ROS_AUTOMATIC_DISCOVERY_RANGE', 'SUBNET'), ('PWD', '/home/duong/Arduino/ROS2_ServiceRobot/kaia_ws/build/makerspet_mini'), ('LC_ALL', 'C.UTF-8'), ('PYTHONPATH', '/home/duong/Arduino/ROS2_ServiceRobot/uros_ws/install/micro_ros_msgs/lib/python3.10/site-packages:/home/duong/Arduino/ROS2_ServiceRobot/uros_ws/install/drive_base_msgs/lib/python3.10/site-packages:/opt/ros/iron/lib/python3.10/site-packages'), ('COLCON', '1'), ('CMAKE_PREFIX_PATH', '/home/duong/Arduino/ROS2_ServiceRobot/uros_ws/install/micro_ros_setup:/home/duong/Arduino/ROS2_ServiceRobot/uros_ws/install/micro_ros_agent:/home/duong/Arduino/ROS2_ServiceRobot/uros_ws/install/micro_ros_msgs:/home/duong/Arduino/ROS2_ServiceRobot/uros_ws/install/drive_base_msgs:/opt/ros/iron')]), 'shell': False}
[2.536943] (makerspet_snoopy) CommandEnded: {'returncode': 0}
[2.541914] (makerspet_snoopy) JobProgress: {'identifier': 'makerspet_snoopy', 'progress': 'build'}
[2.541970] (makerspet_snoopy) Command: {'cmd': ['/usr/bin/cmake', '--build', '/home/duong/Arduino/ROS2_ServiceRobot/kaia_ws/build/makerspet_snoopy', '--', '-j12', '-l12'], 'cwd': '/home/duong/Arduino/ROS2_ServiceRobot/kaia_ws/build/makerspet_snoopy', 'env': OrderedDict([('SHLVL', '0'), ('LD_LIBRARY_PATH', '/home/duong/Arduino/ROS2_ServiceRobot/uros_ws/install/micro_ros_agent/lib:/home/duong/Arduino/ROS2_ServiceRobot/uros_ws/install/micro_ros_msgs/lib:/home/duong/Arduino/ROS2_ServiceRobot/uros_ws/install/drive_base_msgs/lib:/usr/lib/x86_64-linux-gnu/gazebo-11/plugins:/opt/ros/iron/opt/rviz_ogre_vendor/lib:/opt/ros/iron/lib/x86_64-linux-gnu:/opt/ros/iron/lib'), ('HOME', '/tmp'), ('ROS_PYTHON_VERSION', '3'), ('COLCON_PREFIX_PATH', '/home/duong/Arduino/ROS2_ServiceRobot/uros_ws/install'), ('ROS_DISTRO', 'iron'), ('_', '/usr/bin/colcon'), ('ROS_VERSION', '2'), ('PATH', '/opt/ros/iron/bin:/usr/local/bin:/usr/bin:/bin'), ('LANG', 'C.UTF-8'), ('AMENT_PREFIX_PATH', '/home/duong/Arduino/ROS2_ServiceRobot/uros_ws/install/micro_ros_setup:/home/duong/Arduino/ROS2_ServiceRobot/uros_ws/install/micro_ros_agent:/home/duong/Arduino/ROS2_ServiceRobot/uros_ws/install/micro_ros_msgs:/home/duong/Arduino/ROS2_ServiceRobot/uros_ws/install/drive_base_msgs:/opt/ros/iron'), ('ROS_AUTOMATIC_DISCOVERY_RANGE', 'SUBNET'), ('PWD', '/home/duong/Arduino/ROS2_ServiceRobot/kaia_ws/build/makerspet_snoopy'), ('LC_ALL', 'C.UTF-8'), ('PYTHONPATH', '/home/duong/Arduino/ROS2_ServiceRobot/uros_ws/install/micro_ros_msgs/lib/python3.10/site-packages:/home/duong/Arduino/ROS2_ServiceRobot/uros_ws/install/drive_base_msgs/lib/python3.10/site-packages:/opt/ros/iron/lib/python3.10/site-packages'), ('COLCON', '1'), ('CMAKE_PREFIX_PATH', '/home/duong/Arduino/ROS2_ServiceRobot/uros_ws/install/micro_ros_setup:/home/duong/Arduino/ROS2_ServiceRobot/uros_ws/install/micro_ros_agent:/home/duong/Arduino/ROS2_ServiceRobot/uros_ws/install/micro_ros_msgs:/home/duong/Arduino/ROS2_ServiceRobot/uros_ws/install/drive_base_msgs:/opt/ros/iron')]), 'shell': False}
[2.548872] (explore_lite) StdoutLine: {'line': b'-- Found rmw_implementation_cmake: 7.1.0 (/opt/ros/iron/share/rmw_implementation_cmake/cmake)\n'}
[2.550133] (explore_lite) StdoutLine: {'line': b'-- Found rmw_fastrtps_cpp: 7.1.4 (/opt/ros/iron/share/rmw_fastrtps_cpp/cmake)\n'}
[2.577550] (makerspet_fido) StdoutLine: {'line': b'-- Detecting CXX compiler ABI info - done\n'}
[2.592675] (auto_mapper) StdoutLine: {'line': b'-- Found rmw_implementation_cmake: 7.1.0 (/opt/ros/iron/share/rmw_implementation_cmake/cmake)\n'}
[2.600474] (auto_mapper) StdoutLine: {'line': b'-- Found rmw_fastrtps_cpp: 7.1.4 (/opt/ros/iron/share/rmw_fastrtps_cpp/cmake)\n'}
[2.608342] (makerspet_fido) StdoutLine: {'line': b'-- Check for working CXX compiler: /usr/bin/c++ - skipped\n'}
[2.608631] (-) TimerEvent: {}
[2.613644] (makerspet_fido) StdoutLine: {'line': b'-- Detecting CXX compile features\n'}
[2.613936] (makerspet_fido) StdoutLine: {'line': b'-- Detecting CXX compile features - done\n'}
[2.618976] (makerspet_fido) StdoutLine: {'line': b'-- Found ament_cmake: 2.0.7 (/opt/ros/iron/share/ament_cmake/cmake)\n'}
[2.652832] (makerspet_snoopy) CommandEnded: {'returncode': 0}
[2.654283] (makerspet_snoopy) JobProgress: {'identifier': 'makerspet_snoopy', 'progress': 'install'}
[2.678202] (makerspet_snoopy) Command: {'cmd': ['/usr/bin/cmake', '--install', '/home/duong/Arduino/ROS2_ServiceRobot/kaia_ws/build/makerspet_snoopy'], 'cwd': '/home/duong/Arduino/ROS2_ServiceRobot/kaia_ws/build/makerspet_snoopy', 'env': OrderedDict([('SHLVL', '0'), ('LD_LIBRARY_PATH', '/home/duong/Arduino/ROS2_ServiceRobot/uros_ws/install/micro_ros_agent/lib:/home/duong/Arduino/ROS2_ServiceRobot/uros_ws/install/micro_ros_msgs/lib:/home/duong/Arduino/ROS2_ServiceRobot/uros_ws/install/drive_base_msgs/lib:/usr/lib/x86_64-linux-gnu/gazebo-11/plugins:/opt/ros/iron/opt/rviz_ogre_vendor/lib:/opt/ros/iron/lib/x86_64-linux-gnu:/opt/ros/iron/lib'), ('HOME', '/tmp'), ('ROS_PYTHON_VERSION', '3'), ('COLCON_PREFIX_PATH', '/home/duong/Arduino/ROS2_ServiceRobot/uros_ws/install'), ('ROS_DISTRO', 'iron'), ('_', '/usr/bin/colcon'), ('ROS_VERSION', '2'), ('PATH', '/opt/ros/iron/bin:/usr/local/bin:/usr/bin:/bin'), ('LANG', 'C.UTF-8'), ('AMENT_PREFIX_PATH', '/home/duong/Arduino/ROS2_ServiceRobot/uros_ws/install/micro_ros_setup:/home/duong/Arduino/ROS2_ServiceRobot/uros_ws/install/micro_ros_agent:/home/duong/Arduino/ROS2_ServiceRobot/uros_ws/install/micro_ros_msgs:/home/duong/Arduino/ROS2_ServiceRobot/uros_ws/install/drive_base_msgs:/opt/ros/iron'), ('ROS_AUTOMATIC_DISCOVERY_RANGE', 'SUBNET'), ('PWD', '/home/duong/Arduino/ROS2_ServiceRobot/kaia_ws/build/makerspet_snoopy'), ('LC_ALL', 'C.UTF-8'), ('PYTHONPATH', '/home/duong/Arduino/ROS2_ServiceRobot/uros_ws/install/micro_ros_msgs/lib/python3.10/site-packages:/home/duong/Arduino/ROS2_ServiceRobot/uros_ws/install/drive_base_msgs/lib/python3.10/site-packages:/opt/ros/iron/lib/python3.10/site-packages'), ('COLCON', '1'), ('CMAKE_PREFIX_PATH', '/home/duong/Arduino/ROS2_ServiceRobot/uros_ws/install/micro_ros_setup:/home/duong/Arduino/ROS2_ServiceRobot/uros_ws/install/micro_ros_agent:/home/duong/Arduino/ROS2_ServiceRobot/uros_ws/install/micro_ros_msgs:/home/duong/Arduino/ROS2_ServiceRobot/uros_ws/install/drive_base_msgs:/opt/ros/iron')]), 'shell': False}
[2.685932] (makerspet_mini) CommandEnded: {'returncode': 0}
[2.686414] (makerspet_mini) JobProgress: {'identifier': 'makerspet_mini', 'progress': 'install'}
[2.686454] (makerspet_mini) Command: {'cmd': ['/usr/bin/cmake', '--install', '/home/duong/Arduino/ROS2_ServiceRobot/kaia_ws/build/makerspet_mini'], 'cwd': '/home/duong/Arduino/ROS2_ServiceRobot/kaia_ws/build/makerspet_mini', 'env': OrderedDict([('SHLVL', '0'), ('LD_LIBRARY_PATH', '/home/duong/Arduino/ROS2_ServiceRobot/uros_ws/install/micro_ros_agent/lib:/home/duong/Arduino/ROS2_ServiceRobot/uros_ws/install/micro_ros_msgs/lib:/home/duong/Arduino/ROS2_ServiceRobot/uros_ws/install/drive_base_msgs/lib:/usr/lib/x86_64-linux-gnu/gazebo-11/plugins:/opt/ros/iron/opt/rviz_ogre_vendor/lib:/opt/ros/iron/lib/x86_64-linux-gnu:/opt/ros/iron/lib'), ('HOME', '/tmp'), ('ROS_PYTHON_VERSION', '3'), ('COLCON_PREFIX_PATH', '/home/duong/Arduino/ROS2_ServiceRobot/uros_ws/install'), ('ROS_DISTRO', 'iron'), ('_', '/usr/bin/colcon'), ('ROS_VERSION', '2'), ('PATH', '/opt/ros/iron/bin:/usr/local/bin:/usr/bin:/bin'), ('LANG', 'C.UTF-8'), ('AMENT_PREFIX_PATH', '/home/duong/Arduino/ROS2_ServiceRobot/uros_ws/install/micro_ros_setup:/home/duong/Arduino/ROS2_ServiceRobot/uros_ws/install/micro_ros_agent:/home/duong/Arduino/ROS2_ServiceRobot/uros_ws/install/micro_ros_msgs:/home/duong/Arduino/ROS2_ServiceRobot/uros_ws/install/drive_base_msgs:/opt/ros/iron'), ('ROS_AUTOMATIC_DISCOVERY_RANGE', 'SUBNET'), ('PWD', '/home/duong/Arduino/ROS2_ServiceRobot/kaia_ws/build/makerspet_mini'), ('LC_ALL', 'C.UTF-8'), ('PYTHONPATH', '/home/duong/Arduino/ROS2_ServiceRobot/uros_ws/install/micro_ros_msgs/lib/python3.10/site-packages:/home/duong/Arduino/ROS2_ServiceRobot/uros_ws/install/drive_base_msgs/lib/python3.10/site-packages:/opt/ros/iron/lib/python3.10/site-packages'), ('COLCON', '1'), ('CMAKE_PREFIX_PATH', '/home/duong/Arduino/ROS2_ServiceRobot/uros_ws/install/micro_ros_setup:/home/duong/Arduino/ROS2_ServiceRobot/uros_ws/install/micro_ros_agent:/home/duong/Arduino/ROS2_ServiceRobot/uros_ws/install/micro_ros_msgs:/home/duong/Arduino/ROS2_ServiceRobot/uros_ws/install/drive_base_msgs:/opt/ros/iron')]), 'shell': False}
[2.693782] (makerspet_loki) CommandEnded: {'returncode': 0}
[2.694354] (makerspet_loki) JobProgress: {'identifier': 'makerspet_loki', 'progress': 'install'}
[2.694408] (makerspet_loki) Command: {'cmd': ['/usr/bin/cmake', '--install', '/home/duong/Arduino/ROS2_ServiceRobot/kaia_ws/build/makerspet_loki'], 'cwd': '/home/duong/Arduino/ROS2_ServiceRobot/kaia_ws/build/makerspet_loki', 'env': OrderedDict([('SHLVL', '0'), ('LD_LIBRARY_PATH', '/home/duong/Arduino/ROS2_ServiceRobot/uros_ws/install/micro_ros_agent/lib:/home/duong/Arduino/ROS2_ServiceRobot/uros_ws/install/micro_ros_msgs/lib:/home/duong/Arduino/ROS2_ServiceRobot/uros_ws/install/drive_base_msgs/lib:/usr/lib/x86_64-linux-gnu/gazebo-11/plugins:/opt/ros/iron/opt/rviz_ogre_vendor/lib:/opt/ros/iron/lib/x86_64-linux-gnu:/opt/ros/iron/lib'), ('HOME', '/tmp'), ('ROS_PYTHON_VERSION', '3'), ('COLCON_PREFIX_PATH', '/home/duong/Arduino/ROS2_ServiceRobot/uros_ws/install'), ('ROS_DISTRO', 'iron'), ('_', '/usr/bin/colcon'), ('ROS_VERSION', '2'), ('PATH', '/opt/ros/iron/bin:/usr/local/bin:/usr/bin:/bin'), ('LANG', 'C.UTF-8'), ('AMENT_PREFIX_PATH', '/home/duong/Arduino/ROS2_ServiceRobot/uros_ws/install/micro_ros_setup:/home/duong/Arduino/ROS2_ServiceRobot/uros_ws/install/micro_ros_agent:/home/duong/Arduino/ROS2_ServiceRobot/uros_ws/install/micro_ros_msgs:/home/duong/Arduino/ROS2_ServiceRobot/uros_ws/install/drive_base_msgs:/opt/ros/iron'), ('ROS_AUTOMATIC_DISCOVERY_RANGE', 'SUBNET'), ('PWD', '/home/duong/Arduino/ROS2_ServiceRobot/kaia_ws/build/makerspet_loki'), ('LC_ALL', 'C.UTF-8'), ('PYTHONPATH', '/home/duong/Arduino/ROS2_ServiceRobot/uros_ws/install/micro_ros_msgs/lib/python3.10/site-packages:/home/duong/Arduino/ROS2_ServiceRobot/uros_ws/install/drive_base_msgs/lib/python3.10/site-packages:/opt/ros/iron/lib/python3.10/site-packages'), ('COLCON', '1'), ('CMAKE_PREFIX_PATH', '/home/duong/Arduino/ROS2_ServiceRobot/uros_ws/install/micro_ros_setup:/home/duong/Arduino/ROS2_ServiceRobot/uros_ws/install/micro_ros_agent:/home/duong/Arduino/ROS2_ServiceRobot/uros_ws/install/micro_ros_msgs:/home/duong/Arduino/ROS2_ServiceRobot/uros_ws/install/drive_base_msgs:/opt/ros/iron')]), 'shell': False}
[2.704904] (makerspet_mini) StdoutLine: {'line': b'-- Install configuration: ""\n'}
[2.705136] (makerspet_mini) StdoutLine: {'line': b'-- Execute custom install script\n'}
[2.705244] (makerspet_mini) StdoutLine: {'line': b'-- Symlinking: /home/duong/Arduino/ROS2_ServiceRobot/kaia_ws/install/makerspet_mini/share/makerspet_mini/rviz/cartographer.rviz\n'}
[2.705347] (makerspet_snoopy) StdoutLine: {'line': b'-- Install configuration: ""\n'}
[2.705460] (makerspet_snoopy) StdoutLine: {'line': b'-- Execute custom install script\n'}
[2.705571] (makerspet_snoopy) StdoutLine: {'line': b'-- Symlinking: /home/duong/Arduino/ROS2_ServiceRobot/kaia_ws/install/makerspet_snoopy/share/makerspet_snoopy/rviz/cartographer.rviz\n'}
[2.710648] (-) TimerEvent: {}
[2.715272] (makerspet_loki) StdoutLine: {'line': b'-- Install configuration: ""\n'}
[2.716973] (makerspet_loki) StdoutLine: {'line': b'-- Execute custom install script\n'}
[2.718683] (makerspet_loki) StdoutLine: {'line': b'-- Symlinking: /home/duong/Arduino/ROS2_ServiceRobot/kaia_ws/install/makerspet_loki/share/makerspet_loki/rviz/cartographer.rviz\n'}
[2.727282] (makerspet_mini) StdoutLine: {'line': b'-- Symlinking: /home/duong/Arduino/ROS2_ServiceRobot/kaia_ws/install/makerspet_mini/share/makerspet_mini/rviz/gazebo.rviz\n'}
[2.727956] (makerspet_snoopy) StdoutLine: {'line': b'-- Symlinking: /home/duong/Arduino/ROS2_ServiceRobot/kaia_ws/install/makerspet_snoopy/share/makerspet_snoopy/rviz/gazebo.rviz\n'}
[2.747960] (makerspet_mini) StdoutLine: {'line': b'-- Symlinking: /home/duong/Arduino/ROS2_ServiceRobot/kaia_ws/install/makerspet_mini/share/makerspet_mini/rviz/inspect_urdf.rviz\n'}
[2.750804] (makerspet_loki) StdoutLine: {'line': b'-- Symlinking: /home/duong/Arduino/ROS2_ServiceRobot/kaia_ws/install/makerspet_loki/share/makerspet_loki/rviz/gazebo.rviz\n'}
[2.756902] (makerspet_snoopy) StdoutLine: {'line': b'-- Symlinking: /home/duong/Arduino/ROS2_ServiceRobot/kaia_ws/install/makerspet_snoopy/share/makerspet_snoopy/rviz/inspect_urdf.rviz\n'}
[2.775436] (makerspet_loki) StdoutLine: {'line': b'-- Symlinking: /home/duong/Arduino/ROS2_ServiceRobot/kaia_ws/install/makerspet_loki/share/makerspet_loki/rviz/inspect_urdf.rviz\n'}
[2.775722] (makerspet_mini) StdoutLine: {'line': b'-- Symlinking: /home/duong/Arduino/ROS2_ServiceRobot/kaia_ws/install/makerspet_mini/share/makerspet_mini/rviz/monitor_robot.rviz\n'}
[2.790718] (makerspet_snoopy) StdoutLine: {'line': b'-- Symlinking: /home/duong/Arduino/ROS2_ServiceRobot/kaia_ws/install/makerspet_snoopy/share/makerspet_snoopy/rviz/monitor_robot.rviz\n'}
[2.802449] (makerspet_mini) StdoutLine: {'line': b'-- Symlinking: /home/duong/Arduino/ROS2_ServiceRobot/kaia_ws/install/makerspet_mini/share/makerspet_mini/rviz/monitor_robot_old.rviz\n'}
[2.802743] (makerspet_loki) StdoutLine: {'line': b'-- Symlinking: /home/duong/Arduino/ROS2_ServiceRobot/kaia_ws/install/makerspet_loki/share/makerspet_loki/rviz/monitor_robot.rviz\n'}
[2.813541] (-) TimerEvent: {}
[2.824838] (makerspet_snoopy) StdoutLine: {'line': b'-- Symlinking: /home/duong/Arduino/ROS2_ServiceRobot/kaia_ws/install/makerspet_snoopy/share/makerspet_snoopy/rviz/navigation.rviz\n'}
[2.828447] (makerspet_mini) StdoutLine: {'line': b'-- Symlinking: /home/duong/Arduino/ROS2_ServiceRobot/kaia_ws/install/makerspet_mini/share/makerspet_mini/rviz/navigation.rviz\n'}
[2.833658] (makerspet_loki) StdoutLine: {'line': b'-- Symlinking: /home/duong/Arduino/ROS2_ServiceRobot/kaia_ws/install/makerspet_loki/share/makerspet_loki/rviz/monitor_robot_old.rviz\n'}
[2.847631] (makerspet_snoopy) StdoutLine: {'line': b'-- Symlinking: /home/duong/Arduino/ROS2_ServiceRobot/kaia_ws/install/makerspet_snoopy/share/makerspet_snoopy/urdf/README.md\n'}
[2.863206] (makerspet_loki) StdoutLine: {'line': b'-- Symlinking: /home/duong/Arduino/ROS2_ServiceRobot/kaia_ws/install/makerspet_loki/share/makerspet_loki/rviz/navigation.rviz\n'}
[2.874005] (makerspet_mini) StdoutLine: {'line': b'-- Symlinking: /home/duong/Arduino/ROS2_ServiceRobot/kaia_ws/install/makerspet_mini/share/makerspet_mini/urdf/robot.urdf.xacro\n'}
[2.874768] (makerspet_snoopy) StdoutLine: {'line': b'-- Symlinking: /home/duong/Arduino/ROS2_ServiceRobot/kaia_ws/install/makerspet_snoopy/share/makerspet_snoopy/urdf/robot.urdf.xacro\n'}
[2.882310] (explore_lite) StdoutLine: {'line': b'-- Found OpenSSL: /usr/lib/x86_64-linux-gnu/libcrypto.so (found version "3.0.2")  \n'}
[2.893635] (makerspet_loki) StdoutLine: {'line': b'-- Symlinking: /home/duong/Arduino/ROS2_ServiceRobot/kaia_ws/install/makerspet_loki/share/makerspet_loki/urdf/README.md\n'}
[2.893925] (makerspet_mini) StdoutLine: {'line': b'-- Symlinking: /home/duong/Arduino/ROS2_ServiceRobot/kaia_ws/install/makerspet_mini/share/makerspet_mini/sdf/makerspet_mini/mesh/hemisphere.stl\n'}
[2.902819] (makerspet_snoopy) StdoutLine: {'line': b'-- Symlinking: /home/duong/Arduino/ROS2_ServiceRobot/kaia_ws/install/makerspet_snoopy/share/makerspet_snoopy/sdf/makerspet_snoopy/mesh/half_sphere.stl\n'}
[2.913684] (makerspet_mini) StdoutLine: {'line': b'-- Symlinking: /home/duong/Arduino/ROS2_ServiceRobot/kaia_ws/install/makerspet_mini/share/makerspet_mini/sdf/makerspet_mini/model.config\n'}
[2.913934] (-) TimerEvent: {}
[2.923795] (makerspet_loki) StdoutLine: {'line': b'-- Symlinking: /home/duong/Arduino/ROS2_ServiceRobot/kaia_ws/install/makerspet_loki/share/makerspet_loki/urdf/robot.urdf.xacro\n'}
[2.927623] (makerspet_snoopy) StdoutLine: {'line': b'-- Symlinking: /home/duong/Arduino/ROS2_ServiceRobot/kaia_ws/install/makerspet_snoopy/share/makerspet_snoopy/sdf/makerspet_snoopy/mesh/head.stl\n'}
[2.932960] (auto_mapper) StdoutLine: {'line': b'-- Found OpenSSL: /usr/lib/x86_64-linux-gnu/libcrypto.so (found version "3.0.2")  \n'}
[2.943708] (makerspet_mini) StdoutLine: {'line': b'-- Symlinking: /home/duong/Arduino/ROS2_ServiceRobot/kaia_ws/install/makerspet_mini/share/makerspet_mini/sdf/makerspet_mini/model.sdf\n'}
[2.953684] (makerspet_snoopy) StdoutLine: {'line': b'-- Symlinking: /home/duong/Arduino/ROS2_ServiceRobot/kaia_ws/install/makerspet_snoopy/share/makerspet_snoopy/sdf/makerspet_snoopy/mesh/quarter_sphere.stl\n'}
[2.954579] (explore_lite) StdoutLine: {'line': b'-- Found FastRTPS: /opt/ros/iron/include  \n'}
[2.957632] (makerspet_loki) StdoutLine: {'line': b'-- Symlinking: /home/duong/Arduino/ROS2_ServiceRobot/kaia_ws/install/makerspet_loki/share/makerspet_loki/sdf/makerspet_loki/mesh/head.stl\n'}
[2.972914] (makerspet_mini) StdoutLine: {'line': b'-- Symlinking: /home/duong/Arduino/ROS2_ServiceRobot/kaia_ws/install/makerspet_mini/share/makerspet_mini/config/README.md\n'}
[2.982507] (makerspet_loki) StdoutLine: {'line': b'-- Symlinking: /home/duong/Arduino/ROS2_ServiceRobot/kaia_ws/install/makerspet_loki/share/makerspet_loki/sdf/makerspet_loki/model.config\n'}
[2.982785] (makerspet_snoopy) StdoutLine: {'line': b'-- Symlinking: /home/duong/Arduino/ROS2_ServiceRobot/kaia_ws/install/makerspet_snoopy/share/makerspet_snoopy/sdf/makerspet_snoopy/mesh/quarter_sphere_100mm.stl\n'}
[3.000287] (makerspet_mini) StdoutLine: {'line': b'-- Symlinking: /home/duong/Arduino/ROS2_ServiceRobot/kaia_ws/install/makerspet_mini/share/makerspet_mini/config/cartographer_lds_2d.lua\n'}
[3.004851] (auto_mapper) StdoutLine: {'line': b'-- Found FastRTPS: /opt/ros/iron/include  \n'}
[3.008499] (makerspet_loki) StdoutLine: {'line': b'-- Symlinking: /home/duong/Arduino/ROS2_ServiceRobot/kaia_ws/install/makerspet_loki/share/makerspet_loki/sdf/makerspet_loki/model.sdf\n'}
[3.009934] (makerspet_snoopy) StdoutLine: {'line': b'-- Symlinking: /home/duong/Arduino/ROS2_ServiceRobot/kaia_ws/install/makerspet_snoopy/share/makerspet_snoopy/sdf/makerspet_snoopy/mesh/quarter_sphere_150mm.stl\n'}
[3.016671] (-) TimerEvent: {}
[3.028982] (makerspet_mini) StdoutLine: {'line': b'-- Symlinking: /home/duong/Arduino/ROS2_ServiceRobot/kaia_ws/install/makerspet_mini/share/makerspet_mini/config/etc/navigation_humble.yaml\n'}
[3.037311] (makerspet_snoopy) StdoutLine: {'line': b'-- Symlinking: /home/duong/Arduino/ROS2_ServiceRobot/kaia_ws/install/makerspet_snoopy/share/makerspet_snoopy/sdf/makerspet_snoopy/mesh/quarter_sphere_200mm.stl\n'}
[3.040071] (makerspet_loki) StdoutLine: {'line': b'-- Symlinking: /home/duong/Arduino/ROS2_ServiceRobot/kaia_ws/install/makerspet_loki/share/makerspet_loki/config/README.md\n'}
[3.057308] (makerspet_mini) StdoutLine: {'line': b'-- Symlinking: /home/duong/Arduino/ROS2_ServiceRobot/kaia_ws/install/makerspet_mini/share/makerspet_mini/config/etc/navigation_iron.yaml\n'}
[3.061199] (makerspet_snoopy) StdoutLine: {'line': b'-- Symlinking: /home/duong/Arduino/ROS2_ServiceRobot/kaia_ws/install/makerspet_snoopy/share/makerspet_snoopy/sdf/makerspet_snoopy/mesh/quarter_sphere_250mm.stl\n'}
[3.067406] (makerspet_loki) StdoutLine: {'line': b'-- Symlinking: /home/duong/Arduino/ROS2_ServiceRobot/kaia_ws/install/makerspet_loki/share/makerspet_loki/config/cartographer_lds_2d.lua\n'}
[3.068143] (explore_lite) StdoutLine: {'line': b"-- Using RMW implementation 'rmw_fastrtps_cpp' as default\n"}
[3.086855] (makerspet_mini) StdoutLine: {'line': b'-- Symlinking: /home/duong/Arduino/ROS2_ServiceRobot/kaia_ws/install/makerspet_mini/share/makerspet_mini/config/explore_lite.yaml\n'}
[3.089398] (makerspet_fido) StdoutLine: {'line': b'-- Found Python3: /usr/bin/python3.10 (found version "3.10.12") found components: Interpreter \n'}
[3.093435] (makerspet_snoopy) StdoutLine: {'line': b'-- Symlinking: /home/duong/Arduino/ROS2_ServiceRobot/kaia_ws/install/makerspet_snoopy/share/makerspet_snoopy/sdf/makerspet_snoopy/mesh/quarter_sphere_270mm.stl\n'}
[3.098399] (makerspet_loki) StdoutLine: {'line': b'-- Symlinking: /home/duong/Arduino/ROS2_ServiceRobot/kaia_ws/install/makerspet_loki/share/makerspet_loki/config/etc/navigation_humble.yaml\n'}
[3.113632] (makerspet_mini) StdoutLine: {'line': b'-- Symlinking: /home/duong/Arduino/ROS2_ServiceRobot/kaia_ws/install/makerspet_mini/share/makerspet_mini/config/kaiaai.yaml\n'}
[3.115840] (makerspet_snoopy) StdoutLine: {'line': b'-- Symlinking: /home/duong/Arduino/ROS2_ServiceRobot/kaia_ws/install/makerspet_snoopy/share/makerspet_snoopy/sdf/makerspet_snoopy/mesh/quarter_sphere_300mm.stl\n'}
[3.116889] (auto_mapper) StdoutLine: {'line': b"-- Using RMW implementation 'rmw_fastrtps_cpp' as default\n"}
[3.117152] (-) TimerEvent: {}
[3.130916] (kaiaai_msgs) StdoutLine: {'line': b'-- Found ament_cmake_ros: 0.11.2 (/opt/ros/iron/share/ament_cmake_ros/cmake)\n'}
[3.131190] (makerspet_loki) StdoutLine: {'line': b'-- Symlinking: /home/duong/Arduino/ROS2_ServiceRobot/kaia_ws/install/makerspet_loki/share/makerspet_loki/config/etc/navigation_iron.yaml\n'}
[3.141655] (makerspet_snoopy) StdoutLine: {'line': b'-- Symlinking: /home/duong/Arduino/ROS2_ServiceRobot/kaia_ws/install/makerspet_snoopy/share/makerspet_snoopy/sdf/makerspet_snoopy/mesh/quarter_sphere_350mm.stl\n'}
[3.141970] (makerspet_mini) StdoutLine: {'line': b'-- Symlinking: /home/duong/Arduino/ROS2_ServiceRobot/kaia_ws/install/makerspet_mini/share/makerspet_mini/config/navigation.yaml\n'}
[3.159150] (makerspet_loki) StdoutLine: {'line': b'-- Symlinking: /home/duong/Arduino/ROS2_ServiceRobot/kaia_ws/install/makerspet_loki/share/makerspet_loki/config/explore_lite.yaml\n'}
[3.163822] (makerspet_mini) StdoutLine: {'line': b'-- Symlinking: /home/duong/Arduino/ROS2_ServiceRobot/kaia_ws/install/makerspet_mini/share/makerspet_mini/config/navigation_new.yaml\n'}
[3.171686] (makerspet_snoopy) StdoutLine: {'line': b'-- Symlinking: /home/duong/Arduino/ROS2_ServiceRobot/kaia_ws/install/makerspet_snoopy/share/makerspet_snoopy/sdf/makerspet_snoopy/model.config\n'}
[3.180498] (makerspet_loki) StdoutLine: {'line': b'-- Symlinking: /home/duong/Arduino/ROS2_ServiceRobot/kaia_ws/install/makerspet_loki/share/makerspet_loki/config/navigation.yaml\n'}
[3.183630] (makerspet_mini) StdoutLine: {'line': b'-- Symlinking: /home/duong/Arduino/ROS2_ServiceRobot/kaia_ws/install/makerspet_mini/share/makerspet_mini/config/navigation_pursuit.yaml\n'}
[3.199456] (makerspet_snoopy) StdoutLine: {'line': b'-- Symlinking: /home/duong/Arduino/ROS2_ServiceRobot/kaia_ws/install/makerspet_snoopy/share/makerspet_snoopy/sdf/makerspet_snoopy/model.sdf\n'}
[3.207561] (makerspet_loki) StdoutLine: {'line': b'-- Symlinking: /home/duong/Arduino/ROS2_ServiceRobot/kaia_ws/install/makerspet_loki/share/makerspet_loki/config/self_drive_gazebo.yaml\n'}
[3.207814] (makerspet_mini) StdoutLine: {'line': b'-- Symlinking: /home/duong/Arduino/ROS2_ServiceRobot/kaia_ws/install/makerspet_mini/share/makerspet_mini/config/self_drive_gazebo.yaml\n'}
[3.217326] (-) TimerEvent: {}
[3.226492] (makerspet_snoopy) StdoutLine: {'line': b'-- Symlinking: /home/duong/Arduino/ROS2_ServiceRobot/kaia_ws/install/makerspet_snoopy/share/makerspet_snoopy/config/README.md\n'}
[3.233639] (makerspet_mini) StdoutLine: {'line': b'-- Symlinking: /home/duong/Arduino/ROS2_ServiceRobot/kaia_ws/install/makerspet_mini/share/makerspet_mini/config/telem.yaml\n'}
[3.234775] (makerspet_loki) StdoutLine: {'line': b'-- Symlinking: /home/duong/Arduino/ROS2_ServiceRobot/kaia_ws/install/makerspet_loki/share/makerspet_loki/config/telem.yaml\n'}
[3.257683] (makerspet_snoopy) StdoutLine: {'line': b'-- Symlinking: /home/duong/Arduino/ROS2_ServiceRobot/kaia_ws/install/makerspet_snoopy/share/makerspet_snoopy/config/cartographer_lds_2d.lua\n'}
[3.259656] (makerspet_mini) StdoutLine: {'line': b'-- Symlinking: /home/duong/Arduino/ROS2_ServiceRobot/kaia_ws/install/makerspet_mini/share/makerspet_mini/config/teleop_keyboard.yaml\n'}
[3.260945] (makerspet_loki) StdoutLine: {'line': b'-- Symlinking: /home/duong/Arduino/ROS2_ServiceRobot/kaia_ws/install/makerspet_loki/share/makerspet_loki/config/teleop_keyboard.yaml\n'}
[3.273687] (makerspet_fido) StdoutLine: {'line': b'-- Override CMake install command with custom implementation using symlinks instead of copying resources\n'}
[3.286413] (makerspet_snoopy) StdoutLine: {'line': b'-- Symlinking: /home/duong/Arduino/ROS2_ServiceRobot/kaia_ws/install/makerspet_snoopy/share/makerspet_snoopy/config/etc/navigation_humble.yaml\n'}
[3.286892] (makerspet_loki) StdoutLine: {'line': b'-- Symlinking: /home/duong/Arduino/ROS2_ServiceRobot/kaia_ws/install/makerspet_loki/share/makerspet_loki/mesh/head.stl\n'}
[3.292041] (makerspet_mini) StdoutLine: {'line': b'-- Symlinking: /home/duong/Arduino/ROS2_ServiceRobot/kaia_ws/install/makerspet_mini/share/makerspet_mini/mesh/hemisphere.stl\n'}
[3.313108] (makerspet_loki) StdoutLine: {'line': b'-- Symlinking: /home/duong/Arduino/ROS2_ServiceRobot/kaia_ws/install/makerspet_loki/share/ament_index/resource_index/package_run_dependencies/makerspet_loki\n'}
[3.314357] (makerspet_snoopy) StdoutLine: {'line': b'-- Symlinking: /home/duong/Arduino/ROS2_ServiceRobot/kaia_ws/install/makerspet_snoopy/share/makerspet_snoopy/config/etc/navigation_iron.yaml\n'}
[3.317857] (makerspet_mini) StdoutLine: {'line': b'-- Symlinking: /home/duong/Arduino/ROS2_ServiceRobot/kaia_ws/install/makerspet_mini/share/ament_index/resource_index/package_run_dependencies/makerspet_mini\n'}
[3.318175] (-) TimerEvent: {}
[3.336844] (nav2_wfd) Command: {'cmd': ['/usr/bin/python3', '-W', 'ignore:setup.py install is deprecated', '-W', 'ignore:easy_install command is deprecated', 'setup.py', 'develop', '--editable', '--build-directory', '/home/duong/Arduino/ROS2_ServiceRobot/kaia_ws/build/nav2_wfd/build', '--no-deps', 'symlink_data'], 'cwd': '/home/duong/Arduino/ROS2_ServiceRobot/kaia_ws/build/nav2_wfd', 'env': {'SHLVL': '0', 'LD_LIBRARY_PATH': '/home/duong/Arduino/ROS2_ServiceRobot/uros_ws/install/micro_ros_agent/lib:/home/duong/Arduino/ROS2_ServiceRobot/uros_ws/install/micro_ros_msgs/lib:/home/duong/Arduino/ROS2_ServiceRobot/uros_ws/install/drive_base_msgs/lib:/usr/lib/x86_64-linux-gnu/gazebo-11/plugins:/opt/ros/iron/opt/rviz_ogre_vendor/lib:/opt/ros/iron/lib/x86_64-linux-gnu:/opt/ros/iron/lib', 'HOME': '/tmp', 'ROS_PYTHON_VERSION': '3', 'COLCON_PREFIX_PATH': '/home/duong/Arduino/ROS2_ServiceRobot/uros_ws/install', 'ROS_DISTRO': 'iron', '_': '/usr/bin/colcon', 'ROS_VERSION': '2', 'PATH': '/opt/ros/iron/bin:/usr/local/bin:/usr/bin:/bin', 'LANG': 'C.UTF-8', 'AMENT_PREFIX_PATH': '/home/duong/Arduino/ROS2_ServiceRobot/uros_ws/install/micro_ros_setup:/home/duong/Arduino/ROS2_ServiceRobot/uros_ws/install/micro_ros_agent:/home/duong/Arduino/ROS2_ServiceRobot/uros_ws/install/micro_ros_msgs:/home/duong/Arduino/ROS2_ServiceRobot/uros_ws/install/drive_base_msgs:/opt/ros/iron', 'ROS_AUTOMATIC_DISCOVERY_RANGE': 'SUBNET', 'PWD': '/home/duong/Arduino/ROS2_ServiceRobot/kaia_ws/build/nav2_wfd', 'LC_ALL': 'C.UTF-8', 'PYTHONPATH': '/home/duong/Arduino/ROS2_ServiceRobot/kaia_ws/build/nav2_wfd/prefix_override:/usr/lib/python3/dist-packages/colcon_core/task/python/colcon_distutils_commands:/home/duong/Arduino/ROS2_ServiceRobot/kaia_ws/install/nav2_wfd/lib/python3.10/site-packages:/home/duong/Arduino/ROS2_ServiceRobot/uros_ws/install/micro_ros_msgs/lib/python3.10/site-packages:/home/duong/Arduino/ROS2_ServiceRobot/uros_ws/install/drive_base_msgs/lib/python3.10/site-packages:/opt/ros/iron/lib/python3.10/site-packages', 'COLCON': '1', 'CMAKE_PREFIX_PATH': '/home/duong/Arduino/ROS2_ServiceRobot/uros_ws/install/micro_ros_setup:/home/duong/Arduino/ROS2_ServiceRobot/uros_ws/install/micro_ros_agent:/home/duong/Arduino/ROS2_ServiceRobot/uros_ws/install/micro_ros_msgs:/home/duong/Arduino/ROS2_ServiceRobot/uros_ws/install/drive_base_msgs'}, 'shell': False}
[3.351718] (kaiaai) Command: {'cmd': ['/usr/bin/python3', '-W', 'ignore:setup.py install is deprecated', '-W', 'ignore:easy_install command is deprecated', 'setup.py', 'develop', '--editable', '--build-directory', '/home/duong/Arduino/ROS2_ServiceRobot/kaia_ws/build/kaiaai/build', '--no-deps', 'symlink_data'], 'cwd': '/home/duong/Arduino/ROS2_ServiceRobot/kaia_ws/build/kaiaai', 'env': {'SHLVL': '0', 'LD_LIBRARY_PATH': '/home/duong/Arduino/ROS2_ServiceRobot/uros_ws/install/micro_ros_agent/lib:/home/duong/Arduino/ROS2_ServiceRobot/uros_ws/install/micro_ros_msgs/lib:/home/duong/Arduino/ROS2_ServiceRobot/uros_ws/install/drive_base_msgs/lib:/usr/lib/x86_64-linux-gnu/gazebo-11/plugins:/opt/ros/iron/opt/rviz_ogre_vendor/lib:/opt/ros/iron/lib/x86_64-linux-gnu:/opt/ros/iron/lib', 'HOME': '/tmp', 'ROS_PYTHON_VERSION': '3', 'COLCON_PREFIX_PATH': '/home/duong/Arduino/ROS2_ServiceRobot/uros_ws/install', 'ROS_DISTRO': 'iron', '_': '/usr/bin/colcon', 'ROS_VERSION': '2', 'PATH': '/opt/ros/iron/bin:/usr/local/bin:/usr/bin:/bin', 'LANG': 'C.UTF-8', 'AMENT_PREFIX_PATH': '/home/duong/Arduino/ROS2_ServiceRobot/uros_ws/install/micro_ros_setup:/home/duong/Arduino/ROS2_ServiceRobot/uros_ws/install/micro_ros_agent:/home/duong/Arduino/ROS2_ServiceRobot/uros_ws/install/micro_ros_msgs:/home/duong/Arduino/ROS2_ServiceRobot/uros_ws/install/drive_base_msgs:/opt/ros/iron', 'ROS_AUTOMATIC_DISCOVERY_RANGE': 'SUBNET', 'PWD': '/home/duong/Arduino/ROS2_ServiceRobot/kaia_ws/build/kaiaai', 'LC_ALL': 'C.UTF-8', 'PYTHONPATH': '/home/duong/Arduino/ROS2_ServiceRobot/kaia_ws/build/kaiaai/prefix_override:/usr/lib/python3/dist-packages/colcon_core/task/python/colcon_distutils_commands:/home/duong/Arduino/ROS2_ServiceRobot/kaia_ws/install/kaiaai/lib/python3.10/site-packages:/home/duong/Arduino/ROS2_ServiceRobot/uros_ws/install/micro_ros_msgs/lib/python3.10/site-packages:/home/duong/Arduino/ROS2_ServiceRobot/uros_ws/install/drive_base_msgs/lib/python3.10/site-packages:/opt/ros/iron/lib/python3.10/site-packages', 'COLCON': '1', 'CMAKE_PREFIX_PATH': '/home/duong/Arduino/ROS2_ServiceRobot/uros_ws/install/micro_ros_setup:/home/duong/Arduino/ROS2_ServiceRobot/uros_ws/install/micro_ros_agent:/home/duong/Arduino/ROS2_ServiceRobot/uros_ws/install/micro_ros_msgs:/home/duong/Arduino/ROS2_ServiceRobot/uros_ws/install/drive_base_msgs'}, 'shell': False}
[3.359721] (makerspet_snoopy) StdoutLine: {'line': b'-- Symlinking: /home/duong/Arduino/ROS2_ServiceRobot/kaia_ws/install/makerspet_snoopy/share/makerspet_snoopy/config/navigation.yaml\n'}
[3.360023] (makerspet_loki) StdoutLine: {'line': b'-- Symlinking: /home/duong/Arduino/ROS2_ServiceRobot/kaia_ws/install/makerspet_loki/share/ament_index/resource_index/parent_prefix_path/makerspet_loki\n'}
[3.360162] (makerspet_mini) StdoutLine: {'line': b'-- Symlinking: /home/duong/Arduino/ROS2_ServiceRobot/kaia_ws/install/makerspet_mini/share/ament_index/resource_index/parent_prefix_path/makerspet_mini\n'}
[3.360291] (kaiaai_web) Command: {'cmd': ['/usr/bin/python3', '-W', 'ignore:setup.py install is deprecated', '-W', 'ignore:easy_install command is deprecated', 'setup.py', 'develop', '--editable', '--build-directory', '/home/duong/Arduino/ROS2_ServiceRobot/kaia_ws/build/kaiaai_web/build', '--no-deps', 'symlink_data'], 'cwd': '/home/duong/Arduino/ROS2_ServiceRobot/kaia_ws/build/kaiaai_web', 'env': {'SHLVL': '0', 'LD_LIBRARY_PATH': '/home/duong/Arduino/ROS2_ServiceRobot/uros_ws/install/micro_ros_agent/lib:/home/duong/Arduino/ROS2_ServiceRobot/uros_ws/install/micro_ros_msgs/lib:/home/duong/Arduino/ROS2_ServiceRobot/uros_ws/install/drive_base_msgs/lib:/usr/lib/x86_64-linux-gnu/gazebo-11/plugins:/opt/ros/iron/opt/rviz_ogre_vendor/lib:/opt/ros/iron/lib/x86_64-linux-gnu:/opt/ros/iron/lib', 'HOME': '/tmp', 'ROS_PYTHON_VERSION': '3', 'COLCON_PREFIX_PATH': '/home/duong/Arduino/ROS2_ServiceRobot/uros_ws/install', 'ROS_DISTRO': 'iron', '_': '/usr/bin/colcon', 'ROS_VERSION': '2', 'PATH': '/opt/ros/iron/bin:/usr/local/bin:/usr/bin:/bin', 'LANG': 'C.UTF-8', 'AMENT_PREFIX_PATH': '/home/duong/Arduino/ROS2_ServiceRobot/uros_ws/install/micro_ros_setup:/home/duong/Arduino/ROS2_ServiceRobot/uros_ws/install/micro_ros_agent:/home/duong/Arduino/ROS2_ServiceRobot/uros_ws/install/micro_ros_msgs:/home/duong/Arduino/ROS2_ServiceRobot/uros_ws/install/drive_base_msgs:/opt/ros/iron', 'ROS_AUTOMATIC_DISCOVERY_RANGE': 'SUBNET', 'PWD': '/home/duong/Arduino/ROS2_ServiceRobot/kaia_ws/build/kaiaai_web', 'LC_ALL': 'C.UTF-8', 'PYTHONPATH': '/home/duong/Arduino/ROS2_ServiceRobot/kaia_ws/build/kaiaai_web/prefix_override:/usr/lib/python3/dist-packages/colcon_core/task/python/colcon_distutils_commands:/home/duong/Arduino/ROS2_ServiceRobot/kaia_ws/install/kaiaai_web/lib/python3.10/site-packages:/home/duong/Arduino/ROS2_ServiceRobot/uros_ws/install/micro_ros_msgs/lib/python3.10/site-packages:/home/duong/Arduino/ROS2_ServiceRobot/uros_ws/install/drive_base_msgs/lib/python3.10/site-packages:/opt/ros/iron/lib/python3.10/site-packages', 'COLCON': '1', 'CMAKE_PREFIX_PATH': '/home/duong/Arduino/ROS2_ServiceRobot/uros_ws/install/micro_ros_setup:/home/duong/Arduino/ROS2_ServiceRobot/uros_ws/install/micro_ros_agent:/home/duong/Arduino/ROS2_ServiceRobot/uros_ws/install/micro_ros_msgs:/home/duong/Arduino/ROS2_ServiceRobot/uros_ws/install/drive_base_msgs'}, 'shell': False}
[3.367517] (makerspet_fido) StdoutLine: {'line': b'-- Found urdf: 2.8.2 (/opt/ros/iron/share/urdf/cmake)\n'}
[3.368742] (makerspet_snoopy) StdoutLine: {'line': b'-- Symlinking: /home/duong/Arduino/ROS2_ServiceRobot/kaia_ws/install/makerspet_snoopy/share/makerspet_snoopy/config/self_drive_gazebo.yaml\n'}
[3.384211] (makerspet_mini) StdoutLine: {'line': b'-- Symlinking: /home/duong/Arduino/ROS2_ServiceRobot/kaia_ws/install/makerspet_mini/share/makerspet_mini/environment/ament_prefix_path.sh\n'}
[3.384518] (kaiaai_apps) Command: {'cmd': ['/usr/bin/python3', '-W', 'ignore:setup.py install is deprecated', '-W', 'ignore:easy_install command is deprecated', 'setup.py', 'develop', '--editable', '--build-directory', '/home/duong/Arduino/ROS2_ServiceRobot/kaia_ws/build/kaiaai_apps/build', '--no-deps', 'symlink_data'], 'cwd': '/home/duong/Arduino/ROS2_ServiceRobot/kaia_ws/build/kaiaai_apps', 'env': {'SHLVL': '0', 'LD_LIBRARY_PATH': '/home/duong/Arduino/ROS2_ServiceRobot/uros_ws/install/micro_ros_agent/lib:/home/duong/Arduino/ROS2_ServiceRobot/uros_ws/install/micro_ros_msgs/lib:/home/duong/Arduino/ROS2_ServiceRobot/uros_ws/install/drive_base_msgs/lib:/usr/lib/x86_64-linux-gnu/gazebo-11/plugins:/opt/ros/iron/opt/rviz_ogre_vendor/lib:/opt/ros/iron/lib/x86_64-linux-gnu:/opt/ros/iron/lib', 'HOME': '/tmp', 'ROS_PYTHON_VERSION': '3', 'COLCON_PREFIX_PATH': '/home/duong/Arduino/ROS2_ServiceRobot/uros_ws/install', 'ROS_DISTRO': 'iron', '_': '/usr/bin/colcon', 'ROS_VERSION': '2', 'PATH': '/opt/ros/iron/bin:/usr/local/bin:/usr/bin:/bin', 'LANG': 'C.UTF-8', 'AMENT_PREFIX_PATH': '/home/duong/Arduino/ROS2_ServiceRobot/uros_ws/install/micro_ros_setup:/home/duong/Arduino/ROS2_ServiceRobot/uros_ws/install/micro_ros_agent:/home/duong/Arduino/ROS2_ServiceRobot/uros_ws/install/micro_ros_msgs:/home/duong/Arduino/ROS2_ServiceRobot/uros_ws/install/drive_base_msgs:/opt/ros/iron', 'ROS_AUTOMATIC_DISCOVERY_RANGE': 'SUBNET', 'PWD': '/home/duong/Arduino/ROS2_ServiceRobot/kaia_ws/build/kaiaai_apps', 'LC_ALL': 'C.UTF-8', 'PYTHONPATH': '/home/duong/Arduino/ROS2_ServiceRobot/kaia_ws/build/kaiaai_apps/prefix_override:/usr/lib/python3/dist-packages/colcon_core/task/python/colcon_distutils_commands:/home/duong/Arduino/ROS2_ServiceRobot/kaia_ws/install/kaiaai_apps/lib/python3.10/site-packages:/home/duong/Arduino/ROS2_ServiceRobot/uros_ws/install/micro_ros_msgs/lib/python3.10/site-packages:/home/duong/Arduino/ROS2_ServiceRobot/uros_ws/install/drive_base_msgs/lib/python3.10/site-packages:/opt/ros/iron/lib/python3.10/site-packages', 'COLCON': '1', 'CMAKE_PREFIX_PATH': '/home/duong/Arduino/ROS2_ServiceRobot/uros_ws/install/micro_ros_setup:/home/duong/Arduino/ROS2_ServiceRobot/uros_ws/install/micro_ros_agent:/home/duong/Arduino/ROS2_ServiceRobot/uros_ws/install/micro_ros_msgs:/home/duong/Arduino/ROS2_ServiceRobot/uros_ws/install/drive_base_msgs'}, 'shell': False}
[3.392954] (makerspet_loki) StdoutLine: {'line': b'-- Symlinking: /home/duong/Arduino/ROS2_ServiceRobot/kaia_ws/install/makerspet_loki/share/makerspet_loki/environment/ament_prefix_path.sh\n'}
[3.393247] (kaiaai_teleop) Command: {'cmd': ['/usr/bin/python3', '-W', 'ignore:setup.py install is deprecated', '-W', 'ignore:easy_install command is deprecated', 'setup.py', 'develop', '--editable', '--build-directory', '/home/duong/Arduino/ROS2_ServiceRobot/kaia_ws/build/kaiaai_teleop/build', '--no-deps', 'symlink_data'], 'cwd': '/home/duong/Arduino/ROS2_ServiceRobot/kaia_ws/build/kaiaai_teleop', 'env': {'SHLVL': '0', 'LD_LIBRARY_PATH': '/home/duong/Arduino/ROS2_ServiceRobot/uros_ws/install/micro_ros_agent/lib:/home/duong/Arduino/ROS2_ServiceRobot/uros_ws/install/micro_ros_msgs/lib:/home/duong/Arduino/ROS2_ServiceRobot/uros_ws/install/drive_base_msgs/lib:/usr/lib/x86_64-linux-gnu/gazebo-11/plugins:/opt/ros/iron/opt/rviz_ogre_vendor/lib:/opt/ros/iron/lib/x86_64-linux-gnu:/opt/ros/iron/lib', 'HOME': '/tmp', 'ROS_PYTHON_VERSION': '3', 'COLCON_PREFIX_PATH': '/home/duong/Arduino/ROS2_ServiceRobot/uros_ws/install', 'ROS_DISTRO': 'iron', '_': '/usr/bin/colcon', 'ROS_VERSION': '2', 'PATH': '/opt/ros/iron/bin:/usr/local/bin:/usr/bin:/bin', 'LANG': 'C.UTF-8', 'AMENT_PREFIX_PATH': '/home/duong/Arduino/ROS2_ServiceRobot/uros_ws/install/micro_ros_setup:/home/duong/Arduino/ROS2_ServiceRobot/uros_ws/install/micro_ros_agent:/home/duong/Arduino/ROS2_ServiceRobot/uros_ws/install/micro_ros_msgs:/home/duong/Arduino/ROS2_ServiceRobot/uros_ws/install/drive_base_msgs:/opt/ros/iron', 'ROS_AUTOMATIC_DISCOVERY_RANGE': 'SUBNET', 'PWD': '/home/duong/Arduino/ROS2_ServiceRobot/kaia_ws/build/kaiaai_teleop', 'LC_ALL': 'C.UTF-8', 'PYTHONPATH': '/home/duong/Arduino/ROS2_ServiceRobot/kaia_ws/build/kaiaai_teleop/prefix_override:/usr/lib/python3/dist-packages/colcon_core/task/python/colcon_distutils_commands:/home/duong/Arduino/ROS2_ServiceRobot/kaia_ws/install/kaiaai_teleop/lib/python3.10/site-packages:/home/duong/Arduino/ROS2_ServiceRobot/uros_ws/install/micro_ros_msgs/lib/python3.10/site-packages:/home/duong/Arduino/ROS2_ServiceRobot/uros_ws/install/drive_base_msgs/lib/python3.10/site-packages:/opt/ros/iron/lib/python3.10/site-packages', 'COLCON': '1', 'CMAKE_PREFIX_PATH': '/home/duong/Arduino/ROS2_ServiceRobot/uros_ws/install/micro_ros_setup:/home/duong/Arduino/ROS2_ServiceRobot/uros_ws/install/micro_ros_agent:/home/duong/Arduino/ROS2_ServiceRobot/uros_ws/install/micro_ros_msgs:/home/duong/Arduino/ROS2_ServiceRobot/uros_ws/install/drive_base_msgs'}, 'shell': False}
[3.395407] (makerspet_snoopy) StdoutLine: {'line': b'-- Symlinking: /home/duong/Arduino/ROS2_ServiceRobot/kaia_ws/install/makerspet_snoopy/share/makerspet_snoopy/config/telem.yaml\n'}
[3.395692] (makerspet_mini) StdoutLine: {'line': b'-- Symlinking: /home/duong/Arduino/ROS2_ServiceRobot/kaia_ws/install/makerspet_mini/share/makerspet_mini/environment/ament_prefix_path.dsv\n'}
[3.415304] (makerspet_loki) StdoutLine: {'line': b'-- Symlinking: /home/duong/Arduino/ROS2_ServiceRobot/kaia_ws/install/makerspet_loki/share/makerspet_loki/environment/ament_prefix_path.dsv\n'}
[3.417268] (makerspet_mini) StdoutLine: {'line': b'-- Symlinking: /home/duong/Arduino/ROS2_ServiceRobot/kaia_ws/install/makerspet_mini/share/makerspet_mini/environment/path.sh\n'}
[3.418306] (-) TimerEvent: {}
[3.419420] (makerspet_snoopy) StdoutLine: {'line': b'-- Symlinking: /home/duong/Arduino/ROS2_ServiceRobot/kaia_ws/install/makerspet_snoopy/share/makerspet_snoopy/config/teleop_keyboard.yaml\n'}
[3.441901] (makerspet_mini) StdoutLine: {'line': b'-- Symlinking: /home/duong/Arduino/ROS2_ServiceRobot/kaia_ws/install/makerspet_mini/share/makerspet_mini/environment/path.dsv\n'}
[3.454696] (makerspet_loki) StdoutLine: {'line': b'-- Symlinking: /home/duong/Arduino/ROS2_ServiceRobot/kaia_ws/install/makerspet_loki/share/makerspet_loki/environment/path.sh\n'}
[3.454999] (makerspet_snoopy) StdoutLine: {'line': b'-- Symlinking: /home/duong/Arduino/ROS2_ServiceRobot/kaia_ws/install/makerspet_snoopy/share/makerspet_snoopy/mesh/half_sphere.stl\n'}
[3.465974] (makerspet_mini) StdoutLine: {'line': b'-- Symlinking: /home/duong/Arduino/ROS2_ServiceRobot/kaia_ws/install/makerspet_mini/share/makerspet_mini/local_setup.bash\n'}
[3.478199] (makerspet_loki) StdoutLine: {'line': b'-- Symlinking: /home/duong/Arduino/ROS2_ServiceRobot/kaia_ws/install/makerspet_loki/share/makerspet_loki/environment/path.dsv\n'}
[3.479434] (makerspet_snoopy) StdoutLine: {'line': b'-- Symlinking: /home/duong/Arduino/ROS2_ServiceRobot/kaia_ws/install/makerspet_snoopy/share/makerspet_snoopy/mesh/head.stl\n'}
[3.488356] (makerspet_mini) StdoutLine: {'line': b'-- Symlinking: /home/duong/Arduino/ROS2_ServiceRobot/kaia_ws/install/makerspet_mini/share/makerspet_mini/local_setup.sh\n'}
[3.505327] (makerspet_snoopy) StdoutLine: {'line': b'-- Symlinking: /home/duong/Arduino/ROS2_ServiceRobot/kaia_ws/install/makerspet_snoopy/share/makerspet_snoopy/mesh/quarter_sphere.stl\n'}
[3.505647] (makerspet_loki) StdoutLine: {'line': b'-- Symlinking: /home/duong/Arduino/ROS2_ServiceRobot/kaia_ws/install/makerspet_loki/share/makerspet_loki/local_setup.bash\n'}
[3.512331] (makerspet_mini) StdoutLine: {'line': b'-- Symlinking: /home/duong/Arduino/ROS2_ServiceRobot/kaia_ws/install/makerspet_mini/share/makerspet_mini/local_setup.zsh\n'}
[3.518313] (explore_lite) StdoutLine: {'line': b'-- Found std_msgs: 5.0.1 (/opt/ros/iron/share/std_msgs/cmake)\n'}
[3.518616] (-) TimerEvent: {}
[3.530092] (makerspet_loki) StdoutLine: {'line': b'-- Symlinking: /home/duong/Arduino/ROS2_ServiceRobot/kaia_ws/install/makerspet_loki/share/makerspet_loki/local_setup.sh\n'}
[3.536870] (makerspet_mini) StdoutLine: {'line': b'-- Symlinking: /home/duong/Arduino/ROS2_ServiceRobot/kaia_ws/install/makerspet_mini/share/makerspet_mini/local_setup.dsv\n'}
[3.537122] (makerspet_snoopy) StdoutLine: {'line': b'-- Symlinking: /home/duong/Arduino/ROS2_ServiceRobot/kaia_ws/install/makerspet_snoopy/share/makerspet_snoopy/mesh/quarter_sphere_100mm.stl\n'}
[3.551975] (auto_mapper) StdoutLine: {'line': b'-- Found sensor_msgs: 5.0.1 (/opt/ros/iron/share/sensor_msgs/cmake)\n'}
[3.554699] (makerspet_loki) StdoutLine: {'line': b'-- Symlinking: /home/duong/Arduino/ROS2_ServiceRobot/kaia_ws/install/makerspet_loki/share/makerspet_loki/local_setup.zsh\n'}
[3.558652] (makerspet_snoopy) StdoutLine: {'line': b'-- Symlinking: /home/duong/Arduino/ROS2_ServiceRobot/kaia_ws/install/makerspet_snoopy/share/makerspet_snoopy/mesh/quarter_sphere_150mm.stl\n'}
[3.562454] (makerspet_mini) StdoutLine: {'line': b'-- Symlinking: /home/duong/Arduino/ROS2_ServiceRobot/kaia_ws/install/makerspet_mini/share/makerspet_mini/package.dsv\n'}
[3.579048] (makerspet_loki) StdoutLine: {'line': b'-- Symlinking: /home/duong/Arduino/ROS2_ServiceRobot/kaia_ws/install/makerspet_loki/share/makerspet_loki/local_setup.dsv\n'}
[3.582016] (makerspet_snoopy) StdoutLine: {'line': b'-- Symlinking: /home/duong/Arduino/ROS2_ServiceRobot/kaia_ws/install/makerspet_snoopy/share/makerspet_snoopy/mesh/quarter_sphere_200mm.stl\n'}
[3.594656] (makerspet_mini) StdoutLine: {'line': b'-- Symlinking: /home/duong/Arduino/ROS2_ServiceRobot/kaia_ws/install/makerspet_mini/share/ament_index/resource_index/packages/makerspet_mini\n'}
[3.598853] (explore_lite) StdoutLine: {'line': b'-- Found sensor_msgs: 5.0.1 (/opt/ros/iron/share/sensor_msgs/cmake)\n'}
[3.614867] (makerspet_mini) StdoutLine: {'line': b'-- Symlinking: /home/duong/Arduino/ROS2_ServiceRobot/kaia_ws/install/makerspet_mini/share/makerspet_mini/cmake/makerspet_miniConfig.cmake\n'}
[3.618748] (-) TimerEvent: {}
[3.620706] (makerspet_loki) StdoutLine: {'line': b'-- Symlinking: /home/duong/Arduino/ROS2_ServiceRobot/kaia_ws/install/makerspet_loki/share/makerspet_loki/package.dsv\n'}
[3.627409] (makerspet_snoopy) StdoutLine: {'line': b'-- Symlinking: /home/duong/Arduino/ROS2_ServiceRobot/kaia_ws/install/makerspet_snoopy/share/makerspet_snoopy/mesh/quarter_sphere_250mm.stl\n'}
[3.638969] (makerspet_mini) StdoutLine: {'line': b'-- Symlinking: /home/duong/Arduino/ROS2_ServiceRobot/kaia_ws/install/makerspet_mini/share/makerspet_mini/cmake/makerspet_miniConfig-version.cmake\n'}
[3.643041] (makerspet_loki) StdoutLine: {'line': b'-- Symlinking: /home/duong/Arduino/ROS2_ServiceRobot/kaia_ws/install/makerspet_loki/share/ament_index/resource_index/packages/makerspet_loki\n'}
[3.652698] (makerspet_snoopy) StdoutLine: {'line': b'-- Symlinking: /home/duong/Arduino/ROS2_ServiceRobot/kaia_ws/install/makerspet_snoopy/share/makerspet_snoopy/mesh/quarter_sphere_270mm.stl\n'}
[3.670909] (makerspet_loki) StdoutLine: {'line': b'-- Symlinking: /home/duong/Arduino/ROS2_ServiceRobot/kaia_ws/install/makerspet_loki/share/makerspet_loki/cmake/makerspet_lokiConfig.cmake\n'}
[3.671171] (makerspet_mini) StdoutLine: {'line': b'-- Symlinking: /home/duong/Arduino/ROS2_ServiceRobot/kaia_ws/install/makerspet_mini/share/makerspet_mini/package.xml\n'}
[3.682398] (makerspet_snoopy) StdoutLine: {'line': b'-- Symlinking: /home/duong/Arduino/ROS2_ServiceRobot/kaia_ws/install/makerspet_snoopy/share/makerspet_snoopy/mesh/quarter_sphere_300mm.stl\n'}
[3.692738] (makerspet_fido) StdoutLine: {'line': b'-- Configuring done\n'}
[3.699842] (makerspet_fido) StdoutLine: {'line': b'-- Generating done\n'}
[3.700071] (makerspet_mini) CommandEnded: {'returncode': 0}
[3.718923] (-) TimerEvent: {}
[3.752403] (makerspet_mini) JobEnded: {'identifier': 'makerspet_mini', 'rc': 0}
[3.757837] (robot_serving_bot) JobStarted: {'identifier': 'robot_serving_bot'}
[3.765893] (makerspet_loki) StdoutLine: {'line': b'-- Symlinking: /home/duong/Arduino/ROS2_ServiceRobot/kaia_ws/install/makerspet_loki/share/makerspet_loki/cmake/makerspet_lokiConfig-version.cmake\n'}
[3.766150] (makerspet_loki) StdoutLine: {'line': b'-- Symlinking: /home/duong/Arduino/ROS2_ServiceRobot/kaia_ws/install/makerspet_loki/share/makerspet_loki/package.xml\n'}
[3.766274] (makerspet_fido) StdoutLine: {'line': b'-- Build files have been written to: /home/duong/Arduino/ROS2_ServiceRobot/kaia_ws/build/makerspet_fido\n'}
[3.766401] (makerspet_snoopy) StdoutLine: {'line': b'-- Symlinking: /home/duong/Arduino/ROS2_ServiceRobot/kaia_ws/install/makerspet_snoopy/share/makerspet_snoopy/mesh/quarter_sphere_350mm.stl\n'}
[3.766552] (makerspet_snoopy) StdoutLine: {'line': b'-- Symlinking: /home/duong/Arduino/ROS2_ServiceRobot/kaia_ws/install/makerspet_snoopy/share/ament_index/resource_index/package_run_dependencies/makerspet_snoopy\n'}
[3.771928] (makerspet_fido) CommandEnded: {'returncode': 0}
[3.772494] (makerspet_fido) JobProgress: {'identifier': 'makerspet_fido', 'progress': 'build'}
[3.772552] (makerspet_fido) Command: {'cmd': ['/usr/bin/cmake', '--build', '/home/duong/Arduino/ROS2_ServiceRobot/kaia_ws/build/makerspet_fido', '--', '-j12', '-l12'], 'cwd': '/home/duong/Arduino/ROS2_ServiceRobot/kaia_ws/build/makerspet_fido', 'env': OrderedDict([('SHLVL', '0'), ('LD_LIBRARY_PATH', '/home/duong/Arduino/ROS2_ServiceRobot/uros_ws/install/micro_ros_agent/lib:/home/duong/Arduino/ROS2_ServiceRobot/uros_ws/install/micro_ros_msgs/lib:/home/duong/Arduino/ROS2_ServiceRobot/uros_ws/install/drive_base_msgs/lib:/usr/lib/x86_64-linux-gnu/gazebo-11/plugins:/opt/ros/iron/opt/rviz_ogre_vendor/lib:/opt/ros/iron/lib/x86_64-linux-gnu:/opt/ros/iron/lib'), ('HOME', '/tmp'), ('ROS_PYTHON_VERSION', '3'), ('COLCON_PREFIX_PATH', '/home/duong/Arduino/ROS2_ServiceRobot/uros_ws/install'), ('ROS_DISTRO', 'iron'), ('_', '/usr/bin/colcon'), ('ROS_VERSION', '2'), ('PATH', '/opt/ros/iron/bin:/usr/local/bin:/usr/bin:/bin'), ('LANG', 'C.UTF-8'), ('AMENT_PREFIX_PATH', '/home/duong/Arduino/ROS2_ServiceRobot/uros_ws/install/micro_ros_setup:/home/duong/Arduino/ROS2_ServiceRobot/uros_ws/install/micro_ros_agent:/home/duong/Arduino/ROS2_ServiceRobot/uros_ws/install/micro_ros_msgs:/home/duong/Arduino/ROS2_ServiceRobot/uros_ws/install/drive_base_msgs:/opt/ros/iron'), ('ROS_AUTOMATIC_DISCOVERY_RANGE', 'SUBNET'), ('PWD', '/home/duong/Arduino/ROS2_ServiceRobot/kaia_ws/build/makerspet_fido'), ('LC_ALL', 'C.UTF-8'), ('PYTHONPATH', '/home/duong/Arduino/ROS2_ServiceRobot/uros_ws/install/micro_ros_msgs/lib/python3.10/site-packages:/home/duong/Arduino/ROS2_ServiceRobot/uros_ws/install/drive_base_msgs/lib/python3.10/site-packages:/opt/ros/iron/lib/python3.10/site-packages'), ('COLCON', '1'), ('CMAKE_PREFIX_PATH', '/home/duong/Arduino/ROS2_ServiceRobot/uros_ws/install/micro_ros_setup:/home/duong/Arduino/ROS2_ServiceRobot/uros_ws/install/micro_ros_agent:/home/duong/Arduino/ROS2_ServiceRobot/uros_ws/install/micro_ros_msgs:/home/duong/Arduino/ROS2_ServiceRobot/uros_ws/install/drive_base_msgs:/opt/ros/iron')]), 'shell': False}
[3.777136] (makerspet_loki) CommandEnded: {'returncode': 0}
[3.812390] (makerspet_loki) JobEnded: {'identifier': 'makerspet_loki', 'rc': 0}
[3.813506] (makerspet_snoopy) StdoutLine: {'line': b'-- Symlinking: /home/duong/Arduino/ROS2_ServiceRobot/kaia_ws/install/makerspet_snoopy/share/ament_index/resource_index/parent_prefix_path/makerspet_snoopy\n'}
[3.814374] (makerspet_snoopy) StdoutLine: {'line': b'-- Symlinking: /home/duong/Arduino/ROS2_ServiceRobot/kaia_ws/install/makerspet_snoopy/share/makerspet_snoopy/environment/ament_prefix_path.sh\n'}
[3.815478] (robot_serving_bot) JobProgress: {'identifier': 'robot_serving_bot', 'progress': 'cmake'}
[3.816737] (robot_serving_bot) Command: {'cmd': ['/usr/bin/cmake', '/home/duong/Arduino/ROS2_ServiceRobot/kaia_ws/src/robot_serving_bot', '-DAMENT_CMAKE_SYMLINK_INSTALL=1', '-DCMAKE_INSTALL_PREFIX=/home/duong/Arduino/ROS2_ServiceRobot/kaia_ws/install/robot_serving_bot'], 'cwd': '/home/duong/Arduino/ROS2_ServiceRobot/kaia_ws/build/robot_serving_bot', 'env': OrderedDict([('SHLVL', '0'), ('LD_LIBRARY_PATH', '/home/duong/Arduino/ROS2_ServiceRobot/uros_ws/install/micro_ros_agent/lib:/home/duong/Arduino/ROS2_ServiceRobot/uros_ws/install/micro_ros_msgs/lib:/home/duong/Arduino/ROS2_ServiceRobot/uros_ws/install/drive_base_msgs/lib:/usr/lib/x86_64-linux-gnu/gazebo-11/plugins:/opt/ros/iron/opt/rviz_ogre_vendor/lib:/opt/ros/iron/lib/x86_64-linux-gnu:/opt/ros/iron/lib'), ('HOME', '/tmp'), ('ROS_PYTHON_VERSION', '3'), ('COLCON_PREFIX_PATH', '/home/duong/Arduino/ROS2_ServiceRobot/uros_ws/install'), ('ROS_DISTRO', 'iron'), ('_', '/usr/bin/colcon'), ('ROS_VERSION', '2'), ('PATH', '/opt/ros/iron/bin:/usr/local/bin:/usr/bin:/bin'), ('LANG', 'C.UTF-8'), ('AMENT_PREFIX_PATH', '/home/duong/Arduino/ROS2_ServiceRobot/uros_ws/install/micro_ros_setup:/home/duong/Arduino/ROS2_ServiceRobot/uros_ws/install/micro_ros_agent:/home/duong/Arduino/ROS2_ServiceRobot/uros_ws/install/micro_ros_msgs:/home/duong/Arduino/ROS2_ServiceRobot/uros_ws/install/drive_base_msgs:/opt/ros/iron'), ('ROS_AUTOMATIC_DISCOVERY_RANGE', 'SUBNET'), ('PWD', '/home/duong/Arduino/ROS2_ServiceRobot/kaia_ws/build/robot_serving_bot'), ('LC_ALL', 'C.UTF-8'), ('PYTHONPATH', '/home/duong/Arduino/ROS2_ServiceRobot/uros_ws/install/micro_ros_msgs/lib/python3.10/site-packages:/home/duong/Arduino/ROS2_ServiceRobot/uros_ws/install/drive_base_msgs/lib/python3.10/site-packages:/opt/ros/iron/lib/python3.10/site-packages'), ('COLCON', '1'), ('CMAKE_PREFIX_PATH', '/home/duong/Arduino/ROS2_ServiceRobot/uros_ws/install/micro_ros_setup:/home/duong/Arduino/ROS2_ServiceRobot/uros_ws/install/micro_ros_agent:/home/duong/Arduino/ROS2_ServiceRobot/uros_ws/install/micro_ros_msgs:/home/duong/Arduino/ROS2_ServiceRobot/uros_ws/install/drive_base_msgs:/opt/ros/iron')]), 'shell': False}
[3.819490] (-) TimerEvent: {}
[3.822505] (makerspet_snoopy) StdoutLine: {'line': b'-- Symlinking: /home/duong/Arduino/ROS2_ServiceRobot/kaia_ws/install/makerspet_snoopy/share/makerspet_snoopy/environment/ament_prefix_path.dsv\n'}
[3.840661] (nav2_wfd) StderrLine: {'line': b"/usr/lib/python3/dist-packages/setuptools/dist.py:723: UserWarning: Usage of dash-separated 'script-dir' will not be supported in future versions. Please use the underscore name 'script_dir' instead\n"}
[3.841023] (nav2_wfd) StderrLine: {'line': b'  warnings.warn(\n'}
[3.845903] (makerspet_snoopy) StdoutLine: {'line': b'-- Symlinking: /home/duong/Arduino/ROS2_ServiceRobot/kaia_ws/install/makerspet_snoopy/share/makerspet_snoopy/environment/path.sh\n'}
[3.870211] (makerspet_snoopy) StdoutLine: {'line': b'-- Symlinking: /home/duong/Arduino/ROS2_ServiceRobot/kaia_ws/install/makerspet_snoopy/share/makerspet_snoopy/environment/path.dsv\n'}
[3.870461] (makerspet_fido) CommandEnded: {'returncode': 0}
[3.877736] (makerspet_fido) JobProgress: {'identifier': 'makerspet_fido', 'progress': 'install'}
[3.878660] (makerspet_fido) Command: {'cmd': ['/usr/bin/cmake', '--install', '/home/duong/Arduino/ROS2_ServiceRobot/kaia_ws/build/makerspet_fido'], 'cwd': '/home/duong/Arduino/ROS2_ServiceRobot/kaia_ws/build/makerspet_fido', 'env': OrderedDict([('SHLVL', '0'), ('LD_LIBRARY_PATH', '/home/duong/Arduino/ROS2_ServiceRobot/uros_ws/install/micro_ros_agent/lib:/home/duong/Arduino/ROS2_ServiceRobot/uros_ws/install/micro_ros_msgs/lib:/home/duong/Arduino/ROS2_ServiceRobot/uros_ws/install/drive_base_msgs/lib:/usr/lib/x86_64-linux-gnu/gazebo-11/plugins:/opt/ros/iron/opt/rviz_ogre_vendor/lib:/opt/ros/iron/lib/x86_64-linux-gnu:/opt/ros/iron/lib'), ('HOME', '/tmp'), ('ROS_PYTHON_VERSION', '3'), ('COLCON_PREFIX_PATH', '/home/duong/Arduino/ROS2_ServiceRobot/uros_ws/install'), ('ROS_DISTRO', 'iron'), ('_', '/usr/bin/colcon'), ('ROS_VERSION', '2'), ('PATH', '/opt/ros/iron/bin:/usr/local/bin:/usr/bin:/bin'), ('LANG', 'C.UTF-8'), ('AMENT_PREFIX_PATH', '/home/duong/Arduino/ROS2_ServiceRobot/uros_ws/install/micro_ros_setup:/home/duong/Arduino/ROS2_ServiceRobot/uros_ws/install/micro_ros_agent:/home/duong/Arduino/ROS2_ServiceRobot/uros_ws/install/micro_ros_msgs:/home/duong/Arduino/ROS2_ServiceRobot/uros_ws/install/drive_base_msgs:/opt/ros/iron'), ('ROS_AUTOMATIC_DISCOVERY_RANGE', 'SUBNET'), ('PWD', '/home/duong/Arduino/ROS2_ServiceRobot/kaia_ws/build/makerspet_fido'), ('LC_ALL', 'C.UTF-8'), ('PYTHONPATH', '/home/duong/Arduino/ROS2_ServiceRobot/uros_ws/install/micro_ros_msgs/lib/python3.10/site-packages:/home/duong/Arduino/ROS2_ServiceRobot/uros_ws/install/drive_base_msgs/lib/python3.10/site-packages:/opt/ros/iron/lib/python3.10/site-packages'), ('COLCON', '1'), ('CMAKE_PREFIX_PATH', '/home/duong/Arduino/ROS2_ServiceRobot/uros_ws/install/micro_ros_setup:/home/duong/Arduino/ROS2_ServiceRobot/uros_ws/install/micro_ros_agent:/home/duong/Arduino/ROS2_ServiceRobot/uros_ws/install/micro_ros_msgs:/home/duong/Arduino/ROS2_ServiceRobot/uros_ws/install/drive_base_msgs:/opt/ros/iron')]), 'shell': False}
[3.892037] (makerspet_fido) StdoutLine: {'line': b'-- Install configuration: ""\n'}
[3.892493] (makerspet_snoopy) StdoutLine: {'line': b'-- Symlinking: /home/duong/Arduino/ROS2_ServiceRobot/kaia_ws/install/makerspet_snoopy/share/makerspet_snoopy/local_setup.bash\n'}
[3.895199] (makerspet_fido) StdoutLine: {'line': b'-- Execute custom install script\n'}
[3.898188] (makerspet_fido) StdoutLine: {'line': b'-- Symlinking: /home/duong/Arduino/ROS2_ServiceRobot/kaia_ws/install/makerspet_fido/share/makerspet_fido/rviz/cartographer.rviz\n'}
[3.910106] (nav2_wfd) StdoutLine: {'line': b'running develop\n'}
[3.919616] (makerspet_snoopy) StdoutLine: {'line': b'-- Symlinking: /home/duong/Arduino/ROS2_ServiceRobot/kaia_ws/install/makerspet_snoopy/share/makerspet_snoopy/local_setup.sh\n'}
[3.919897] (-) TimerEvent: {}
[3.929656] (makerspet_fido) StdoutLine: {'line': b'-- Symlinking: /home/duong/Arduino/ROS2_ServiceRobot/kaia_ws/install/makerspet_fido/share/makerspet_fido/rviz/gazebo.rviz\n'}
[3.948329] (makerspet_snoopy) StdoutLine: {'line': b'-- Symlinking: /home/duong/Arduino/ROS2_ServiceRobot/kaia_ws/install/makerspet_snoopy/share/makerspet_snoopy/local_setup.zsh\n'}
[3.967828] (kaiaai) StdoutLine: {'line': b'running develop\n'}
[3.971297] (makerspet_fido) StdoutLine: {'line': b'-- Symlinking: /home/duong/Arduino/ROS2_ServiceRobot/kaia_ws/install/makerspet_fido/share/makerspet_fido/rviz/inspect_urdf.rviz\n'}
[3.971716] (makerspet_snoopy) StdoutLine: {'line': b'-- Symlinking: /home/duong/Arduino/ROS2_ServiceRobot/kaia_ws/install/makerspet_snoopy/share/makerspet_snoopy/local_setup.dsv\n'}
[4.016739] (kaiaai_apps) StdoutLine: {'line': b'running develop\n'}
[4.018306] (makerspet_fido) StdoutLine: {'line': b'-- Symlinking: /home/duong/Arduino/ROS2_ServiceRobot/kaia_ws/install/makerspet_fido/share/makerspet_fido/rviz/monitor_robot.rviz\n'}
[4.020034] (-) TimerEvent: {}
[4.022963] (makerspet_snoopy) StdoutLine: {'line': b'-- Symlinking: /home/duong/Arduino/ROS2_ServiceRobot/kaia_ws/install/makerspet_snoopy/share/makerspet_snoopy/package.dsv\n'}
[4.033546] (robot_serving_bot) StdoutLine: {'line': b'-- The C compiler identification is GNU 11.4.0\n'}
[4.039733] (kaiaai_web) StdoutLine: {'line': b'running develop\n'}
[4.042978] (makerspet_fido) StdoutLine: {'line': b'-- Symlinking: /home/duong/Arduino/ROS2_ServiceRobot/kaia_ws/install/makerspet_fido/share/makerspet_fido/rviz/navigation.rviz\n'}
[4.055733] (makerspet_snoopy) StdoutLine: {'line': b'-- Symlinking: /home/duong/Arduino/ROS2_ServiceRobot/kaia_ws/install/makerspet_snoopy/share/ament_index/resource_index/packages/makerspet_snoopy\n'}
[4.060057] (explore_lite) StdoutLine: {'line': b'-- Found tf2_ros: 0.31.8 (/opt/ros/iron/share/tf2_ros/cmake)\n'}
[4.065435] (makerspet_fido) StdoutLine: {'line': b'-- Symlinking: /home/duong/Arduino/ROS2_ServiceRobot/kaia_ws/install/makerspet_fido/share/makerspet_fido/urdf/README.md\n'}
[4.079214] (makerspet_snoopy) StdoutLine: {'line': b'-- Symlinking: /home/duong/Arduino/ROS2_ServiceRobot/kaia_ws/install/makerspet_snoopy/share/makerspet_snoopy/cmake/makerspet_snoopyConfig.cmake\n'}
[4.081548] (kaiaai_teleop) StdoutLine: {'line': b'running develop\n'}
[4.091414] (makerspet_fido) StdoutLine: {'line': b'-- Symlinking: /home/duong/Arduino/ROS2_ServiceRobot/kaia_ws/install/makerspet_fido/share/makerspet_fido/urdf/robot.urdf.xacro\n'}
[4.108476] (makerspet_snoopy) StdoutLine: {'line': b'-- Symlinking: /home/duong/Arduino/ROS2_ServiceRobot/kaia_ws/install/makerspet_snoopy/share/makerspet_snoopy/cmake/makerspet_snoopyConfig-version.cmake\n'}
[4.111248] (makerspet_fido) StdoutLine: {'line': b'-- Symlinking: /home/duong/Arduino/ROS2_ServiceRobot/kaia_ws/install/makerspet_fido/share/makerspet_fido/sdf/makerspet_fido/mesh/head.stl\n'}
[4.120889] (-) TimerEvent: {}
[4.132933] (makerspet_snoopy) StdoutLine: {'line': b'-- Symlinking: /home/duong/Arduino/ROS2_ServiceRobot/kaia_ws/install/makerspet_snoopy/share/makerspet_snoopy/package.xml\n'}
[4.138656] (makerspet_fido) StdoutLine: {'line': b'-- Symlinking: /home/duong/Arduino/ROS2_ServiceRobot/kaia_ws/install/makerspet_fido/share/makerspet_fido/sdf/makerspet_fido/model.config\n'}
[4.160926] (makerspet_fido) StdoutLine: {'line': b'-- Symlinking: /home/duong/Arduino/ROS2_ServiceRobot/kaia_ws/install/makerspet_fido/share/makerspet_fido/sdf/makerspet_fido/model.sdf\n'}
[4.161591] (makerspet_snoopy) CommandEnded: {'returncode': 0}
[4.196022] (makerspet_snoopy) JobEnded: {'identifier': 'makerspet_snoopy', 'rc': 0}
[4.196600] (kaiaai_msgs) StdoutLine: {'line': b'-- Using all available rosidl_typesupport_c: rosidl_typesupport_fastrtps_c;rosidl_typesupport_introspection_c\n'}
[4.196795] (makerspet_fido) StdoutLine: {'line': b'-- Symlinking: /home/duong/Arduino/ROS2_ServiceRobot/kaia_ws/install/makerspet_fido/share/makerspet_fido/config/README.md\n'}
[4.199099] (robot_serving_bot) StdoutLine: {'line': b'-- The CXX compiler identification is GNU 11.4.0\n'}
[4.207255] (auto_mapper) StdoutLine: {'line': b'-- Found nav_msgs: 5.0.1 (/opt/ros/iron/share/nav_msgs/cmake)\n'}
[4.209365] (makerspet_fido) StdoutLine: {'line': b'-- Symlinking: /home/duong/Arduino/ROS2_ServiceRobot/kaia_ws/install/makerspet_fido/share/makerspet_fido/config/cartographer_lds_2d.lua\n'}
[4.216917] (robot_serving_bot) StdoutLine: {'line': b'-- Detecting C compiler ABI info\n'}
[4.221005] (-) TimerEvent: {}
[4.231110] (makerspet_fido) StdoutLine: {'line': b'-- Symlinking: /home/duong/Arduino/ROS2_ServiceRobot/kaia_ws/install/makerspet_fido/share/makerspet_fido/config/etc/navigation_humble.yaml\n'}
[4.251409] (makerspet_fido) StdoutLine: {'line': b'-- Symlinking: /home/duong/Arduino/ROS2_ServiceRobot/kaia_ws/install/makerspet_fido/share/makerspet_fido/config/etc/navigation_iron.yaml\n'}
[4.282524] (nav2_wfd) StdoutLine: {'line': b'running egg_info\n'}
[4.282842] (nav2_wfd) StdoutLine: {'line': b'creating nav2_wfd.egg-info\n'}
[4.282980] (nav2_wfd) StdoutLine: {'line': b'writing nav2_wfd.egg-info/PKG-INFO\n'}
[4.283104] (nav2_wfd) StdoutLine: {'line': b'writing dependency_links to nav2_wfd.egg-info/dependency_links.txt\n'}
[4.283224] (nav2_wfd) StdoutLine: {'line': b'writing entry points to nav2_wfd.egg-info/entry_points.txt\n'}
[4.283369] (nav2_wfd) StdoutLine: {'line': b'writing requirements to nav2_wfd.egg-info/requires.txt\n'}
[4.283491] (nav2_wfd) StdoutLine: {'line': b'writing top-level names to nav2_wfd.egg-info/top_level.txt\n'}
[4.283945] (nav2_wfd) StdoutLine: {'line': b"writing manifest file 'nav2_wfd.egg-info/SOURCES.txt'\n"}
[4.284108] (makerspet_fido) StdoutLine: {'line': b'-- Symlinking: /home/duong/Arduino/ROS2_ServiceRobot/kaia_ws/install/makerspet_fido/share/makerspet_fido/config/navigation.yaml\n'}
[4.284246] (nav2_wfd) StdoutLine: {'line': b"reading manifest file 'nav2_wfd.egg-info/SOURCES.txt'\n"}
[4.286055] (nav2_wfd) StdoutLine: {'line': b"writing manifest file 'nav2_wfd.egg-info/SOURCES.txt'\n"}
[4.289319] (nav2_wfd) StdoutLine: {'line': b'running build_ext\n'}
[4.290244] (nav2_wfd) StdoutLine: {'line': b'Creating /home/duong/Arduino/ROS2_ServiceRobot/kaia_ws/install/nav2_wfd/lib/python3.10/site-packages/nav2-wfd.egg-link (link to .)\n'}
[4.292215] (nav2_wfd) StdoutLine: {'line': b'Installing explore script to /home/duong/Arduino/ROS2_ServiceRobot/kaia_ws/install/nav2_wfd/lib/nav2_wfd\n'}
[4.293699] (nav2_wfd) StdoutLine: {'line': b'\n'}
[4.293941] (nav2_wfd) StdoutLine: {'line': b'Installed /home/duong/Arduino/ROS2_ServiceRobot/kaia_ws/build/nav2_wfd\n'}
[4.297768] (nav2_wfd) StdoutLine: {'line': b'running symlink_data\n'}
[4.299020] (nav2_wfd) StdoutLine: {'line': b'creating /home/duong/Arduino/ROS2_ServiceRobot/kaia_ws/install/nav2_wfd/share/ament_index\n'}
[4.299277] (nav2_wfd) StdoutLine: {'line': b'creating /home/duong/Arduino/ROS2_ServiceRobot/kaia_ws/install/nav2_wfd/share/ament_index/resource_index\n'}
[4.299394] (nav2_wfd) StdoutLine: {'line': b'creating /home/duong/Arduino/ROS2_ServiceRobot/kaia_ws/install/nav2_wfd/share/ament_index/resource_index/packages\n'}
[4.299500] (nav2_wfd) StdoutLine: {'line': b'symbolically linking /home/duong/Arduino/ROS2_ServiceRobot/kaia_ws/build/nav2_wfd/resource/nav2_wfd -> /home/duong/Arduino/ROS2_ServiceRobot/kaia_ws/install/nav2_wfd/share/ament_index/resource_index/packages\n'}
[4.299633] (nav2_wfd) StdoutLine: {'line': b'symbolically linking /home/duong/Arduino/ROS2_ServiceRobot/kaia_ws/build/nav2_wfd/package.xml -> /home/duong/Arduino/ROS2_ServiceRobot/kaia_ws/install/nav2_wfd/share/nav2_wfd\n'}
[4.305115] (makerspet_fido) StdoutLine: {'line': b'-- Symlinking: /home/duong/Arduino/ROS2_ServiceRobot/kaia_ws/install/makerspet_fido/share/makerspet_fido/config/self_drive_gazebo.yaml\n'}
[4.321683] (kaiaai) StdoutLine: {'line': b'running egg_info\n'}
[4.322287] (-) TimerEvent: {}
[4.322337] (kaiaai) StdoutLine: {'line': b'creating kaiaai.egg-info\n'}
[4.322646] (kaiaai) StdoutLine: {'line': b'writing kaiaai.egg-info/PKG-INFO\n'}
[4.326092] (kaiaai) StdoutLine: {'line': b'writing dependency_links to kaiaai.egg-info/dependency_links.txt\n'}
[4.326219] (kaiaai) StdoutLine: {'line': b'writing entry points to kaiaai.egg-info/entry_points.txt\n'}
[4.326328] (kaiaai) StdoutLine: {'line': b'writing requirements to kaiaai.egg-info/requires.txt\n'}
[4.326439] (kaiaai) StdoutLine: {'line': b'writing top-level names to kaiaai.egg-info/top_level.txt\n'}
[4.326550] (kaiaai) StdoutLine: {'line': b"writing manifest file 'kaiaai.egg-info/SOURCES.txt'\n"}
[4.327092] (makerspet_fido) StdoutLine: {'line': b'-- Symlinking: /home/duong/Arduino/ROS2_ServiceRobot/kaia_ws/install/makerspet_fido/share/makerspet_fido/config/telem.yaml\n'}
[4.327223] (kaiaai) StdoutLine: {'line': b"reading manifest file 'kaiaai.egg-info/SOURCES.txt'\n"}
[4.327801] (kaiaai) StdoutLine: {'line': b"writing manifest file 'kaiaai.egg-info/SOURCES.txt'\n"}
[4.330719] (kaiaai) StdoutLine: {'line': b'running build_ext\n'}
[4.333295] (kaiaai) StdoutLine: {'line': b'Creating /home/duong/Arduino/ROS2_ServiceRobot/kaia_ws/install/kaiaai/lib/python3.10/site-packages/kaiaai.egg-link (link to .)\n'}
[4.333799] (kaiaai) StdoutLine: {'line': b'Installing cli script to /home/duong/Arduino/ROS2_ServiceRobot/kaia_ws/install/kaiaai/lib/kaiaai\n'}
[4.334282] (kaiaai) StdoutLine: {'line': b'\n'}
[4.334694] (kaiaai) StdoutLine: {'line': b'Installed /home/duong/Arduino/ROS2_ServiceRobot/kaia_ws/build/kaiaai\n'}
[4.334984] (kaiaai) StdoutLine: {'line': b'running symlink_data\n'}
[4.335095] (kaiaai) StdoutLine: {'line': b'creating /home/duong/Arduino/ROS2_ServiceRobot/kaia_ws/install/kaiaai/share/ament_index\n'}
[4.335195] (kaiaai) StdoutLine: {'line': b'creating /home/duong/Arduino/ROS2_ServiceRobot/kaia_ws/install/kaiaai/share/ament_index/resource_index\n'}
[4.335443] (kaiaai) StdoutLine: {'line': b'creating /home/duong/Arduino/ROS2_ServiceRobot/kaia_ws/install/kaiaai/share/ament_index/resource_index/packages\n'}
[4.335570] (kaiaai) StdoutLine: {'line': b'symbolically linking /home/duong/Arduino/ROS2_ServiceRobot/kaia_ws/build/kaiaai/resource/kaiaai -> /home/duong/Arduino/ROS2_ServiceRobot/kaia_ws/install/kaiaai/share/ament_index/resource_index/packages\n'}
[4.335697] (kaiaai) StdoutLine: {'line': b'symbolically linking /home/duong/Arduino/ROS2_ServiceRobot/kaia_ws/build/kaiaai/package.xml -> /home/duong/Arduino/ROS2_ServiceRobot/kaia_ws/install/kaiaai/share/kaiaai\n'}
[4.345451] (makerspet_fido) StdoutLine: {'line': b'-- Symlinking: /home/duong/Arduino/ROS2_ServiceRobot/kaia_ws/install/makerspet_fido/share/makerspet_fido/config/teleop_keyboard.yaml\n'}
[4.369665] (makerspet_fido) StdoutLine: {'line': b'-- Symlinking: /home/duong/Arduino/ROS2_ServiceRobot/kaia_ws/install/makerspet_fido/share/makerspet_fido/mesh/head.stl\n'}
[4.390926] (makerspet_fido) StdoutLine: {'line': b'-- Symlinking: /home/duong/Arduino/ROS2_ServiceRobot/kaia_ws/install/makerspet_fido/share/ament_index/resource_index/package_run_dependencies/makerspet_fido\n'}
[4.391502] (nav2_wfd) CommandEnded: {'returncode': 0}
[4.406543] (nav2_wfd) JobEnded: {'identifier': 'nav2_wfd', 'rc': 0}
[4.407580] (kaiaai_apps) StdoutLine: {'line': b'running egg_info\n'}
[4.407780] (kaiaai_apps) StdoutLine: {'line': b'creating kaiaai_apps.egg-info\n'}
[4.407857] (kaiaai_apps) StdoutLine: {'line': b'writing kaiaai_apps.egg-info/PKG-INFO\n'}
[4.407928] (kaiaai_apps) StdoutLine: {'line': b'writing dependency_links to kaiaai_apps.egg-info/dependency_links.txt\n'}
[4.407999] (kaiaai_apps) StdoutLine: {'line': b'writing entry points to kaiaai_apps.egg-info/entry_points.txt\n'}
[4.408067] (kaiaai_apps) StdoutLine: {'line': b'writing requirements to kaiaai_apps.egg-info/requires.txt\n'}
[4.408136] (kaiaai_apps) StdoutLine: {'line': b'writing top-level names to kaiaai_apps.egg-info/top_level.txt\n'}
[4.408219] (kaiaai_apps) StdoutLine: {'line': b"writing manifest file 'kaiaai_apps.egg-info/SOURCES.txt'\n"}
[4.408314] (kaiaai_apps) StdoutLine: {'line': b"reading manifest file 'kaiaai_apps.egg-info/SOURCES.txt'\n"}
[4.408393] (kaiaai_apps) StdoutLine: {'line': b"writing manifest file 'kaiaai_apps.egg-info/SOURCES.txt'\n"}
[4.408461] (kaiaai_apps) StdoutLine: {'line': b'running build_ext\n'}
[4.408529] (kaiaai_apps) StdoutLine: {'line': b'Creating /home/duong/Arduino/ROS2_ServiceRobot/kaia_ws/install/kaiaai_apps/lib/python3.10/site-packages/kaiaai-apps.egg-link (link to .)\n'}
[4.408687] (kaiaai_apps) StdoutLine: {'line': b'Installing explore_wfe script to /home/duong/Arduino/ROS2_ServiceRobot/kaia_ws/install/kaiaai_apps/lib/kaiaai_apps\n'}
[4.408797] (kaiaai_apps) StdoutLine: {'line': b'Installing get_map script to /home/duong/Arduino/ROS2_ServiceRobot/kaia_ws/install/kaiaai_apps/lib/kaiaai_apps\n'}
[4.408898] (kaiaai_apps) StdoutLine: {'line': b'Installing get_map_pos script to /home/duong/Arduino/ROS2_ServiceRobot/kaia_ws/install/kaiaai_apps/lib/kaiaai_apps\n'}
[4.408994] (kaiaai_apps) StdoutLine: {'line': b'Installing get_model_params script to /home/duong/Arduino/ROS2_ServiceRobot/kaia_ws/install/kaiaai_apps/lib/kaiaai_apps\n'}
[4.409093] (kaiaai_apps) StdoutLine: {'line': b'Installing load_map script to /home/duong/Arduino/ROS2_ServiceRobot/kaia_ws/install/kaiaai_apps/lib/kaiaai_apps\n'}
[4.409195] (kaiaai_apps) StdoutLine: {'line': b'Installing multi_waypoints script to /home/duong/Arduino/ROS2_ServiceRobot/kaia_ws/install/kaiaai_apps/lib/kaiaai_apps\n'}
[4.409304] (kaiaai_apps) StdoutLine: {'line': b'Installing nav_params script to /home/duong/Arduino/ROS2_ServiceRobot/kaia_ws/install/kaiaai_apps/lib/kaiaai_apps\n'}
[4.410699] (kaiaai_apps) StdoutLine: {'line': b'Installing nav_to_pose script to /home/duong/Arduino/ROS2_ServiceRobot/kaia_ws/install/kaiaai_apps/lib/kaiaai_apps\n'}
[4.410885] (kaiaai_apps) StdoutLine: {'line': b'Installing param_client script to /home/duong/Arduino/ROS2_ServiceRobot/kaia_ws/install/kaiaai_apps/lib/kaiaai_apps\n'}
[4.410991] (kaiaai_apps) StdoutLine: {'line': b'Installing param_client_old script to /home/duong/Arduino/ROS2_ServiceRobot/kaia_ws/install/kaiaai_apps/lib/kaiaai_apps\n'}
[4.411110] (kaiaai_apps) StdoutLine: {'line': b'Installing save_map script to /home/duong/Arduino/ROS2_ServiceRobot/kaia_ws/install/kaiaai_apps/lib/kaiaai_apps\n'}
[4.411279] (kaiaai_apps) StdoutLine: {'line': b'Installing single_goal_nav script to /home/duong/Arduino/ROS2_ServiceRobot/kaia_ws/install/kaiaai_apps/lib/kaiaai_apps\n'}
[4.411409] (kaiaai_apps) StdoutLine: {'line': b'\n'}
[4.411595] (kaiaai_apps) StdoutLine: {'line': b'Installed /home/duong/Arduino/ROS2_ServiceRobot/kaia_ws/build/kaiaai_apps\n'}
[4.411703] (kaiaai_apps) StdoutLine: {'line': b'running symlink_data\n'}
[4.411774] (kaiaai_apps) StdoutLine: {'line': b'creating /home/duong/Arduino/ROS2_ServiceRobot/kaia_ws/install/kaiaai_apps/share/ament_index\n'}
[4.411847] (kaiaai_apps) StdoutLine: {'line': b'creating /home/duong/Arduino/ROS2_ServiceRobot/kaia_ws/install/kaiaai_apps/share/ament_index/resource_index\n'}
[4.411919] (kaiaai_apps) StdoutLine: {'line': b'creating /home/duong/Arduino/ROS2_ServiceRobot/kaia_ws/install/kaiaai_apps/share/ament_index/resource_index/packages\n'}
[4.412037] (kaiaai_web) StdoutLine: {'line': b'running egg_info\n'}
[4.412174] (kaiaai_web) StdoutLine: {'line': b'creating kaiaai_web.egg-info\n'}
[4.412272] (kaiaai_web) StdoutLine: {'line': b'writing kaiaai_web.egg-info/PKG-INFO\n'}
[4.412369] (kaiaai_web) StdoutLine: {'line': b'writing dependency_links to kaiaai_web.egg-info/dependency_links.txt\n'}
[4.412473] (kaiaai_web) StdoutLine: {'line': b'writing entry points to kaiaai_web.egg-info/entry_points.txt\n'}
[4.412612] (kaiaai_web) StdoutLine: {'line': b'writing requirements to kaiaai_web.egg-info/requires.txt\n'}
[4.412734] (kaiaai_web) StdoutLine: {'line': b'writing top-level names to kaiaai_web.egg-info/top_level.txt\n'}
[4.412838] (kaiaai_web) StdoutLine: {'line': b"writing manifest file 'kaiaai_web.egg-info/SOURCES.txt'\n"}
[4.412941] (kaiaai_web) StdoutLine: {'line': b"reading manifest file 'kaiaai_web.egg-info/SOURCES.txt'\n"}
[4.413048] (kaiaai_web) StdoutLine: {'line': b"writing manifest file 'kaiaai_web.egg-info/SOURCES.txt'\n"}
[4.413143] (kaiaai_web) StdoutLine: {'line': b'running build_ext\n'}
[4.413234] (kaiaai_apps) StdoutLine: {'line': b'symbolically linking /home/duong/Arduino/ROS2_ServiceRobot/kaia_ws/build/kaiaai_apps/resource/kaiaai_apps -> /home/duong/Arduino/ROS2_ServiceRobot/kaia_ws/install/kaiaai_apps/share/ament_index/resource_index/packages\n'}
[4.413355] (kaiaai_apps) StdoutLine: {'line': b'symbolically linking /home/duong/Arduino/ROS2_ServiceRobot/kaia_ws/build/kaiaai_apps/package.xml -> /home/duong/Arduino/ROS2_ServiceRobot/kaia_ws/install/kaiaai_apps/share/kaiaai_apps\n'}
[4.413449] (kaiaai_web) StdoutLine: {'line': b'Creating /home/duong/Arduino/ROS2_ServiceRobot/kaia_ws/install/kaiaai_web/lib/python3.10/site-packages/kaiaai-web.egg-link (link to .)\n'}
[4.414757] (kaiaai_web) StdoutLine: {'line': b'Installing web_server script to /home/duong/Arduino/ROS2_ServiceRobot/kaia_ws/install/kaiaai_web/lib/kaiaai_web\n'}
[4.415032] (kaiaai_web) StdoutLine: {'line': b'\n'}
[4.415127] (kaiaai_web) StdoutLine: {'line': b'Installed /home/duong/Arduino/ROS2_ServiceRobot/kaia_ws/build/kaiaai_web\n'}
[4.415216] (kaiaai_web) StdoutLine: {'line': b'running symlink_data\n'}
[4.415307] (kaiaai_web) StdoutLine: {'line': b'creating /home/duong/Arduino/ROS2_ServiceRobot/kaia_ws/install/kaiaai_web/share/ament_index\n'}
[4.415399] (kaiaai_web) StdoutLine: {'line': b'creating /home/duong/Arduino/ROS2_ServiceRobot/kaia_ws/install/kaiaai_web/share/ament_index/resource_index\n'}
[4.415527] (kaiaai_web) StdoutLine: {'line': b'creating /home/duong/Arduino/ROS2_ServiceRobot/kaia_ws/install/kaiaai_web/share/ament_index/resource_index/packages\n'}
[4.415693] (kaiaai_web) StdoutLine: {'line': b'symbolically linking /home/duong/Arduino/ROS2_ServiceRobot/kaia_ws/build/kaiaai_web/resource/kaiaai_web -> /home/duong/Arduino/ROS2_ServiceRobot/kaia_ws/install/kaiaai_web/share/ament_index/resource_index/packages\n'}
[4.415802] (kaiaai_web) StdoutLine: {'line': b'symbolically linking /home/duong/Arduino/ROS2_ServiceRobot/kaia_ws/build/kaiaai_web/package.xml -> /home/duong/Arduino/ROS2_ServiceRobot/kaia_ws/install/kaiaai_web/share/kaiaai_web\n'}
[4.415902] (kaiaai_web) StdoutLine: {'line': b'creating /home/duong/Arduino/ROS2_ServiceRobot/kaia_ws/install/kaiaai_web/share/kaiaai_web/launch\n'}
[4.416004] (kaiaai_web) StdoutLine: {'line': b'symbolically linking /home/duong/Arduino/ROS2_ServiceRobot/kaia_ws/build/kaiaai_web/launch/web_server.launch.py -> /home/duong/Arduino/ROS2_ServiceRobot/kaia_ws/install/kaiaai_web/share/kaiaai_web/launch\n'}
[4.416102] (kaiaai_web) StdoutLine: {'line': b'creating /home/duong/Arduino/ROS2_ServiceRobot/kaia_ws/install/kaiaai_web/share/kaiaai_web/config\n'}
[4.416193] (kaiaai_web) StdoutLine: {'line': b'symbolically linking /home/duong/Arduino/ROS2_ServiceRobot/kaia_ws/build/kaiaai_web/config/web_server.yaml -> /home/duong/Arduino/ROS2_ServiceRobot/kaia_ws/install/kaiaai_web/share/kaiaai_web/config\n'}
[4.416290] (makerspet_fido) StdoutLine: {'line': b'-- Symlinking: /home/duong/Arduino/ROS2_ServiceRobot/kaia_ws/install/makerspet_fido/share/ament_index/resource_index/parent_prefix_path/makerspet_fido\n'}
[4.418154] (robot_serving_bot) StdoutLine: {'line': b'-- Detecting C compiler ABI info - done\n'}
[4.422461] (-) TimerEvent: {}
[4.432116] (makerspet_fido) StdoutLine: {'line': b'-- Symlinking: /home/duong/Arduino/ROS2_ServiceRobot/kaia_ws/install/makerspet_fido/share/makerspet_fido/environment/ament_prefix_path.sh\n'}
[4.435269] (robot_serving_bot) StdoutLine: {'line': b'-- Check for working C compiler: /usr/bin/cc - skipped\n'}
[4.436377] (robot_serving_bot) StdoutLine: {'line': b'-- Detecting C compile features\n'}
[4.436484] (kaiaai) CommandEnded: {'returncode': 0}
[4.455756] (kaiaai) JobEnded: {'identifier': 'kaiaai', 'rc': 0}
[4.457919] (kaiaai_gazebo) JobStarted: {'identifier': 'kaiaai_gazebo'}
[4.468010] (makerspet) JobStarted: {'identifier': 'makerspet'}
[4.484438] (robot_serving_bot) StdoutLine: {'line': b'-- Detecting C compile features - done\n'}
[4.484879] (robot_serving_bot) StdoutLine: {'line': b'-- Detecting CXX compiler ABI info\n'}
[4.485113] (makerspet_fido) StdoutLine: {'line': b'-- Symlinking: /home/duong/Arduino/ROS2_ServiceRobot/kaia_ws/install/makerspet_fido/share/makerspet_fido/environment/ament_prefix_path.dsv\n'}
[4.487786] (kaiaai_teleop) StdoutLine: {'line': b'running egg_info\n'}
[4.488055] (kaiaai_teleop) StdoutLine: {'line': b'creating kaiaai_teleop.egg-info\n'}
[4.488285] (kaiaai_teleop) StdoutLine: {'line': b'writing kaiaai_teleop.egg-info/PKG-INFO\n'}
[4.488400] (kaiaai_teleop) StdoutLine: {'line': b'writing dependency_links to kaiaai_teleop.egg-info/dependency_links.txt\n'}
[4.488506] (kaiaai_teleop) StdoutLine: {'line': b'writing entry points to kaiaai_teleop.egg-info/entry_points.txt\n'}
[4.498008] (kaiaai_teleop) StdoutLine: {'line': b'writing requirements to kaiaai_teleop.egg-info/requires.txt\n'}
[4.498269] (kaiaai_teleop) StdoutLine: {'line': b'writing top-level names to kaiaai_teleop.egg-info/top_level.txt\n'}
[4.498383] (kaiaai_teleop) StdoutLine: {'line': b"writing manifest file 'kaiaai_teleop.egg-info/SOURCES.txt'\n"}
[4.498485] (kaiaai_teleop) StdoutLine: {'line': b"reading manifest file 'kaiaai_teleop.egg-info/SOURCES.txt'\n"}
[4.498615] (kaiaai_teleop) StdoutLine: {'line': b"writing manifest file 'kaiaai_teleop.egg-info/SOURCES.txt'\n"}
[4.498727] (kaiaai_teleop) StdoutLine: {'line': b'running build_ext\n'}
[4.498829] (makerspet_fido) StdoutLine: {'line': b'-- Symlinking: /home/duong/Arduino/ROS2_ServiceRobot/kaia_ws/install/makerspet_fido/share/makerspet_fido/environment/path.sh\n'}
[4.499005] (kaiaai_teleop) StdoutLine: {'line': b'Creating /home/duong/Arduino/ROS2_ServiceRobot/kaia_ws/install/kaiaai_teleop/lib/python3.10/site-packages/kaiaai-teleop.egg-link (link to .)\n'}
[4.499115] (kaiaai_gazebo) JobProgress: {'identifier': 'kaiaai_gazebo', 'progress': 'cmake'}
[4.499152] (kaiaai_gazebo) Command: {'cmd': ['/usr/bin/cmake', '/home/duong/Arduino/ROS2_ServiceRobot/kaia_ws/src/kaiaai_gazebo', '-DAMENT_CMAKE_SYMLINK_INSTALL=1', '-DCMAKE_INSTALL_PREFIX=/home/duong/Arduino/ROS2_ServiceRobot/kaia_ws/install/kaiaai_gazebo'], 'cwd': '/home/duong/Arduino/ROS2_ServiceRobot/kaia_ws/build/kaiaai_gazebo', 'env': OrderedDict([('SHLVL', '0'), ('LD_LIBRARY_PATH', '/home/duong/Arduino/ROS2_ServiceRobot/uros_ws/install/micro_ros_agent/lib:/home/duong/Arduino/ROS2_ServiceRobot/uros_ws/install/micro_ros_msgs/lib:/home/duong/Arduino/ROS2_ServiceRobot/uros_ws/install/drive_base_msgs/lib:/usr/lib/x86_64-linux-gnu/gazebo-11/plugins:/opt/ros/iron/opt/rviz_ogre_vendor/lib:/opt/ros/iron/lib/x86_64-linux-gnu:/opt/ros/iron/lib'), ('HOME', '/tmp'), ('ROS_PYTHON_VERSION', '3'), ('COLCON_PREFIX_PATH', '/home/duong/Arduino/ROS2_ServiceRobot/uros_ws/install'), ('ROS_DISTRO', 'iron'), ('_', '/usr/bin/colcon'), ('ROS_VERSION', '2'), ('PATH', '/opt/ros/iron/bin:/usr/local/bin:/usr/bin:/bin'), ('LANG', 'C.UTF-8'), ('AMENT_PREFIX_PATH', '/home/duong/Arduino/ROS2_ServiceRobot/kaia_ws/install/kaiaai:/home/duong/Arduino/ROS2_ServiceRobot/uros_ws/install/micro_ros_setup:/home/duong/Arduino/ROS2_ServiceRobot/uros_ws/install/micro_ros_agent:/home/duong/Arduino/ROS2_ServiceRobot/uros_ws/install/micro_ros_msgs:/home/duong/Arduino/ROS2_ServiceRobot/uros_ws/install/drive_base_msgs:/opt/ros/iron'), ('ROS_AUTOMATIC_DISCOVERY_RANGE', 'SUBNET'), ('PWD', '/home/duong/Arduino/ROS2_ServiceRobot/kaia_ws/build/kaiaai_gazebo'), ('LC_ALL', 'C.UTF-8'), ('PYTHONPATH', '/home/duong/Arduino/ROS2_ServiceRobot/kaia_ws/build/kaiaai:/home/duong/Arduino/ROS2_ServiceRobot/kaia_ws/install/kaiaai/lib/python3.10/site-packages:/home/duong/Arduino/ROS2_ServiceRobot/uros_ws/install/micro_ros_msgs/lib/python3.10/site-packages:/home/duong/Arduino/ROS2_ServiceRobot/uros_ws/install/drive_base_msgs/lib/python3.10/site-packages:/opt/ros/iron/lib/python3.10/site-packages'), ('COLCON', '1'), ('CMAKE_PREFIX_PATH', '/home/duong/Arduino/ROS2_ServiceRobot/uros_ws/install/micro_ros_setup:/home/duong/Arduino/ROS2_ServiceRobot/uros_ws/install/micro_ros_agent:/home/duong/Arduino/ROS2_ServiceRobot/uros_ws/install/micro_ros_msgs:/home/duong/Arduino/ROS2_ServiceRobot/uros_ws/install/drive_base_msgs:/opt/ros/iron')]), 'shell': False}
[4.500245] (kaiaai_teleop) StdoutLine: {'line': b'Installing teleop_keyboard script to /home/duong/Arduino/ROS2_ServiceRobot/kaia_ws/install/kaiaai_teleop/lib/kaiaai_teleop\n'}
[4.501739] (kaiaai_teleop) StdoutLine: {'line': b'\n'}
[4.501855] (kaiaai_teleop) StdoutLine: {'line': b'Installed /home/duong/Arduino/ROS2_ServiceRobot/kaia_ws/build/kaiaai_teleop\n'}
[4.501951] (kaiaai_teleop) StdoutLine: {'line': b'running symlink_data\n'}
[4.502044] (kaiaai_teleop) StdoutLine: {'line': b'creating /home/duong/Arduino/ROS2_ServiceRobot/kaia_ws/install/kaiaai_teleop/share/ament_index\n'}
[4.502138] (kaiaai_teleop) StdoutLine: {'line': b'creating /home/duong/Arduino/ROS2_ServiceRobot/kaia_ws/install/kaiaai_teleop/share/ament_index/resource_index\n'}
[4.502231] (kaiaai_teleop) StdoutLine: {'line': b'creating /home/duong/Arduino/ROS2_ServiceRobot/kaia_ws/install/kaiaai_teleop/share/ament_index/resource_index/packages\n'}
[4.502322] (kaiaai_teleop) StdoutLine: {'line': b'symbolically linking /home/duong/Arduino/ROS2_ServiceRobot/kaia_ws/build/kaiaai_teleop/resource/kaiaai_teleop -> /home/duong/Arduino/ROS2_ServiceRobot/kaia_ws/install/kaiaai_teleop/share/ament_index/resource_index/packages\n'}
[4.502419] (kaiaai_teleop) StdoutLine: {'line': b'symbolically linking /home/duong/Arduino/ROS2_ServiceRobot/kaia_ws/build/kaiaai_teleop/package.xml -> /home/duong/Arduino/ROS2_ServiceRobot/kaia_ws/install/kaiaai_teleop/share/kaiaai_teleop\n'}
[4.522632] (-) TimerEvent: {}
[4.622866] (-) TimerEvent: {}
[4.723114] (-) TimerEvent: {}
[4.823350] (-) TimerEvent: {}
[4.923614] (-) TimerEvent: {}
[5.002188] (makerspet_fido) StdoutLine: {'line': b'-- Symlinking: /home/duong/Arduino/ROS2_ServiceRobot/kaia_ws/install/makerspet_fido/share/makerspet_fido/environment/path.dsv\n'}
[5.002942] (makerspet_fido) StdoutLine: {'line': b'-- Symlinking: /home/duong/Arduino/ROS2_ServiceRobot/kaia_ws/install/makerspet_fido/share/makerspet_fido/local_setup.bash\n'}
[5.003410] (makerspet_fido) StdoutLine: {'line': b'-- Symlinking: /home/duong/Arduino/ROS2_ServiceRobot/kaia_ws/install/makerspet_fido/share/makerspet_fido/local_setup.sh\n'}
[5.003526] (makerspet_fido) StdoutLine: {'line': b'-- Symlinking: /home/duong/Arduino/ROS2_ServiceRobot/kaia_ws/install/makerspet_fido/share/makerspet_fido/local_setup.zsh\n'}
[5.003658] (makerspet_fido) StdoutLine: {'line': b'-- Symlinking: /home/duong/Arduino/ROS2_ServiceRobot/kaia_ws/install/makerspet_fido/share/makerspet_fido/local_setup.dsv\n'}
[5.003785] (makerspet_fido) StdoutLine: {'line': b'-- Symlinking: /home/duong/Arduino/ROS2_ServiceRobot/kaia_ws/install/makerspet_fido/share/makerspet_fido/package.dsv\n'}
[5.003881] (makerspet_fido) StdoutLine: {'line': b'-- Symlinking: /home/duong/Arduino/ROS2_ServiceRobot/kaia_ws/install/makerspet_fido/share/ament_index/resource_index/packages/makerspet_fido\n'}
[5.004019] (makerspet_fido) StdoutLine: {'line': b'-- Symlinking: /home/duong/Arduino/ROS2_ServiceRobot/kaia_ws/install/makerspet_fido/share/makerspet_fido/cmake/makerspet_fidoConfig.cmake\n'}
[5.004118] (makerspet_fido) StdoutLine: {'line': b'-- Symlinking: /home/duong/Arduino/ROS2_ServiceRobot/kaia_ws/install/makerspet_fido/share/makerspet_fido/cmake/makerspet_fidoConfig-version.cmake\n'}
[5.004213] (makerspet_fido) StdoutLine: {'line': b'-- Symlinking: /home/duong/Arduino/ROS2_ServiceRobot/kaia_ws/install/makerspet_fido/share/makerspet_fido/package.xml\n'}
[5.004307] (auto_mapper) StdoutLine: {'line': b'-- Found nav2_msgs: 1.2.10 (/opt/ros/iron/share/nav2_msgs/cmake)\n'}
[5.004749] (kaiaai_msgs) StdoutLine: {'line': b'-- Using all available rosidl_typesupport_cpp: rosidl_typesupport_fastrtps_cpp;rosidl_typesupport_introspection_cpp\n'}
[5.005110] (kaiaai_msgs) StdoutLine: {'line': b'-- Found PythonInterp: /usr/bin/python3 (found suitable version "3.10.12", minimum required is "3.6") \n'}
[5.005226] (kaiaai_msgs) StdoutLine: {'line': b'-- Found python_cmake_module: 0.10.2 (/opt/ros/iron/share/python_cmake_module/cmake)\n'}
[5.005323] (kaiaai_msgs) StdoutLine: {'line': b'-- Found PythonLibs: /usr/lib/x86_64-linux-gnu/libpython3.10.so (found suitable version "3.10.12", minimum required is "3.5") \n'}
[5.005419] (kaiaai_msgs) StdoutLine: {'line': b'-- Using PYTHON_EXECUTABLE: /usr/bin/python3\n'}
[5.005514] (kaiaai_msgs) StdoutLine: {'line': b'-- Using PYTHON_INCLUDE_DIRS: /usr/include/python3.10\n'}
[5.005742] (kaiaai_msgs) StdoutLine: {'line': b'-- Using PYTHON_LIBRARIES: /usr/lib/x86_64-linux-gnu/libpython3.10.so\n'}
[5.006266] (kaiaai_msgs) StdoutLine: {'line': b'-- Found PythonExtra: .so  \n'}
[5.006798] (kaiaai_msgs) StdoutLine: {'line': b"-- Added test 'lint_cmake' to check CMake code style\n"}
[5.007597] (kaiaai_msgs) StdoutLine: {'line': b"-- Added test 'xmllint' to check XML markup files\n"}
[5.007820] (kaiaai_msgs) StdoutLine: {'line': b'-- Configuring done\n'}
[5.008016] (kaiaai_msgs) StdoutLine: {'line': b'-- Generating done\n'}
[5.008190] (kaiaai_msgs) StdoutLine: {'line': b'-- Build files have been written to: /home/duong/Arduino/ROS2_ServiceRobot/kaia_ws/build/kaiaai_msgs\n'}
[5.008357] (kaiaai_gazebo) StdoutLine: {'line': b'-- The C compiler identification is GNU 11.4.0\n'}
[5.008727] (kaiaai_gazebo) StdoutLine: {'line': b'-- The CXX compiler identification is GNU 11.4.0\n'}
[5.008912] (kaiaai_gazebo) StdoutLine: {'line': b'-- Detecting C compiler ABI info\n'}
[5.009116] (kaiaai_gazebo) StdoutLine: {'line': b'-- Detecting C compiler ABI info - done\n'}
[5.009314] (kaiaai_gazebo) StdoutLine: {'line': b'-- Check for working C compiler: /usr/bin/cc - skipped\n'}
[5.009535] (kaiaai_gazebo) StdoutLine: {'line': b'-- Detecting C compile features\n'}
[5.009703] (kaiaai_gazebo) StdoutLine: {'line': b'-- Detecting C compile features - done\n'}
[5.009918] (kaiaai_gazebo) StdoutLine: {'line': b'-- Detecting CXX compiler ABI info\n'}
[5.010080] (robot_serving_bot) StdoutLine: {'line': b'-- Detecting CXX compiler ABI info - done\n'}
[5.010242] (robot_serving_bot) StdoutLine: {'line': b'-- Check for working CXX compiler: /usr/bin/c++ - skipped\n'}
[5.010594] (robot_serving_bot) StdoutLine: {'line': b'-- Detecting CXX compile features\n'}
[5.010903] (robot_serving_bot) StdoutLine: {'line': b'-- Detecting CXX compile features - done\n'}
[5.011036] (robot_serving_bot) StdoutLine: {'line': b'-- Found ament_cmake: 2.0.7 (/opt/ros/iron/share/ament_cmake/cmake)\n'}
[5.011157] (robot_serving_bot) StdoutLine: {'line': b'-- Found Python3: /usr/bin/python3.10 (found version "3.10.12") found components: Interpreter \n'}
[5.011575] (explore_lite) StdoutLine: {'line': b'-- Found tf2_geometry_msgs: 0.31.8 (/opt/ros/iron/share/tf2_geometry_msgs/cmake)\n'}
[5.012317] (kaiaai_web) CommandEnded: {'returncode': 0}
[5.022995] (kaiaai_web) JobEnded: {'identifier': 'kaiaai_web', 'rc': 0}
[5.024676] (-) TimerEvent: {}
[5.024771] (kaiaai_apps) CommandEnded: {'returncode': 0}
[5.043045] (kaiaai_apps) JobEnded: {'identifier': 'kaiaai_apps', 'rc': 0}
[5.045064] (kaiaai_teleop) CommandEnded: {'returncode': 0}
[5.058861] (kaiaai_teleop) JobEnded: {'identifier': 'kaiaai_teleop', 'rc': 0}
[5.059719] (makerspet_fido) CommandEnded: {'returncode': 0}
[5.083233] (makerspet_fido) JobEnded: {'identifier': 'makerspet_fido', 'rc': 0}
[5.086204] (kaiaai_msgs) CommandEnded: {'returncode': 0}
[5.086652] (kaiaai_msgs) JobProgress: {'identifier': 'kaiaai_msgs', 'progress': 'build'}
[5.086700] (kaiaai_msgs) Command: {'cmd': ['/usr/bin/cmake', '--build', '/home/duong/Arduino/ROS2_ServiceRobot/kaia_ws/build/kaiaai_msgs', '--', '-j12', '-l12'], 'cwd': '/home/duong/Arduino/ROS2_ServiceRobot/kaia_ws/build/kaiaai_msgs', 'env': OrderedDict([('SHLVL', '0'), ('LD_LIBRARY_PATH', '/home/duong/Arduino/ROS2_ServiceRobot/uros_ws/install/micro_ros_agent/lib:/home/duong/Arduino/ROS2_ServiceRobot/uros_ws/install/micro_ros_msgs/lib:/home/duong/Arduino/ROS2_ServiceRobot/uros_ws/install/drive_base_msgs/lib:/usr/lib/x86_64-linux-gnu/gazebo-11/plugins:/opt/ros/iron/opt/rviz_ogre_vendor/lib:/opt/ros/iron/lib/x86_64-linux-gnu:/opt/ros/iron/lib'), ('HOME', '/tmp'), ('ROS_PYTHON_VERSION', '3'), ('COLCON_PREFIX_PATH', '/home/duong/Arduino/ROS2_ServiceRobot/uros_ws/install'), ('ROS_DISTRO', 'iron'), ('_', '/usr/bin/colcon'), ('ROS_VERSION', '2'), ('PATH', '/opt/ros/iron/bin:/usr/local/bin:/usr/bin:/bin'), ('LANG', 'C.UTF-8'), ('AMENT_PREFIX_PATH', '/home/duong/Arduino/ROS2_ServiceRobot/uros_ws/install/micro_ros_setup:/home/duong/Arduino/ROS2_ServiceRobot/uros_ws/install/micro_ros_agent:/home/duong/Arduino/ROS2_ServiceRobot/uros_ws/install/micro_ros_msgs:/home/duong/Arduino/ROS2_ServiceRobot/uros_ws/install/drive_base_msgs:/opt/ros/iron'), ('ROS_AUTOMATIC_DISCOVERY_RANGE', 'SUBNET'), ('PWD', '/home/duong/Arduino/ROS2_ServiceRobot/kaia_ws/build/kaiaai_msgs'), ('LC_ALL', 'C.UTF-8'), ('PYTHONPATH', '/home/duong/Arduino/ROS2_ServiceRobot/uros_ws/install/micro_ros_msgs/lib/python3.10/site-packages:/home/duong/Arduino/ROS2_ServiceRobot/uros_ws/install/drive_base_msgs/lib/python3.10/site-packages:/opt/ros/iron/lib/python3.10/site-packages'), ('COLCON', '1'), ('CMAKE_PREFIX_PATH', '/home/duong/Arduino/ROS2_ServiceRobot/uros_ws/install/micro_ros_setup:/home/duong/Arduino/ROS2_ServiceRobot/uros_ws/install/micro_ros_agent:/home/duong/Arduino/ROS2_ServiceRobot/uros_ws/install/micro_ros_msgs:/home/duong/Arduino/ROS2_ServiceRobot/uros_ws/install/drive_base_msgs:/opt/ros/iron')]), 'shell': False}
[5.091038] (explore_lite) StdoutLine: {'line': b'-- Found eigen3_cmake_module: 0.2.2 (/opt/ros/iron/share/eigen3_cmake_module/cmake)\n'}
[5.091296] (explore_lite) StdoutLine: {'line': b'-- Found Eigen3: TRUE (found version "3.4.0") \n'}
[5.091422] (explore_lite) StdoutLine: {'line': b'-- Ensuring Eigen3 include directory is part of orocos-kdl CMake target\n'}
[5.091527] (explore_lite) StdoutLine: {'line': b'-- Found nav2_msgs: 1.2.10 (/opt/ros/iron/share/nav2_msgs/cmake)\n'}
[5.091660] (kaiaai_gazebo) StdoutLine: {'line': b'-- Detecting CXX compiler ABI info - done\n'}
[5.091782] (kaiaai_gazebo) StdoutLine: {'line': b'-- Check for working CXX compiler: /usr/bin/c++ - skipped\n'}
[5.091881] (kaiaai_gazebo) StdoutLine: {'line': b'-- Detecting CXX compile features\n'}
[5.091975] (kaiaai_gazebo) StdoutLine: {'line': b'-- Detecting CXX compile features - done\n'}
[5.092072] (kaiaai_gazebo) StdoutLine: {'line': b'-- Found ament_cmake: 2.0.7 (/opt/ros/iron/share/ament_cmake/cmake)\n'}
[5.092173] (robot_serving_bot) StdoutLine: {'line': b'-- Override CMake install command with custom implementation using symlinks instead of copying resources\n'}
[5.121033] (robot_serving_bot) StdoutLine: {'line': b'-- Found urdf: 2.8.2 (/opt/ros/iron/share/urdf/cmake)\n'}
[5.124811] (-) TimerEvent: {}
[5.225074] (-) TimerEvent: {}
[5.254360] (kaiaai_msgs) StdoutLine: {'line': b'[  1%] Generating type hashes for ROS interfaces\n'}
[5.268947] (kaiaai_msgs) StdoutLine: {'line': b'[  1%] Built target ament_cmake_python_symlink_kaiaai_msgs\n'}
[5.325184] (-) TimerEvent: {}
[5.425419] (-) TimerEvent: {}
[5.426350] (kaiaai_gazebo) StdoutLine: {'line': b'-- Found Python3: /usr/bin/python3.10 (found version "3.10.12") found components: Interpreter \n'}
[5.433162] (robot_serving_bot) StdoutLine: {'line': b'-- Configuring done\n'}
[5.440812] (robot_serving_bot) StdoutLine: {'line': b'-- Generating done\n'}
[5.444235] (robot_serving_bot) StdoutLine: {'line': b'-- Build files have been written to: /home/duong/Arduino/ROS2_ServiceRobot/kaia_ws/build/robot_serving_bot\n'}
[5.525539] (-) TimerEvent: {}
[5.529470] (kaiaai_gazebo) StdoutLine: {'line': b'-- Override CMake install command with custom implementation using symlinks instead of copying resources\n'}
[5.529776] (robot_serving_bot) CommandEnded: {'returncode': 0}
[5.530422] (robot_serving_bot) JobProgress: {'identifier': 'robot_serving_bot', 'progress': 'build'}
[5.530758] (robot_serving_bot) Command: {'cmd': ['/usr/bin/cmake', '--build', '/home/duong/Arduino/ROS2_ServiceRobot/kaia_ws/build/robot_serving_bot', '--', '-j12', '-l12'], 'cwd': '/home/duong/Arduino/ROS2_ServiceRobot/kaia_ws/build/robot_serving_bot', 'env': OrderedDict([('SHLVL', '0'), ('LD_LIBRARY_PATH', '/home/duong/Arduino/ROS2_ServiceRobot/uros_ws/install/micro_ros_agent/lib:/home/duong/Arduino/ROS2_ServiceRobot/uros_ws/install/micro_ros_msgs/lib:/home/duong/Arduino/ROS2_ServiceRobot/uros_ws/install/drive_base_msgs/lib:/usr/lib/x86_64-linux-gnu/gazebo-11/plugins:/opt/ros/iron/opt/rviz_ogre_vendor/lib:/opt/ros/iron/lib/x86_64-linux-gnu:/opt/ros/iron/lib'), ('HOME', '/tmp'), ('ROS_PYTHON_VERSION', '3'), ('COLCON_PREFIX_PATH', '/home/duong/Arduino/ROS2_ServiceRobot/uros_ws/install'), ('ROS_DISTRO', 'iron'), ('_', '/usr/bin/colcon'), ('ROS_VERSION', '2'), ('PATH', '/opt/ros/iron/bin:/usr/local/bin:/usr/bin:/bin'), ('LANG', 'C.UTF-8'), ('AMENT_PREFIX_PATH', '/home/duong/Arduino/ROS2_ServiceRobot/uros_ws/install/micro_ros_setup:/home/duong/Arduino/ROS2_ServiceRobot/uros_ws/install/micro_ros_agent:/home/duong/Arduino/ROS2_ServiceRobot/uros_ws/install/micro_ros_msgs:/home/duong/Arduino/ROS2_ServiceRobot/uros_ws/install/drive_base_msgs:/opt/ros/iron'), ('ROS_AUTOMATIC_DISCOVERY_RANGE', 'SUBNET'), ('PWD', '/home/duong/Arduino/ROS2_ServiceRobot/kaia_ws/build/robot_serving_bot'), ('LC_ALL', 'C.UTF-8'), ('PYTHONPATH', '/home/duong/Arduino/ROS2_ServiceRobot/uros_ws/install/micro_ros_msgs/lib/python3.10/site-packages:/home/duong/Arduino/ROS2_ServiceRobot/uros_ws/install/drive_base_msgs/lib/python3.10/site-packages:/opt/ros/iron/lib/python3.10/site-packages'), ('COLCON', '1'), ('CMAKE_PREFIX_PATH', '/home/duong/Arduino/ROS2_ServiceRobot/uros_ws/install/micro_ros_setup:/home/duong/Arduino/ROS2_ServiceRobot/uros_ws/install/micro_ros_agent:/home/duong/Arduino/ROS2_ServiceRobot/uros_ws/install/micro_ros_msgs:/home/duong/Arduino/ROS2_ServiceRobot/uros_ws/install/drive_base_msgs:/opt/ros/iron')]), 'shell': False}
[5.604212] (kaiaai_gazebo) StdoutLine: {'line': b'-- Found gazebo_ros_pkgs: 3.7.0 (/opt/ros/iron/share/gazebo_ros_pkgs/cmake)\n'}
[5.608600] (kaiaai_gazebo) StdoutLine: {'line': b'-- Found geometry_msgs: 5.0.1 (/opt/ros/iron/share/geometry_msgs/cmake)\n'}
[5.609088] (robot_serving_bot) CommandEnded: {'returncode': 0}
[5.609964] (robot_serving_bot) JobProgress: {'identifier': 'robot_serving_bot', 'progress': 'install'}
[5.610415] (robot_serving_bot) Command: {'cmd': ['/usr/bin/cmake', '--install', '/home/duong/Arduino/ROS2_ServiceRobot/kaia_ws/build/robot_serving_bot'], 'cwd': '/home/duong/Arduino/ROS2_ServiceRobot/kaia_ws/build/robot_serving_bot', 'env': OrderedDict([('SHLVL', '0'), ('LD_LIBRARY_PATH', '/home/duong/Arduino/ROS2_ServiceRobot/uros_ws/install/micro_ros_agent/lib:/home/duong/Arduino/ROS2_ServiceRobot/uros_ws/install/micro_ros_msgs/lib:/home/duong/Arduino/ROS2_ServiceRobot/uros_ws/install/drive_base_msgs/lib:/usr/lib/x86_64-linux-gnu/gazebo-11/plugins:/opt/ros/iron/opt/rviz_ogre_vendor/lib:/opt/ros/iron/lib/x86_64-linux-gnu:/opt/ros/iron/lib'), ('HOME', '/tmp'), ('ROS_PYTHON_VERSION', '3'), ('COLCON_PREFIX_PATH', '/home/duong/Arduino/ROS2_ServiceRobot/uros_ws/install'), ('ROS_DISTRO', 'iron'), ('_', '/usr/bin/colcon'), ('ROS_VERSION', '2'), ('PATH', '/opt/ros/iron/bin:/usr/local/bin:/usr/bin:/bin'), ('LANG', 'C.UTF-8'), ('AMENT_PREFIX_PATH', '/home/duong/Arduino/ROS2_ServiceRobot/uros_ws/install/micro_ros_setup:/home/duong/Arduino/ROS2_ServiceRobot/uros_ws/install/micro_ros_agent:/home/duong/Arduino/ROS2_ServiceRobot/uros_ws/install/micro_ros_msgs:/home/duong/Arduino/ROS2_ServiceRobot/uros_ws/install/drive_base_msgs:/opt/ros/iron'), ('ROS_AUTOMATIC_DISCOVERY_RANGE', 'SUBNET'), ('PWD', '/home/duong/Arduino/ROS2_ServiceRobot/kaia_ws/build/robot_serving_bot'), ('LC_ALL', 'C.UTF-8'), ('PYTHONPATH', '/home/duong/Arduino/ROS2_ServiceRobot/uros_ws/install/micro_ros_msgs/lib/python3.10/site-packages:/home/duong/Arduino/ROS2_ServiceRobot/uros_ws/install/drive_base_msgs/lib/python3.10/site-packages:/opt/ros/iron/lib/python3.10/site-packages'), ('COLCON', '1'), ('CMAKE_PREFIX_PATH', '/home/duong/Arduino/ROS2_ServiceRobot/uros_ws/install/micro_ros_setup:/home/duong/Arduino/ROS2_ServiceRobot/uros_ws/install/micro_ros_agent:/home/duong/Arduino/ROS2_ServiceRobot/uros_ws/install/micro_ros_msgs:/home/duong/Arduino/ROS2_ServiceRobot/uros_ws/install/drive_base_msgs:/opt/ros/iron')]), 'shell': False}
[5.625644] (-) TimerEvent: {}
[5.628172] (robot_serving_bot) StdoutLine: {'line': b'-- Install configuration: ""\n'}
[5.629167] (robot_serving_bot) StdoutLine: {'line': b'-- Execute custom install script\n'}
[5.630668] (robot_serving_bot) StdoutLine: {'line': b'-- Symlinking: /home/duong/Arduino/ROS2_ServiceRobot/kaia_ws/install/robot_serving_bot/share/robot_serving_bot/rviz/cartographer.rviz\n'}
[5.650639] (robot_serving_bot) StdoutLine: {'line': b'-- Symlinking: /home/duong/Arduino/ROS2_ServiceRobot/kaia_ws/install/robot_serving_bot/share/robot_serving_bot/rviz/gazebo.rviz\n'}
[5.672902] (robot_serving_bot) StdoutLine: {'line': b'-- Symlinking: /home/duong/Arduino/ROS2_ServiceRobot/kaia_ws/install/robot_serving_bot/share/robot_serving_bot/rviz/inspect_urdf.rviz\n'}
[5.683890] (kaiaai_msgs) StdoutLine: {'line': b'running egg_info\n'}
[5.685274] (kaiaai_msgs) StdoutLine: {'line': b'creating kaiaai_msgs.egg-info\n'}
[5.686192] (kaiaai_msgs) StdoutLine: {'line': b'writing kaiaai_msgs.egg-info/PKG-INFO\n'}
[5.686408] (kaiaai_msgs) StdoutLine: {'line': b'writing dependency_links to kaiaai_msgs.egg-info/dependency_links.txt\n'}
[5.687719] (kaiaai_msgs) StdoutLine: {'line': b'writing top-level names to kaiaai_msgs.egg-info/top_level.txt\n'}
[5.688123] (kaiaai_msgs) StdoutLine: {'line': b"writing manifest file 'kaiaai_msgs.egg-info/SOURCES.txt'\n"}
[5.690759] (kaiaai_msgs) StdoutLine: {'line': b"reading manifest file 'kaiaai_msgs.egg-info/SOURCES.txt'\n"}
[5.691235] (kaiaai_gazebo) StdoutLine: {'line': b'-- Found rosidl_generator_c: 4.0.1 (/opt/ros/iron/share/rosidl_generator_c/cmake)\n'}
[5.691653] (kaiaai_msgs) StdoutLine: {'line': b"writing manifest file 'kaiaai_msgs.egg-info/SOURCES.txt'\n"}
[5.693650] (robot_serving_bot) StdoutLine: {'line': b'-- Symlinking: /home/duong/Arduino/ROS2_ServiceRobot/kaia_ws/install/robot_serving_bot/share/robot_serving_bot/rviz/monitor_robot.rviz\n'}
[5.713723] (auto_mapper) StdoutLine: {'line': b'-- Found tf2: 0.31.8 (/opt/ros/iron/share/tf2/cmake)\n'}
[5.714949] (makerspet) Command: {'cmd': ['/usr/bin/python3', '-W', 'ignore:setup.py install is deprecated', '-W', 'ignore:easy_install command is deprecated', 'setup.py', 'develop', '--editable', '--build-directory', '/home/duong/Arduino/ROS2_ServiceRobot/kaia_ws/build/makerspet/build', '--no-deps', 'symlink_data'], 'cwd': '/home/duong/Arduino/ROS2_ServiceRobot/kaia_ws/build/makerspet', 'env': {'SHLVL': '0', 'LD_LIBRARY_PATH': '/home/duong/Arduino/ROS2_ServiceRobot/uros_ws/install/micro_ros_agent/lib:/home/duong/Arduino/ROS2_ServiceRobot/uros_ws/install/micro_ros_msgs/lib:/home/duong/Arduino/ROS2_ServiceRobot/uros_ws/install/drive_base_msgs/lib:/usr/lib/x86_64-linux-gnu/gazebo-11/plugins:/opt/ros/iron/opt/rviz_ogre_vendor/lib:/opt/ros/iron/lib/x86_64-linux-gnu:/opt/ros/iron/lib', 'HOME': '/tmp', 'ROS_PYTHON_VERSION': '3', 'COLCON_PREFIX_PATH': '/home/duong/Arduino/ROS2_ServiceRobot/uros_ws/install', 'ROS_DISTRO': 'iron', '_': '/usr/bin/colcon', 'ROS_VERSION': '2', 'PATH': '/opt/ros/iron/bin:/usr/local/bin:/usr/bin:/bin', 'LANG': 'C.UTF-8', 'AMENT_PREFIX_PATH': '/home/duong/Arduino/ROS2_ServiceRobot/kaia_ws/install/kaiaai:/home/duong/Arduino/ROS2_ServiceRobot/uros_ws/install/micro_ros_setup:/home/duong/Arduino/ROS2_ServiceRobot/uros_ws/install/micro_ros_agent:/home/duong/Arduino/ROS2_ServiceRobot/uros_ws/install/micro_ros_msgs:/home/duong/Arduino/ROS2_ServiceRobot/uros_ws/install/drive_base_msgs:/opt/ros/iron', 'ROS_AUTOMATIC_DISCOVERY_RANGE': 'SUBNET', 'PWD': '/home/duong/Arduino/ROS2_ServiceRobot/kaia_ws/build/makerspet', 'LC_ALL': 'C.UTF-8', 'PYTHONPATH': '/home/duong/Arduino/ROS2_ServiceRobot/kaia_ws/build/makerspet/prefix_override:/usr/lib/python3/dist-packages/colcon_core/task/python/colcon_distutils_commands:/home/duong/Arduino/ROS2_ServiceRobot/kaia_ws/install/makerspet/lib/python3.10/site-packages:/home/duong/Arduino/ROS2_ServiceRobot/kaia_ws/build/kaiaai:/home/duong/Arduino/ROS2_ServiceRobot/kaia_ws/install/kaiaai/lib/python3.10/site-packages:/home/duong/Arduino/ROS2_ServiceRobot/uros_ws/install/micro_ros_msgs/lib/python3.10/site-packages:/home/duong/Arduino/ROS2_ServiceRobot/uros_ws/install/drive_base_msgs/lib/python3.10/site-packages:/opt/ros/iron/lib/python3.10/site-packages', 'COLCON': '1', 'CMAKE_PREFIX_PATH': '/home/duong/Arduino/ROS2_ServiceRobot/uros_ws/install/micro_ros_setup:/home/duong/Arduino/ROS2_ServiceRobot/uros_ws/install/micro_ros_agent:/home/duong/Arduino/ROS2_ServiceRobot/uros_ws/install/micro_ros_msgs:/home/duong/Arduino/ROS2_ServiceRobot/uros_ws/install/drive_base_msgs'}, 'shell': False}
[5.717856] (robot_serving_bot) StdoutLine: {'line': b'-- Symlinking: /home/duong/Arduino/ROS2_ServiceRobot/kaia_ws/install/robot_serving_bot/share/robot_serving_bot/rviz/monitor_robot_old.rviz\n'}
[5.718124] (kaiaai_gazebo) StdoutLine: {'line': b'-- Found rosidl_generator_cpp: 4.0.1 (/opt/ros/iron/share/rosidl_generator_cpp/cmake)\n'}
[5.725772] (-) TimerEvent: {}
[5.730366] (robot_serving_bot) StdoutLine: {'line': b'-- Symlinking: /home/duong/Arduino/ROS2_ServiceRobot/kaia_ws/install/robot_serving_bot/share/robot_serving_bot/rviz/navigation.rviz\n'}
[5.740538] (kaiaai_msgs) StdoutLine: {'line': b'[  1%] Built target ament_cmake_python_build_kaiaai_msgs_egg\n'}
[5.746652] (kaiaai_gazebo) StdoutLine: {'line': b'-- Using all available rosidl_typesupport_c: rosidl_typesupport_fastrtps_c;rosidl_typesupport_introspection_c\n'}
[5.746935] (robot_serving_bot) StdoutLine: {'line': b'-- Symlinking: /home/duong/Arduino/ROS2_ServiceRobot/kaia_ws/install/robot_serving_bot/share/robot_serving_bot/urdf/robot.urdf.xacro\n'}
[5.750508] (auto_mapper) StdoutLine: {'line': b'-- Found tf2_ros: 0.31.8 (/opt/ros/iron/share/tf2_ros/cmake)\n'}
[5.762761] (robot_serving_bot) StdoutLine: {'line': b'-- Symlinking: /home/duong/Arduino/ROS2_ServiceRobot/kaia_ws/install/robot_serving_bot/share/robot_serving_bot/sdf/makerspet_mini/mesh/hemisphere.stl\n'}
[5.779413] (robot_serving_bot) StdoutLine: {'line': b'-- Symlinking: /home/duong/Arduino/ROS2_ServiceRobot/kaia_ws/install/robot_serving_bot/share/robot_serving_bot/sdf/makerspet_mini/model.config\n'}
[5.781765] (kaiaai_gazebo) StdoutLine: {'line': b'-- Using all available rosidl_typesupport_cpp: rosidl_typesupport_fastrtps_cpp;rosidl_typesupport_introspection_cpp\n'}
[5.795427] (robot_serving_bot) StdoutLine: {'line': b'-- Symlinking: /home/duong/Arduino/ROS2_ServiceRobot/kaia_ws/install/robot_serving_bot/share/robot_serving_bot/sdf/makerspet_mini/model.sdf\n'}
[5.812072] (robot_serving_bot) StdoutLine: {'line': b'-- Symlinking: /home/duong/Arduino/ROS2_ServiceRobot/kaia_ws/install/robot_serving_bot/share/robot_serving_bot/config/README.md\n'}
[5.825890] (-) TimerEvent: {}
[5.828126] (robot_serving_bot) StdoutLine: {'line': b'-- Symlinking: /home/duong/Arduino/ROS2_ServiceRobot/kaia_ws/install/robot_serving_bot/share/robot_serving_bot/config/cartographer_lds_2d.lua\n'}
[5.841884] (kaiaai_msgs) StdoutLine: {'line': b'[  1%] Built target kaiaai_msgs__rosidl_generator_type_description\n'}
[5.844143] (robot_serving_bot) StdoutLine: {'line': b'-- Symlinking: /home/duong/Arduino/ROS2_ServiceRobot/kaia_ws/install/robot_serving_bot/share/robot_serving_bot/config/etc/navigation_humble.yaml\n'}
[5.860185] (robot_serving_bot) StdoutLine: {'line': b'-- Symlinking: /home/duong/Arduino/ROS2_ServiceRobot/kaia_ws/install/robot_serving_bot/share/robot_serving_bot/config/etc/navigation_iron.yaml\n'}
[5.862671] (kaiaai_msgs) StdoutLine: {'line': b'[  2%] Generating C code for ROS interfaces\n'}
[5.876031] (robot_serving_bot) StdoutLine: {'line': b'-- Symlinking: /home/duong/Arduino/ROS2_ServiceRobot/kaia_ws/install/robot_serving_bot/share/robot_serving_bot/config/explore_lite.yaml\n'}
[5.880952] (kaiaai_msgs) StdoutLine: {'line': b'[  4%] Generating C++ code for ROS interfaces\n'}
[5.892497] (robot_serving_bot) StdoutLine: {'line': b'-- Symlinking: /home/duong/Arduino/ROS2_ServiceRobot/kaia_ws/install/robot_serving_bot/share/robot_serving_bot/config/kaiaai.yaml\n'}
[5.908295] (robot_serving_bot) StdoutLine: {'line': b'-- Symlinking: /home/duong/Arduino/ROS2_ServiceRobot/kaia_ws/install/robot_serving_bot/share/robot_serving_bot/config/navigation.yaml\n'}
[5.924303] (robot_serving_bot) StdoutLine: {'line': b'-- Symlinking: /home/duong/Arduino/ROS2_ServiceRobot/kaia_ws/install/robot_serving_bot/share/robot_serving_bot/config/navigation_new.yaml\n'}
[5.926004] (-) TimerEvent: {}
[5.940251] (robot_serving_bot) StdoutLine: {'line': b'-- Symlinking: /home/duong/Arduino/ROS2_ServiceRobot/kaia_ws/install/robot_serving_bot/share/robot_serving_bot/config/navigation_pursuit.yaml\n'}
[5.956721] (robot_serving_bot) StdoutLine: {'line': b'-- Symlinking: /home/duong/Arduino/ROS2_ServiceRobot/kaia_ws/install/robot_serving_bot/share/robot_serving_bot/config/self_drive_gazebo.yaml\n'}
[5.961393] (kaiaai_gazebo) StdoutLine: {'line': b'-- Found nav_msgs: 5.0.1 (/opt/ros/iron/share/nav_msgs/cmake)\n'}
[5.972999] (robot_serving_bot) StdoutLine: {'line': b'-- Symlinking: /home/duong/Arduino/ROS2_ServiceRobot/kaia_ws/install/robot_serving_bot/share/robot_serving_bot/config/telem.yaml\n'}
[5.988949] (robot_serving_bot) StdoutLine: {'line': b'-- Symlinking: /home/duong/Arduino/ROS2_ServiceRobot/kaia_ws/install/robot_serving_bot/share/robot_serving_bot/config/teleop_keyboard.yaml\n'}
[6.005372] (robot_serving_bot) StdoutLine: {'line': b'-- Symlinking: /home/duong/Arduino/ROS2_ServiceRobot/kaia_ws/install/robot_serving_bot/share/robot_serving_bot/meshes/base.stl\n'}
[6.026156] (robot_serving_bot) StdoutLine: {'line': b'-- Symlinking: /home/duong/Arduino/ROS2_ServiceRobot/kaia_ws/install/robot_serving_bot/share/robot_serving_bot/meshes/left_wheel.stl\n'}
[6.026430] (-) TimerEvent: {}
[6.042809] (robot_serving_bot) StdoutLine: {'line': b'-- Symlinking: /home/duong/Arduino/ROS2_ServiceRobot/kaia_ws/install/robot_serving_bot/share/robot_serving_bot/meshes/lidar.stl\n'}
[6.058656] (robot_serving_bot) StdoutLine: {'line': b'-- Symlinking: /home/duong/Arduino/ROS2_ServiceRobot/kaia_ws/install/robot_serving_bot/share/robot_serving_bot/meshes/right_wheel.stl\n'}
[6.075273] (robot_serving_bot) StdoutLine: {'line': b'-- Symlinking: /home/duong/Arduino/ROS2_ServiceRobot/kaia_ws/install/robot_serving_bot/share/ament_index/resource_index/package_run_dependencies/robot_serving_bot\n'}
[6.093829] (robot_serving_bot) StdoutLine: {'line': b'-- Symlinking: /home/duong/Arduino/ROS2_ServiceRobot/kaia_ws/install/robot_serving_bot/share/ament_index/resource_index/parent_prefix_path/robot_serving_bot\n'}
[6.109780] (robot_serving_bot) StdoutLine: {'line': b'-- Symlinking: /home/duong/Arduino/ROS2_ServiceRobot/kaia_ws/install/robot_serving_bot/share/robot_serving_bot/environment/ament_prefix_path.sh\n'}
[6.126609] (-) TimerEvent: {}
[6.128166] (robot_serving_bot) StdoutLine: {'line': b'-- Symlinking: /home/duong/Arduino/ROS2_ServiceRobot/kaia_ws/install/robot_serving_bot/share/robot_serving_bot/environment/ament_prefix_path.dsv\n'}
[6.146449] (robot_serving_bot) StdoutLine: {'line': b'-- Symlinking: /home/duong/Arduino/ROS2_ServiceRobot/kaia_ws/install/robot_serving_bot/share/robot_serving_bot/environment/path.sh\n'}
[6.163283] (robot_serving_bot) StdoutLine: {'line': b'-- Symlinking: /home/duong/Arduino/ROS2_ServiceRobot/kaia_ws/install/robot_serving_bot/share/robot_serving_bot/environment/path.dsv\n'}
[6.164854] (kaiaai_gazebo) StdoutLine: {'line': b'-- Found rclcpp: 21.0.8 (/opt/ros/iron/share/rclcpp/cmake)\n'}
[6.172814] (makerspet) StdoutLine: {'line': b'running develop\n'}
[6.183600] (robot_serving_bot) StdoutLine: {'line': b'-- Symlinking: /home/duong/Arduino/ROS2_ServiceRobot/kaia_ws/install/robot_serving_bot/share/robot_serving_bot/local_setup.bash\n'}
[6.198498] (robot_serving_bot) StdoutLine: {'line': b'-- Symlinking: /home/duong/Arduino/ROS2_ServiceRobot/kaia_ws/install/robot_serving_bot/share/robot_serving_bot/local_setup.sh\n'}
[6.218825] (robot_serving_bot) StdoutLine: {'line': b'-- Symlinking: /home/duong/Arduino/ROS2_ServiceRobot/kaia_ws/install/robot_serving_bot/share/robot_serving_bot/local_setup.zsh\n'}
[6.226718] (-) TimerEvent: {}
[6.240315] (robot_serving_bot) StdoutLine: {'line': b'-- Symlinking: /home/duong/Arduino/ROS2_ServiceRobot/kaia_ws/install/robot_serving_bot/share/robot_serving_bot/local_setup.dsv\n'}
[6.261917] (robot_serving_bot) StdoutLine: {'line': b'-- Symlinking: /home/duong/Arduino/ROS2_ServiceRobot/kaia_ws/install/robot_serving_bot/share/robot_serving_bot/package.dsv\n'}
[6.282333] (robot_serving_bot) StdoutLine: {'line': b'-- Symlinking: /home/duong/Arduino/ROS2_ServiceRobot/kaia_ws/install/robot_serving_bot/share/ament_index/resource_index/packages/robot_serving_bot\n'}
[6.302369] (robot_serving_bot) StdoutLine: {'line': b'-- Symlinking: /home/duong/Arduino/ROS2_ServiceRobot/kaia_ws/install/robot_serving_bot/share/robot_serving_bot/cmake/robot_serving_botConfig.cmake\n'}
[6.322697] (robot_serving_bot) StdoutLine: {'line': b'-- Symlinking: /home/duong/Arduino/ROS2_ServiceRobot/kaia_ws/install/robot_serving_bot/share/robot_serving_bot/cmake/robot_serving_botConfig-version.cmake\n'}
[6.326828] (-) TimerEvent: {}
[6.340962] (explore_lite) StdoutLine: {'line': b'-- Found map_msgs: 2.2.0 (/opt/ros/iron/share/map_msgs/cmake)\n'}
[6.342946] (robot_serving_bot) StdoutLine: {'line': b'-- Symlinking: /home/duong/Arduino/ROS2_ServiceRobot/kaia_ws/install/robot_serving_bot/share/robot_serving_bot/package.xml\n'}
[6.379319] (kaiaai_gazebo) StdoutLine: {'line': b'-- Found rmw_implementation_cmake: 7.1.0 (/opt/ros/iron/share/rmw_implementation_cmake/cmake)\n'}
[6.380728] (robot_serving_bot) CommandEnded: {'returncode': 0}
[6.404738] (robot_serving_bot) JobEnded: {'identifier': 'robot_serving_bot', 'rc': 0}
[6.405282] (auto_mapper) StdoutLine: {'line': b'-- Found nav2_costmap_2d: 1.2.10 (/opt/ros/iron/share/nav2_costmap_2d/cmake)\n'}
[6.405467] (kaiaai_gazebo) StdoutLine: {'line': b'-- Found rmw_fastrtps_cpp: 7.1.4 (/opt/ros/iron/share/rmw_fastrtps_cpp/cmake)\n'}
[6.426945] (-) TimerEvent: {}
[6.444113] (makerspet) StdoutLine: {'line': b'running egg_info\n'}
[6.444469] (makerspet) StdoutLine: {'line': b'creating makerspet.egg-info\n'}
[6.444803] (makerspet) StdoutLine: {'line': b'writing makerspet.egg-info/PKG-INFO\n'}
[6.445111] (makerspet) StdoutLine: {'line': b'writing dependency_links to makerspet.egg-info/dependency_links.txt\n'}
[6.445222] (makerspet) StdoutLine: {'line': b'writing entry points to makerspet.egg-info/entry_points.txt\n'}
[6.445336] (makerspet) StdoutLine: {'line': b'writing requirements to makerspet.egg-info/requires.txt\n'}
[6.445450] (makerspet) StdoutLine: {'line': b'writing top-level names to makerspet.egg-info/top_level.txt\n'}
[6.445750] (makerspet) StdoutLine: {'line': b"writing manifest file 'makerspet.egg-info/SOURCES.txt'\n"}
[6.448083] (makerspet) StdoutLine: {'line': b"reading manifest file 'makerspet.egg-info/SOURCES.txt'\n"}
[6.450812] (makerspet) StdoutLine: {'line': b"writing manifest file 'makerspet.egg-info/SOURCES.txt'\n"}
[6.451295] (makerspet) StdoutLine: {'line': b'running build_ext\n'}
[6.451588] (makerspet) StdoutLine: {'line': b'Creating /home/duong/Arduino/ROS2_ServiceRobot/kaia_ws/install/makerspet/lib/python3.10/site-packages/makerspet.egg-link (link to .)\n'}
[6.452819] (makerspet) StdoutLine: {'line': b'Installing param_client script to /home/duong/Arduino/ROS2_ServiceRobot/kaia_ws/install/makerspet/lib/makerspet\n'}
[6.453275] (makerspet) StdoutLine: {'line': b'\n'}
[6.453407] (makerspet) StdoutLine: {'line': b'Installed /home/duong/Arduino/ROS2_ServiceRobot/kaia_ws/build/makerspet\n'}
[6.453523] (makerspet) StdoutLine: {'line': b'running symlink_data\n'}
[6.453815] (makerspet) StdoutLine: {'line': b'creating /home/duong/Arduino/ROS2_ServiceRobot/kaia_ws/install/makerspet/share/ament_index\n'}
[6.454096] (makerspet) StdoutLine: {'line': b'creating /home/duong/Arduino/ROS2_ServiceRobot/kaia_ws/install/makerspet/share/ament_index/resource_index\n'}
[6.454229] (makerspet) StdoutLine: {'line': b'creating /home/duong/Arduino/ROS2_ServiceRobot/kaia_ws/install/makerspet/share/ament_index/resource_index/packages\n'}
[6.454344] (makerspet) StdoutLine: {'line': b'symbolically linking /home/duong/Arduino/ROS2_ServiceRobot/kaia_ws/build/makerspet/resource/makerspet -> /home/duong/Arduino/ROS2_ServiceRobot/kaia_ws/install/makerspet/share/ament_index/resource_index/packages\n'}
[6.454457] (makerspet) StdoutLine: {'line': b'symbolically linking /home/duong/Arduino/ROS2_ServiceRobot/kaia_ws/build/makerspet/package.xml -> /home/duong/Arduino/ROS2_ServiceRobot/kaia_ws/install/makerspet/share/makerspet\n'}
[6.527057] (-) TimerEvent: {}
[6.627321] (-) TimerEvent: {}
[6.628521] (kaiaai_gazebo) StdoutLine: {'line': b'-- Found OpenSSL: /usr/lib/x86_64-linux-gnu/libcrypto.so (found version "3.0.2")  \n'}
[6.630079] (makerspet) CommandEnded: {'returncode': 0}
[6.647704] (makerspet) JobEnded: {'identifier': 'makerspet', 'rc': 0}
[6.648300] (explore_lite) StdoutLine: {'line': b'-- Found visualization_msgs: 5.0.1 (/opt/ros/iron/share/visualization_msgs/cmake)\n'}
[6.696894] (kaiaai_gazebo) StdoutLine: {'line': b'-- Found FastRTPS: /opt/ros/iron/include  \n'}
[6.727471] (-) TimerEvent: {}
[6.795992] (kaiaai_gazebo) StdoutLine: {'line': b"-- Using RMW implementation 'rmw_fastrtps_cpp' as default\n"}
[6.812133] (kaiaai_msgs) StdoutLine: {'line': b'[  4%] Built target kaiaai_msgs__cpp\n'}
[6.827675] (-) TimerEvent: {}
[6.884211] (auto_mapper) StdoutLine: {'line': b'-- Found Eigen3: TRUE (found version "3.4.0") \n'}
[6.884547] (auto_mapper) StdoutLine: {'line': b'-- Ensuring Eigen3 include directory is part of orocos-kdl CMake target\n'}
[6.915483] (kaiaai_msgs) StdoutLine: {'line': b'[  6%] Building C object CMakeFiles/kaiaai_msgs__rosidl_generator_c.dir/rosidl_generator_c/kaiaai_msgs/msg/detail/wifi_state__description.c.o\n'}
[6.915790] (kaiaai_msgs) StdoutLine: {'line': b'[  6%] Building C object CMakeFiles/kaiaai_msgs__rosidl_generator_c.dir/rosidl_generator_c/kaiaai_msgs/msg/detail/wifi_state__functions.c.o\n'}
[6.915883] (kaiaai_msgs) StdoutLine: {'line': b'[  8%] Building C object CMakeFiles/kaiaai_msgs__rosidl_generator_c.dir/rosidl_generator_c/kaiaai_msgs/msg/detail/joint_pos_vel__description.c.o\n'}
[6.915966] (kaiaai_msgs) StdoutLine: {'line': b'[  9%] Building C object CMakeFiles/kaiaai_msgs__rosidl_generator_c.dir/rosidl_generator_c/kaiaai_msgs/msg/detail/kaiaai_telemetry__functions.c.o\n'}
[6.916052] (kaiaai_msgs) StdoutLine: {'line': b'[ 10%] Building C object CMakeFiles/kaiaai_msgs__rosidl_generator_c.dir/rosidl_generator_c/kaiaai_msgs/msg/detail/joint_pos_vel__functions.c.o\n'}
[6.916170] (kaiaai_msgs) StdoutLine: {'line': b'[ 12%] Building C object CMakeFiles/kaiaai_msgs__rosidl_generator_c.dir/rosidl_generator_c/kaiaai_msgs/msg/detail/wifi_state__type_support.c.o\n'}
[6.920682] (kaiaai_msgs) StdoutLine: {'line': b'[ 13%] Building C object CMakeFiles/kaiaai_msgs__rosidl_generator_c.dir/rosidl_generator_c/kaiaai_msgs/msg/detail/kaiaai_telemetry__description.c.o\n'}
[6.922499] (kaiaai_msgs) StdoutLine: {'line': b'[ 14%] Building C object CMakeFiles/kaiaai_msgs__rosidl_generator_c.dir/rosidl_generator_c/kaiaai_msgs/msg/detail/kaiaai_telemetry__type_support.c.o\n'}
[6.924802] (kaiaai_msgs) StdoutLine: {'line': b'[ 16%] Building C object CMakeFiles/kaiaai_msgs__rosidl_generator_c.dir/rosidl_generator_c/kaiaai_msgs/msg/detail/kaiaai_telemetry2__description.c.o\n'}
[6.925258] (kaiaai_msgs) StdoutLine: {'line': b'[ 17%] Building C object CMakeFiles/kaiaai_msgs__rosidl_generator_c.dir/rosidl_generator_c/kaiaai_msgs/msg/detail/joint_pos_vel__type_support.c.o\n'}
[6.927886] (-) TimerEvent: {}
[6.931518] (kaiaai_msgs) StdoutLine: {'line': b'[ 18%] Building C object CMakeFiles/kaiaai_msgs__rosidl_generator_c.dir/rosidl_generator_c/kaiaai_msgs/msg/detail/kaiaai_telemetry2__functions.c.o\n'}
[6.935505] (explore_lite) StdoutLine: {'line': b'-- Found nav2_costmap_2d: 1.2.10 (/opt/ros/iron/share/nav2_costmap_2d/cmake)\n'}
[6.936798] (kaiaai_msgs) StdoutLine: {'line': b'[ 20%] Building C object CMakeFiles/kaiaai_msgs__rosidl_generator_c.dir/rosidl_generator_c/kaiaai_msgs/msg/detail/kaiaai_telemetry2__type_support.c.o\n'}
[7.001994] (kaiaai_msgs) StdoutLine: {'line': b'[ 21%] Building C object CMakeFiles/kaiaai_msgs__rosidl_generator_c.dir/rosidl_generator_c/kaiaai_msgs/msg/detail/online_event__description.c.o\n'}
[7.006894] (kaiaai_msgs) StdoutLine: {'line': b'[ 22%] Building C object CMakeFiles/kaiaai_msgs__rosidl_generator_c.dir/rosidl_generator_c/kaiaai_msgs/msg/detail/online_event__functions.c.o\n'}
[7.018108] (kaiaai_msgs) StdoutLine: {'line': b'[ 24%] Building C object CMakeFiles/kaiaai_msgs__rosidl_generator_c.dir/rosidl_generator_c/kaiaai_msgs/msg/detail/online_event__type_support.c.o\n'}
[7.028032] (-) TimerEvent: {}
[7.095619] (kaiaai_msgs) StdoutLine: {'line': b'[ 25%] Linking C shared library libkaiaai_msgs__rosidl_generator_c.so\n'}
[7.112570] (kaiaai_gazebo) StdoutLine: {'line': b'-- Found sensor_msgs: 5.0.1 (/opt/ros/iron/share/sensor_msgs/cmake)\n'}
[7.128143] (-) TimerEvent: {}
[7.174185] (kaiaai_msgs) StdoutLine: {'line': b'[ 25%] Built target kaiaai_msgs__rosidl_generator_c\n'}
[7.193637] (kaiaai_msgs) StdoutLine: {'line': b'[ 28%] Generating C type support for eProsima Fast-RTPS\n'}
[7.194021] (kaiaai_msgs) StdoutLine: {'line': b'[ 28%] Generating C++ type support dispatch for ROS interfaces\n'}
[7.194102] (kaiaai_msgs) StdoutLine: {'line': b'[ 29%] Generating C introspection for ROS interfaces\n'}
[7.196717] (kaiaai_msgs) StdoutLine: {'line': b'[ 32%] Generating C++ introspection for ROS interfaces\n'}
[7.196941] (kaiaai_msgs) StdoutLine: {'line': b'[ 32%] Generating C++ type support for eProsima Fast-RTPS\n'}
[7.197342] (kaiaai_msgs) StdoutLine: {'line': b'[ 33%] Generating C type support dispatch for ROS interfaces\n'}
[7.228259] (-) TimerEvent: {}
[7.256334] (kaiaai_gazebo) StdoutLine: {'line': b'-- Found tf2: 0.31.8 (/opt/ros/iron/share/tf2/cmake)\n'}
[7.328412] (-) TimerEvent: {}
[7.375662] (kaiaai_gazebo) StdoutLine: {'line': b'-- Configuring done\n'}
[7.394795] (kaiaai_gazebo) StdoutLine: {'line': b'-- Generating done\n'}
[7.401913] (kaiaai_gazebo) StdoutLine: {'line': b'-- Build files have been written to: /home/duong/Arduino/ROS2_ServiceRobot/kaia_ws/build/kaiaai_gazebo\n'}
[7.428590] (-) TimerEvent: {}
[7.528845] (-) TimerEvent: {}
[7.629061] (-) TimerEvent: {}
[7.729324] (-) TimerEvent: {}
[7.789155] (kaiaai_msgs) StdoutLine: {'line': b'[ 35%] Building CXX object CMakeFiles/kaiaai_msgs__rosidl_typesupport_cpp.dir/rosidl_typesupport_cpp/kaiaai_msgs/msg/kaiaai_telemetry__type_support.cpp.o\n'}
[7.791225] (kaiaai_gazebo) CommandEnded: {'returncode': 0}
[7.791522] (kaiaai_gazebo) JobProgress: {'identifier': 'kaiaai_gazebo', 'progress': 'build'}
[7.791547] (kaiaai_gazebo) Command: {'cmd': ['/usr/bin/cmake', '--build', '/home/duong/Arduino/ROS2_ServiceRobot/kaia_ws/build/kaiaai_gazebo', '--', '-j12', '-l12'], 'cwd': '/home/duong/Arduino/ROS2_ServiceRobot/kaia_ws/build/kaiaai_gazebo', 'env': OrderedDict([('SHLVL', '0'), ('LD_LIBRARY_PATH', '/home/duong/Arduino/ROS2_ServiceRobot/uros_ws/install/micro_ros_agent/lib:/home/duong/Arduino/ROS2_ServiceRobot/uros_ws/install/micro_ros_msgs/lib:/home/duong/Arduino/ROS2_ServiceRobot/uros_ws/install/drive_base_msgs/lib:/usr/lib/x86_64-linux-gnu/gazebo-11/plugins:/opt/ros/iron/opt/rviz_ogre_vendor/lib:/opt/ros/iron/lib/x86_64-linux-gnu:/opt/ros/iron/lib'), ('HOME', '/tmp'), ('ROS_PYTHON_VERSION', '3'), ('COLCON_PREFIX_PATH', '/home/duong/Arduino/ROS2_ServiceRobot/uros_ws/install'), ('ROS_DISTRO', 'iron'), ('_', '/usr/bin/colcon'), ('ROS_VERSION', '2'), ('PATH', '/opt/ros/iron/bin:/usr/local/bin:/usr/bin:/bin'), ('LANG', 'C.UTF-8'), ('AMENT_PREFIX_PATH', '/home/duong/Arduino/ROS2_ServiceRobot/kaia_ws/install/kaiaai:/home/duong/Arduino/ROS2_ServiceRobot/uros_ws/install/micro_ros_setup:/home/duong/Arduino/ROS2_ServiceRobot/uros_ws/install/micro_ros_agent:/home/duong/Arduino/ROS2_ServiceRobot/uros_ws/install/micro_ros_msgs:/home/duong/Arduino/ROS2_ServiceRobot/uros_ws/install/drive_base_msgs:/opt/ros/iron'), ('ROS_AUTOMATIC_DISCOVERY_RANGE', 'SUBNET'), ('PWD', '/home/duong/Arduino/ROS2_ServiceRobot/kaia_ws/build/kaiaai_gazebo'), ('LC_ALL', 'C.UTF-8'), ('PYTHONPATH', '/home/duong/Arduino/ROS2_ServiceRobot/kaia_ws/build/kaiaai:/home/duong/Arduino/ROS2_ServiceRobot/kaia_ws/install/kaiaai/lib/python3.10/site-packages:/home/duong/Arduino/ROS2_ServiceRobot/uros_ws/install/micro_ros_msgs/lib/python3.10/site-packages:/home/duong/Arduino/ROS2_ServiceRobot/uros_ws/install/drive_base_msgs/lib/python3.10/site-packages:/opt/ros/iron/lib/python3.10/site-packages'), ('COLCON', '1'), ('CMAKE_PREFIX_PATH', '/home/duong/Arduino/ROS2_ServiceRobot/uros_ws/install/micro_ros_setup:/home/duong/Arduino/ROS2_ServiceRobot/uros_ws/install/micro_ros_agent:/home/duong/Arduino/ROS2_ServiceRobot/uros_ws/install/micro_ros_msgs:/home/duong/Arduino/ROS2_ServiceRobot/uros_ws/install/drive_base_msgs:/opt/ros/iron')]), 'shell': False}
[7.794215] (kaiaai_msgs) StdoutLine: {'line': b'[ 37%] Building CXX object CMakeFiles/kaiaai_msgs__rosidl_typesupport_cpp.dir/rosidl_typesupport_cpp/kaiaai_msgs/msg/wifi_state__type_support.cpp.o\n'}
[7.794441] (kaiaai_msgs) StdoutLine: {'line': b'[ 39%] Building CXX object CMakeFiles/kaiaai_msgs__rosidl_typesupport_cpp.dir/rosidl_typesupport_cpp/kaiaai_msgs/msg/online_event__type_support.cpp.o\n'}
[7.795666] (kaiaai_msgs) StdoutLine: {'line': b'[ 39%] Building CXX object CMakeFiles/kaiaai_msgs__rosidl_typesupport_cpp.dir/rosidl_typesupport_cpp/kaiaai_msgs/msg/joint_pos_vel__type_support.cpp.o\n'}
[7.806450] (kaiaai_msgs) StdoutLine: {'line': b'[ 40%] Building CXX object CMakeFiles/kaiaai_msgs__rosidl_typesupport_cpp.dir/rosidl_typesupport_cpp/kaiaai_msgs/msg/kaiaai_telemetry2__type_support.cpp.o\n'}
[7.830641] (-) TimerEvent: {}
[7.930849] (-) TimerEvent: {}
[7.982740] (kaiaai_gazebo) StdoutLine: {'line': b'[ 50%] Building CXX object CMakeFiles/self_drive_gazebo.dir/src/self_drive_gazebo.cpp.o\n'}
[8.031002] (-) TimerEvent: {}
[8.080462] (kaiaai_msgs) StdoutLine: {'line': b'[ 41%] Building CXX object CMakeFiles/kaiaai_msgs__rosidl_typesupport_fastrtps_cpp.dir/rosidl_typesupport_fastrtps_cpp/kaiaai_msgs/msg/detail/dds_fastrtps/kaiaai_telemetry__type_support.cpp.o\n'}
[8.091508] (kaiaai_msgs) StdoutLine: {'line': b'[ 43%] Building CXX object CMakeFiles/kaiaai_msgs__rosidl_typesupport_fastrtps_cpp.dir/rosidl_typesupport_fastrtps_cpp/kaiaai_msgs/msg/detail/dds_fastrtps/wifi_state__type_support.cpp.o\n'}
[8.125122] (kaiaai_msgs) StdoutLine: {'line': b'[ 44%] Building CXX object CMakeFiles/kaiaai_msgs__rosidl_typesupport_c.dir/rosidl_typesupport_c/kaiaai_msgs/msg/kaiaai_telemetry__type_support.cpp.o\n'}
[8.127135] (kaiaai_msgs) StdoutLine: {'line': b'[ 45%] Building CXX object CMakeFiles/kaiaai_msgs__rosidl_typesupport_fastrtps_cpp.dir/rosidl_typesupport_fastrtps_cpp/kaiaai_msgs/msg/detail/dds_fastrtps/joint_pos_vel__type_support.cpp.o\n'}
[8.131156] (-) TimerEvent: {}
[8.231475] (-) TimerEvent: {}
[8.239690] (kaiaai_msgs) StdoutLine: {'line': b'[ 47%] Building CXX object CMakeFiles/kaiaai_msgs__rosidl_typesupport_c.dir/rosidl_typesupport_c/kaiaai_msgs/msg/wifi_state__type_support.cpp.o\n'}
[8.306953] (kaiaai_msgs) StdoutLine: {'line': b'[ 48%] Building CXX object CMakeFiles/kaiaai_msgs__rosidl_typesupport_introspection_cpp.dir/rosidl_typesupport_introspection_cpp/kaiaai_msgs/msg/detail/kaiaai_telemetry__type_support.cpp.o\n'}
[8.326418] (kaiaai_msgs) StdoutLine: {'line': b'[ 50%] Building C object CMakeFiles/kaiaai_msgs__rosidl_typesupport_introspection_c.dir/rosidl_typesupport_introspection_c/kaiaai_msgs/msg/detail/kaiaai_telemetry__type_support.c.o\n'}
[8.331692] (-) TimerEvent: {}
[8.404687] (kaiaai_msgs) StdoutLine: {'line': b'[ 51%] Building CXX object CMakeFiles/kaiaai_msgs__rosidl_typesupport_c.dir/rosidl_typesupport_c/kaiaai_msgs/msg/joint_pos_vel__type_support.cpp.o\n'}
[8.431827] (-) TimerEvent: {}
[8.452112] (kaiaai_msgs) StdoutLine: {'line': b'[ 52%] Building C object CMakeFiles/kaiaai_msgs__rosidl_typesupport_introspection_c.dir/rosidl_typesupport_introspection_c/kaiaai_msgs/msg/detail/wifi_state__type_support.c.o\n'}
[8.501158] (kaiaai_msgs) StdoutLine: {'line': b'[ 54%] Building CXX object CMakeFiles/kaiaai_msgs__rosidl_typesupport_fastrtps_c.dir/rosidl_typesupport_fastrtps_c/kaiaai_msgs/msg/detail/kaiaai_telemetry__type_support_c.cpp.o\n'}
[8.531980] (-) TimerEvent: {}
[8.542186] (kaiaai_msgs) StdoutLine: {'line': b'[ 55%] Building CXX object CMakeFiles/kaiaai_msgs__rosidl_typesupport_fastrtps_c.dir/rosidl_typesupport_fastrtps_c/kaiaai_msgs/msg/detail/wifi_state__type_support_c.cpp.o\n'}
[8.555797] (kaiaai_msgs) StdoutLine: {'line': b'[ 56%] Building CXX object CMakeFiles/kaiaai_msgs__rosidl_typesupport_c.dir/rosidl_typesupport_c/kaiaai_msgs/msg/kaiaai_telemetry2__type_support.cpp.o\n'}
[8.576240] (kaiaai_msgs) StdoutLine: {'line': b'[ 58%] Building CXX object CMakeFiles/kaiaai_msgs__rosidl_typesupport_introspection_cpp.dir/rosidl_typesupport_introspection_cpp/kaiaai_msgs/msg/detail/wifi_state__type_support.cpp.o\n'}
[8.598594] (kaiaai_msgs) StdoutLine: {'line': b'[ 59%] Building C object CMakeFiles/kaiaai_msgs__rosidl_typesupport_introspection_c.dir/rosidl_typesupport_introspection_c/kaiaai_msgs/msg/detail/joint_pos_vel__type_support.c.o\n'}
[8.621664] (kaiaai_msgs) StdoutLine: {'line': b'[ 60%] Building CXX object CMakeFiles/kaiaai_msgs__rosidl_typesupport_fastrtps_c.dir/rosidl_typesupport_fastrtps_c/kaiaai_msgs/msg/detail/joint_pos_vel__type_support_c.cpp.o\n'}
[8.632119] (-) TimerEvent: {}
[8.643869] (kaiaai_msgs) StdoutLine: {'line': b'[ 62%] Building CXX object CMakeFiles/kaiaai_msgs__rosidl_typesupport_introspection_cpp.dir/rosidl_typesupport_introspection_cpp/kaiaai_msgs/msg/detail/joint_pos_vel__type_support.cpp.o\n'}
[8.664905] (kaiaai_msgs) StdoutLine: {'line': b'[ 63%] Building CXX object CMakeFiles/kaiaai_msgs__rosidl_typesupport_c.dir/rosidl_typesupport_c/kaiaai_msgs/msg/online_event__type_support.cpp.o\n'}
[8.688353] (kaiaai_msgs) StdoutLine: {'line': b'[ 64%] Linking CXX shared library libkaiaai_msgs__rosidl_typesupport_cpp.so\n'}
[8.732265] (-) TimerEvent: {}
[8.734169] (kaiaai_msgs) StdoutLine: {'line': b'[ 66%] Building C object CMakeFiles/kaiaai_msgs__rosidl_typesupport_introspection_c.dir/rosidl_typesupport_introspection_c/kaiaai_msgs/msg/detail/kaiaai_telemetry2__type_support.c.o\n'}
[8.832421] (-) TimerEvent: {}
[8.839680] (kaiaai_msgs) StdoutLine: {'line': b'[ 67%] Linking CXX shared library libkaiaai_msgs__rosidl_typesupport_c.so\n'}
[8.842221] (kaiaai_msgs) StdoutLine: {'line': b'[ 67%] Built target kaiaai_msgs__rosidl_typesupport_cpp\n'}
[8.863514] (kaiaai_msgs) StdoutLine: {'line': b'[ 68%] Building CXX object CMakeFiles/kaiaai_msgs__rosidl_typesupport_introspection_cpp.dir/rosidl_typesupport_introspection_cpp/kaiaai_msgs/msg/detail/kaiaai_telemetry2__type_support.cpp.o\n'}
[8.898924] (auto_mapper) StdoutLine: {'line': b'-- Found nav2_map_server: 1.2.10 (/opt/ros/iron/share/nav2_map_server/cmake)\n'}
[8.935665] (-) TimerEvent: {}
[8.954054] (kaiaai_msgs) StdoutLine: {'line': b'[ 70%] Building C object CMakeFiles/kaiaai_msgs__rosidl_typesupport_introspection_c.dir/rosidl_typesupport_introspection_c/kaiaai_msgs/msg/detail/online_event__type_support.c.o\n'}
[8.963213] (explore_lite) StdoutLine: {'line': b'-- Found ament_lint_auto: 0.14.4 (/opt/ros/iron/share/ament_lint_auto/cmake)\n'}
[8.981910] (kaiaai_msgs) StdoutLine: {'line': b'[ 70%] Built target kaiaai_msgs__rosidl_typesupport_c\n'}
[9.017254] (kaiaai_msgs) StdoutLine: {'line': b'[ 71%] Building CXX object CMakeFiles/kaiaai_msgs__rosidl_typesupport_introspection_cpp.dir/rosidl_typesupport_introspection_cpp/kaiaai_msgs/msg/detail/online_event__type_support.cpp.o\n'}
[9.035792] (-) TimerEvent: {}
[9.122662] (kaiaai_msgs) StdoutLine: {'line': b'[ 72%] Linking C shared library libkaiaai_msgs__rosidl_typesupport_introspection_c.so\n'}
[9.140699] (-) TimerEvent: {}
[9.229329] (explore_lite) StdoutLine: {'line': b'-- Found ament_cmake_gtest: 2.0.7 (/opt/ros/iron/share/ament_cmake_gtest/cmake)\n'}
[9.238858] (explore_lite) StdoutLine: {'line': b"-- Found gtest sources under '/opt/ros/iron/src/gtest_vendor': C++ tests using 'Google Test' will be built\n"}
[9.240833] (-) TimerEvent: {}
[9.255198] (explore_lite) StdoutLine: {'line': b'-- Looking for pthread.h\n'}
[9.273610] (kaiaai_msgs) StdoutLine: {'line': b'[ 72%] Built target kaiaai_msgs__rosidl_typesupport_introspection_c\n'}
[9.279079] (kaiaai_msgs) StdoutLine: {'line': b'[ 74%] Building CXX object CMakeFiles/kaiaai_msgs__rosidl_typesupport_fastrtps_c.dir/rosidl_typesupport_fastrtps_c/kaiaai_msgs/msg/detail/kaiaai_telemetry2__type_support_c.cpp.o\n'}
[9.298498] (kaiaai_msgs) StdoutLine: {'line': b'[ 75%] Building CXX object CMakeFiles/kaiaai_msgs__rosidl_typesupport_fastrtps_cpp.dir/rosidl_typesupport_fastrtps_cpp/kaiaai_msgs/msg/detail/dds_fastrtps/kaiaai_telemetry2__type_support.cpp.o\n'}
[9.335873] (kaiaai_msgs) StdoutLine: {'line': b'[ 77%] Building CXX object CMakeFiles/kaiaai_msgs__rosidl_typesupport_fastrtps_cpp.dir/rosidl_typesupport_fastrtps_cpp/kaiaai_msgs/msg/detail/dds_fastrtps/online_event__type_support.cpp.o\n'}
[9.340985] (-) TimerEvent: {}
[9.347679] (kaiaai_msgs) StdoutLine: {'line': b'[ 78%] Building CXX object CMakeFiles/kaiaai_msgs__rosidl_typesupport_fastrtps_c.dir/rosidl_typesupport_fastrtps_c/kaiaai_msgs/msg/detail/online_event__type_support_c.cpp.o\n'}
[9.441118] (-) TimerEvent: {}
[9.460470] (explore_lite) StdoutLine: {'line': b'-- Looking for pthread.h - found\n'}
[9.460865] (explore_lite) StdoutLine: {'line': b'-- Performing Test CMAKE_HAVE_LIBC_PTHREAD\n'}
[9.541246] (-) TimerEvent: {}
[9.639487] (explore_lite) StdoutLine: {'line': b'-- Performing Test CMAKE_HAVE_LIBC_PTHREAD - Success\n'}
[9.641388] (-) TimerEvent: {}
[9.641898] (explore_lite) StdoutLine: {'line': b'-- Found Threads: TRUE  \n'}
[9.665440] (explore_lite) StdoutLine: {'line': b"-- Added test 'cppcheck' to perform static code analysis on C / C++ code\n"}
[9.666915] (explore_lite) StdoutLine: {'line': b'-- Configured cppcheck include dirs: /home/duong/Arduino/ROS2_ServiceRobot/kaia_ws/src/m-explore-ros2/explore/include;$<BUILD_INTERFACE:/home/duong/Arduino/ROS2_ServiceRobot/kaia_ws/src/m-explore-ros2/explore/include>\n'}
[9.667192] (explore_lite) StdoutLine: {'line': b'-- Configured cppcheck exclude dirs and/or files: \n'}
[9.669911] (explore_lite) StdoutLine: {'line': b"-- Added test 'flake8' to check Python code syntax and style conventions\n"}
[9.670198] (explore_lite) StdoutLine: {'line': b"-- Configured 'flake8' exclude dirs and/or files: \n"}
[9.670542] (explore_lite) StdoutLine: {'line': b"-- Added test 'lint_cmake' to check CMake code style\n"}
[9.671899] (explore_lite) StdoutLine: {'line': b"-- Added test 'pep257' to check Python code against some of the docstring style conventions in PEP 257\n"}
[9.676227] (explore_lite) StdoutLine: {'line': b"-- Added test 'uncrustify' to check C / C++ code style\n"}
[9.676722] (explore_lite) StdoutLine: {'line': b'-- Configured uncrustify additional arguments: \n'}
[9.678116] (explore_lite) StdoutLine: {'line': b"-- Added test 'xmllint' to check XML markup files\n"}
[9.683725] (explore_lite) StdoutLine: {'line': b'-- Configuring done\n'}
[9.741539] (-) TimerEvent: {}
[9.841841] (-) TimerEvent: {}
[9.912624] (explore_lite) StdoutLine: {'line': b'-- Generating done\n'}
[9.939183] (explore_lite) StdoutLine: {'line': b'-- Build files have been written to: /home/duong/Arduino/ROS2_ServiceRobot/kaia_ws/build/explore_lite\n'}
[9.941989] (-) TimerEvent: {}
[9.946664] (kaiaai_msgs) StdoutLine: {'line': b'[ 79%] Linking CXX shared library libkaiaai_msgs__rosidl_typesupport_fastrtps_c.so\n'}
[9.957156] (kaiaai_msgs) StdoutLine: {'line': b'[ 81%] Linking CXX shared library libkaiaai_msgs__rosidl_typesupport_introspection_cpp.so\n'}
[10.042112] (-) TimerEvent: {}
[10.086587] (kaiaai_msgs) StdoutLine: {'line': b'[ 81%] Built target kaiaai_msgs__rosidl_typesupport_fastrtps_c\n'}
[10.087075] (explore_lite) CommandEnded: {'returncode': 0}
[10.088792] (explore_lite) JobProgress: {'identifier': 'explore_lite', 'progress': 'build'}
[10.088878] (explore_lite) Command: {'cmd': ['/usr/bin/cmake', '--build', '/home/duong/Arduino/ROS2_ServiceRobot/kaia_ws/build/explore_lite', '--', '-j12', '-l12'], 'cwd': '/home/duong/Arduino/ROS2_ServiceRobot/kaia_ws/build/explore_lite', 'env': OrderedDict([('SHLVL', '0'), ('LD_LIBRARY_PATH', '/home/duong/Arduino/ROS2_ServiceRobot/uros_ws/install/micro_ros_agent/lib:/home/duong/Arduino/ROS2_ServiceRobot/uros_ws/install/micro_ros_msgs/lib:/home/duong/Arduino/ROS2_ServiceRobot/uros_ws/install/drive_base_msgs/lib:/usr/lib/x86_64-linux-gnu/gazebo-11/plugins:/opt/ros/iron/opt/rviz_ogre_vendor/lib:/opt/ros/iron/lib/x86_64-linux-gnu:/opt/ros/iron/lib'), ('HOME', '/tmp'), ('ROS_PYTHON_VERSION', '3'), ('COLCON_PREFIX_PATH', '/home/duong/Arduino/ROS2_ServiceRobot/uros_ws/install'), ('ROS_DISTRO', 'iron'), ('_', '/usr/bin/colcon'), ('ROS_VERSION', '2'), ('PATH', '/opt/ros/iron/bin:/usr/local/bin:/usr/bin:/bin'), ('LANG', 'C.UTF-8'), ('AMENT_PREFIX_PATH', '/home/duong/Arduino/ROS2_ServiceRobot/uros_ws/install/micro_ros_setup:/home/duong/Arduino/ROS2_ServiceRobot/uros_ws/install/micro_ros_agent:/home/duong/Arduino/ROS2_ServiceRobot/uros_ws/install/micro_ros_msgs:/home/duong/Arduino/ROS2_ServiceRobot/uros_ws/install/drive_base_msgs:/opt/ros/iron'), ('ROS_AUTOMATIC_DISCOVERY_RANGE', 'SUBNET'), ('PWD', '/home/duong/Arduino/ROS2_ServiceRobot/kaia_ws/build/explore_lite'), ('LC_ALL', 'C.UTF-8'), ('PYTHONPATH', '/home/duong/Arduino/ROS2_ServiceRobot/uros_ws/install/micro_ros_msgs/lib/python3.10/site-packages:/home/duong/Arduino/ROS2_ServiceRobot/uros_ws/install/drive_base_msgs/lib/python3.10/site-packages:/opt/ros/iron/lib/python3.10/site-packages'), ('COLCON', '1'), ('CMAKE_PREFIX_PATH', '/home/duong/Arduino/ROS2_ServiceRobot/uros_ws/install/micro_ros_setup:/home/duong/Arduino/ROS2_ServiceRobot/uros_ws/install/micro_ros_agent:/home/duong/Arduino/ROS2_ServiceRobot/uros_ws/install/micro_ros_msgs:/home/duong/Arduino/ROS2_ServiceRobot/uros_ws/install/drive_base_msgs:/opt/ros/iron')]), 'shell': False}
[10.094005] (kaiaai_msgs) StdoutLine: {'line': b'[ 81%] Built target kaiaai_msgs__rosidl_typesupport_introspection_cpp\n'}
[10.142278] (-) TimerEvent: {}
[10.159831] (explore_lite) StdoutLine: {'line': b'[ 20%] Building CXX object gtest/CMakeFiles/gtest_main.dir/src/gtest_main.cc.o\n'}
[10.160072] (explore_lite) StdoutLine: {'line': b'[ 20%] Building CXX object gtest/CMakeFiles/gtest.dir/src/gtest-all.cc.o\n'}
[10.168300] (explore_lite) StdoutLine: {'line': b'[ 40%] Building CXX object CMakeFiles/explore.dir/src/costmap_client.cpp.o\n'}
[10.168761] (explore_lite) StdoutLine: {'line': b'[ 40%] Building CXX object CMakeFiles/explore.dir/src/explore.cpp.o\n'}
[10.168884] (explore_lite) StdoutLine: {'line': b'[ 50%] Building CXX object CMakeFiles/explore.dir/src/frontier_search.cpp.o\n'}
[10.242385] (-) TimerEvent: {}
[10.252492] (kaiaai_msgs) StdoutLine: {'line': b'[ 82%] Linking CXX shared library libkaiaai_msgs__rosidl_typesupport_fastrtps_cpp.so\n'}
[10.342551] (-) TimerEvent: {}
[10.422548] (kaiaai_msgs) StdoutLine: {'line': b'[ 82%] Built target kaiaai_msgs__rosidl_typesupport_fastrtps_cpp\n'}
[10.442739] (-) TimerEvent: {}
[10.460438] (kaiaai_msgs) StdoutLine: {'line': b'[ 82%] Built target kaiaai_msgs\n'}
[10.498335] (kaiaai_msgs) StdoutLine: {'line': b'[ 83%] Generating Python code for ROS interfaces\n'}
[10.542863] (-) TimerEvent: {}
[10.643121] (-) TimerEvent: {}
[10.743367] (-) TimerEvent: {}
[10.798880] (auto_mapper) StdoutLine: {'line': b'-- Found slam_toolbox: 2.7.4 (/opt/ros/iron/share/slam_toolbox/cmake)\n'}
[10.843494] (-) TimerEvent: {}
[10.943775] (-) TimerEvent: {}
[11.044032] (-) TimerEvent: {}
[11.068804] (explore_lite) StdoutLine: {'line': b'[ 60%] Linking CXX static library libgtest_main.a\n'}
[11.144162] (-) TimerEvent: {}
[11.196852] (explore_lite) StdoutLine: {'line': b'[ 60%] Built target gtest_main\n'}
[11.244296] (-) TimerEvent: {}
[11.344546] (-) TimerEvent: {}
[11.355759] (auto_mapper) StdoutLine: {'line': b"-- Setting assimp_DIR to: '/opt/ros/iron/share/rviz_assimp_vendor/cmake/../../../opt/rviz_assimp_vendor/lib/cmake/assimp-4.1'\n"}
[11.366102] (auto_mapper) StdoutLine: {'line': b"-- Setting OGRE_DIR to: '/opt/ros/iron/share/rviz_ogre_vendor/cmake/../../../opt/rviz_ogre_vendor/lib/OGRE/cmake'\n"}
[11.367797] (auto_mapper) StdoutLine: {'line': b'-- Found OGRE\n'}
[11.368174] (auto_mapper) StdoutLine: {'line': b'--   static     : OFF\n'}
[11.368302] (auto_mapper) StdoutLine: {'line': b'--   components : MeshLodGenerator;Overlay;Paging;Property;RTShaderSystem;Terrain;Volume\n'}
[11.368394] (auto_mapper) StdoutLine: {'line': b'--   plugins    : Plugin_BSPSceneManager;Plugin_OctreeSceneManager;Plugin_PCZSceneManager;Plugin_ParticleFX;RenderSystem_GL;RenderSystem_GL3Plus;Codec_STBI\n'}
[11.368485] (auto_mapper) StdoutLine: {'line': b'--   media      : /opt/ros/iron/opt/rviz_ogre_vendor/share/OGRE/Media\n'}
[11.368781] (auto_mapper) StdoutLine: {'line': b'-- OGRE_LIBRARIES: OgreMeshLodGenerator;OgreOverlay;OgrePaging;OgreProperty;OgreRTShaderSystem;OgreTerrain;OgreVolume;OgreMain\n'}
[11.368939] (auto_mapper) StdoutLine: {'line': b'-- OGRE_LIBRARY_DIRS: /opt/ros/iron/opt/rviz_ogre_vendor/lib\n'}
[11.369029] (auto_mapper) StdoutLine: {'line': b'-- OGRE_PLUGINS: Plugin_BSPSceneManager;Plugin_OctreeSceneManager;Plugin_PCZSceneManager;Plugin_ParticleFX;RenderSystem_GL;RenderSystem_GL3Plus;Codec_STBI\n'}
[11.369118] (auto_mapper) StdoutLine: {'line': b'-- OGRE_PLUGIN_DIR: /opt/ros/iron/opt/rviz_ogre_vendor/lib/OGRE\n'}
[11.369207] (auto_mapper) StdoutLine: {'line': b'-- rviz_ogre_vendor::OgreOverlay for IMPORTED_LOCATION_RELEASE: /opt/ros/iron/opt/rviz_ogre_vendor/lib/libOgreOverlay.so\n'}
[11.369323] (auto_mapper) StdoutLine: {'line': b'-- rviz_ogre_vendor::OgreOverlay for IMPORTED_LOCATION_DEBUG: /opt/ros/iron/opt/rviz_ogre_vendor/lib/libOgreOverlay.so\n'}
[11.369413] (auto_mapper) StdoutLine: {'line': b'-- rviz_ogre_vendor::OgreMain for IMPORTED_LOCATION_RELEASE: /opt/ros/iron/opt/rviz_ogre_vendor/lib/libOgreMain.so\n'}
[11.369498] (auto_mapper) StdoutLine: {'line': b'-- rviz_ogre_vendor::OgreMain for IMPORTED_LOCATION_DEBUG: /opt/ros/iron/opt/rviz_ogre_vendor/lib/libOgreMain.so\n'}
[11.393798] (auto_mapper) StdoutLine: {'line': b'-- Found ZLIB: /usr/lib/x86_64-linux-gnu/libz.so (found version "1.2.11") \n'}
[11.401604] (auto_mapper) StdoutLine: {'line': b'-- Found OpenGL: /usr/lib/x86_64-linux-gnu/libOpenGL.so   \n'}
[11.444684] (-) TimerEvent: {}
[11.544943] (-) TimerEvent: {}
[11.570302] (auto_mapper) StdoutLine: {'line': b'-- Found X11: /usr/include   \n'}
[11.571752] (auto_mapper) StdoutLine: {'line': b'-- Looking for XOpenDisplay in /usr/lib/x86_64-linux-gnu/libX11.so;/usr/lib/x86_64-linux-gnu/libXext.so\n'}
[11.645095] (-) TimerEvent: {}
[11.685021] (auto_mapper) StdoutLine: {'line': b'-- Looking for XOpenDisplay in /usr/lib/x86_64-linux-gnu/libX11.so;/usr/lib/x86_64-linux-gnu/libXext.so - found\n'}
[11.685323] (auto_mapper) StdoutLine: {'line': b'-- Looking for gethostbyname\n'}
[11.745253] (-) TimerEvent: {}
[11.796830] (auto_mapper) StdoutLine: {'line': b'-- Looking for gethostbyname - found\n'}
[11.797056] (auto_mapper) StdoutLine: {'line': b'-- Looking for connect\n'}
[11.845365] (-) TimerEvent: {}
[11.902123] (auto_mapper) StdoutLine: {'line': b'-- Looking for connect - found\n'}
[11.902389] (auto_mapper) StdoutLine: {'line': b'-- Looking for remove\n'}
[11.945516] (-) TimerEvent: {}
[12.009899] (kaiaai_msgs) StdoutLine: {'line': b'[ 83%] Built target kaiaai_msgs__py\n'}
[12.045721] (-) TimerEvent: {}
[12.049528] (kaiaai_msgs) StdoutLine: {'line': b'[ 86%] Building C object CMakeFiles/kaiaai_msgs__rosidl_generator_py.dir/rosidl_generator_py/kaiaai_msgs/msg/_online_event_s.c.o\n'}
[12.049806] (kaiaai_msgs) StdoutLine: {'line': b'[ 86%] Building C object CMakeFiles/kaiaai_msgs__rosidl_generator_py.dir/rosidl_generator_py/kaiaai_msgs/msg/_kaiaai_telemetry_s.c.o\n'}
[12.050657] (kaiaai_msgs) StdoutLine: {'line': b'[ 87%] Building C object CMakeFiles/kaiaai_msgs__rosidl_generator_py.dir/rosidl_generator_py/kaiaai_msgs/msg/_joint_pos_vel_s.c.o\n'}
[12.051157] (auto_mapper) StdoutLine: {'line': b'-- Looking for remove - found\n'}
[12.051269] (auto_mapper) StdoutLine: {'line': b'-- Looking for shmat\n'}
[12.051343] (kaiaai_msgs) StdoutLine: {'line': b'[ 89%] Building C object CMakeFiles/kaiaai_msgs__rosidl_generator_py.dir/rosidl_generator_py/kaiaai_msgs/msg/_wifi_state_s.c.o\n'}
[12.055545] (kaiaai_msgs) StdoutLine: {'line': b'[ 90%] Building C object CMakeFiles/kaiaai_msgs__rosidl_generator_py.dir/rosidl_generator_py/kaiaai_msgs/msg/_kaiaai_telemetry2_s.c.o\n'}
[12.145872] (-) TimerEvent: {}
[12.252120] (auto_mapper) StdoutLine: {'line': b'-- Looking for shmat - found\n'}
[12.252410] (-) TimerEvent: {}
[12.252443] (auto_mapper) StdoutLine: {'line': b'-- Looking for IceConnectionNumber in ICE\n'}
[12.352631] (-) TimerEvent: {}
[12.397492] (kaiaai_msgs) StdoutLine: {'line': b'[ 91%] Linking C shared library rosidl_generator_py/kaiaai_msgs/libkaiaai_msgs__rosidl_generator_py.so\n'}
[12.446870] (auto_mapper) StdoutLine: {'line': b'-- Looking for IceConnectionNumber in ICE - found\n'}
[12.452771] (-) TimerEvent: {}
[12.495061] (kaiaai_msgs) StdoutLine: {'line': b'[ 91%] Built target kaiaai_msgs__rosidl_generator_py\n'}
[12.536420] (kaiaai_msgs) StdoutLine: {'line': b'[ 94%] Building C object CMakeFiles/kaiaai_msgs__rosidl_typesupport_fastrtps_c__pyext.dir/rosidl_generator_py/kaiaai_msgs/_kaiaai_msgs_s.ep.rosidl_typesupport_fastrtps_c.c.o\n'}
[12.536711] (kaiaai_msgs) StdoutLine: {'line': b'[ 94%] Building C object CMakeFiles/kaiaai_msgs__rosidl_typesupport_introspection_c__pyext.dir/rosidl_generator_py/kaiaai_msgs/_kaiaai_msgs_s.ep.rosidl_typesupport_introspection_c.c.o\n'}
[12.536822] (kaiaai_msgs) StdoutLine: {'line': b'[ 95%] Building C object CMakeFiles/kaiaai_msgs__rosidl_typesupport_c__pyext.dir/rosidl_generator_py/kaiaai_msgs/_kaiaai_msgs_s.ep.rosidl_typesupport_c.c.o\n'}
[12.552969] (-) TimerEvent: {}
[12.638881] (auto_mapper) StdoutLine: {'line': b'-- library: /usr/lib/x86_64-linux-gnu/libcurl.so\n'}
[12.653122] (-) TimerEvent: {}
[12.724206] (kaiaai_msgs) StdoutLine: {'line': b'[ 97%] Linking C shared library rosidl_generator_py/kaiaai_msgs/kaiaai_msgs_s__rosidl_typesupport_fastrtps_c.cpython-310-x86_64-linux-gnu.so\n'}
[12.756666] (kaiaai_msgs) StdoutLine: {'line': b'[100%] Linking C shared library rosidl_generator_py/kaiaai_msgs/kaiaai_msgs_s__rosidl_typesupport_c.cpython-310-x86_64-linux-gnu.so\n'}
[12.756942] (-) TimerEvent: {}
[12.756983] (kaiaai_msgs) StdoutLine: {'line': b'[100%] Linking C shared library rosidl_generator_py/kaiaai_msgs/kaiaai_msgs_s__rosidl_typesupport_introspection_c.cpython-310-x86_64-linux-gnu.so\n'}
[12.797362] (kaiaai_msgs) StdoutLine: {'line': b'[100%] Built target kaiaai_msgs__rosidl_typesupport_fastrtps_c__pyext\n'}
[12.849904] (kaiaai_msgs) StdoutLine: {'line': b'[100%] Built target kaiaai_msgs__rosidl_typesupport_c__pyext\n'}
[12.850118] (kaiaai_msgs) StdoutLine: {'line': b'[100%] Built target kaiaai_msgs__rosidl_typesupport_introspection_c__pyext\n'}
[12.857113] (-) TimerEvent: {}
[12.957366] (-) TimerEvent: {}
[13.057665] (-) TimerEvent: {}
[13.157919] (-) TimerEvent: {}
[13.258189] (-) TimerEvent: {}
[13.358464] (-) TimerEvent: {}
[13.458753] (-) TimerEvent: {}
[13.559020] (-) TimerEvent: {}
[13.659272] (-) TimerEvent: {}
[13.759514] (-) TimerEvent: {}
[13.826879] (explore_lite) StdoutLine: {'line': b'[ 70%] Linking CXX static library libgtest.a\n'}
[13.827094] (kaiaai_msgs) CommandEnded: {'returncode': 0}
[13.827830] (kaiaai_msgs) JobProgress: {'identifier': 'kaiaai_msgs', 'progress': 'install'}
[13.828273] (kaiaai_msgs) Command: {'cmd': ['/usr/bin/cmake', '--install', '/home/duong/Arduino/ROS2_ServiceRobot/kaia_ws/build/kaiaai_msgs'], 'cwd': '/home/duong/Arduino/ROS2_ServiceRobot/kaia_ws/build/kaiaai_msgs', 'env': OrderedDict([('SHLVL', '0'), ('LD_LIBRARY_PATH', '/home/duong/Arduino/ROS2_ServiceRobot/uros_ws/install/micro_ros_agent/lib:/home/duong/Arduino/ROS2_ServiceRobot/uros_ws/install/micro_ros_msgs/lib:/home/duong/Arduino/ROS2_ServiceRobot/uros_ws/install/drive_base_msgs/lib:/usr/lib/x86_64-linux-gnu/gazebo-11/plugins:/opt/ros/iron/opt/rviz_ogre_vendor/lib:/opt/ros/iron/lib/x86_64-linux-gnu:/opt/ros/iron/lib'), ('HOME', '/tmp'), ('ROS_PYTHON_VERSION', '3'), ('COLCON_PREFIX_PATH', '/home/duong/Arduino/ROS2_ServiceRobot/uros_ws/install'), ('ROS_DISTRO', 'iron'), ('_', '/usr/bin/colcon'), ('ROS_VERSION', '2'), ('PATH', '/opt/ros/iron/bin:/usr/local/bin:/usr/bin:/bin'), ('LANG', 'C.UTF-8'), ('AMENT_PREFIX_PATH', '/home/duong/Arduino/ROS2_ServiceRobot/uros_ws/install/micro_ros_setup:/home/duong/Arduino/ROS2_ServiceRobot/uros_ws/install/micro_ros_agent:/home/duong/Arduino/ROS2_ServiceRobot/uros_ws/install/micro_ros_msgs:/home/duong/Arduino/ROS2_ServiceRobot/uros_ws/install/drive_base_msgs:/opt/ros/iron'), ('ROS_AUTOMATIC_DISCOVERY_RANGE', 'SUBNET'), ('PWD', '/home/duong/Arduino/ROS2_ServiceRobot/kaia_ws/build/kaiaai_msgs'), ('LC_ALL', 'C.UTF-8'), ('PYTHONPATH', '/home/duong/Arduino/ROS2_ServiceRobot/uros_ws/install/micro_ros_msgs/lib/python3.10/site-packages:/home/duong/Arduino/ROS2_ServiceRobot/uros_ws/install/drive_base_msgs/lib/python3.10/site-packages:/opt/ros/iron/lib/python3.10/site-packages'), ('COLCON', '1'), ('CMAKE_PREFIX_PATH', '/home/duong/Arduino/ROS2_ServiceRobot/uros_ws/install/micro_ros_setup:/home/duong/Arduino/ROS2_ServiceRobot/uros_ws/install/micro_ros_agent:/home/duong/Arduino/ROS2_ServiceRobot/uros_ws/install/micro_ros_msgs:/home/duong/Arduino/ROS2_ServiceRobot/uros_ws/install/drive_base_msgs:/opt/ros/iron')]), 'shell': False}
[13.839814] (kaiaai_msgs) StdoutLine: {'line': b'-- Install configuration: ""\n'}
[13.840655] (kaiaai_msgs) StdoutLine: {'line': b'-- Execute custom install script\n'}
[13.841254] (kaiaai_msgs) StdoutLine: {'line': b'-- Symlinking: /home/duong/Arduino/ROS2_ServiceRobot/kaia_ws/install/kaiaai_msgs/share/ament_index/resource_index/rosidl_interfaces/kaiaai_msgs\n'}
[13.855733] (kaiaai_msgs) StdoutLine: {'line': b'-- Symlinking: /home/duong/Arduino/ROS2_ServiceRobot/kaia_ws/install/kaiaai_msgs/share/kaiaai_msgs/msg/KaiaaiTelemetry.json\n'}
[13.859653] (-) TimerEvent: {}
[13.869630] (kaiaai_msgs) StdoutLine: {'line': b'-- Symlinking: /home/duong/Arduino/ROS2_ServiceRobot/kaia_ws/install/kaiaai_msgs/share/kaiaai_msgs/msg/WifiState.json\n'}
[13.883494] (kaiaai_msgs) StdoutLine: {'line': b'-- Symlinking: /home/duong/Arduino/ROS2_ServiceRobot/kaia_ws/install/kaiaai_msgs/share/kaiaai_msgs/msg/JointPosVel.json\n'}
[13.896998] (kaiaai_msgs) StdoutLine: {'line': b'-- Symlinking: /home/duong/Arduino/ROS2_ServiceRobot/kaia_ws/install/kaiaai_msgs/share/kaiaai_msgs/msg/KaiaaiTelemetry2.json\n'}
[13.912600] (kaiaai_msgs) StdoutLine: {'line': b'-- Symlinking: /home/duong/Arduino/ROS2_ServiceRobot/kaia_ws/install/kaiaai_msgs/share/kaiaai_msgs/msg/OnlineEvent.json\n'}
[13.930869] (kaiaai_msgs) StdoutLine: {'line': b'-- Symlinking: /home/duong/Arduino/ROS2_ServiceRobot/kaia_ws/install/kaiaai_msgs/include/kaiaai_msgs/kaiaai_msgs/msg/detail/joint_pos_vel__functions.h\n'}
[13.947856] (kaiaai_msgs) StdoutLine: {'line': b'-- Symlinking: /home/duong/Arduino/ROS2_ServiceRobot/kaia_ws/install/kaiaai_msgs/include/kaiaai_msgs/kaiaai_msgs/msg/detail/joint_pos_vel__struct.h\n'}
[13.959798] (-) TimerEvent: {}
[13.967694] (kaiaai_msgs) StdoutLine: {'line': b'-- Symlinking: /home/duong/Arduino/ROS2_ServiceRobot/kaia_ws/install/kaiaai_msgs/include/kaiaai_msgs/kaiaai_msgs/msg/detail/joint_pos_vel__type_support.h\n'}
[13.984906] (kaiaai_msgs) StdoutLine: {'line': b'-- Symlinking: /home/duong/Arduino/ROS2_ServiceRobot/kaia_ws/install/kaiaai_msgs/include/kaiaai_msgs/kaiaai_msgs/msg/detail/kaiaai_telemetry2__functions.h\n'}
[13.992594] (explore_lite) StdoutLine: {'line': b'[ 70%] Built target gtest\n'}
[14.002647] (kaiaai_msgs) StdoutLine: {'line': b'-- Symlinking: /home/duong/Arduino/ROS2_ServiceRobot/kaia_ws/install/kaiaai_msgs/include/kaiaai_msgs/kaiaai_msgs/msg/detail/kaiaai_telemetry2__struct.h\n'}
[14.017054] (kaiaai_msgs) StdoutLine: {'line': b'-- Symlinking: /home/duong/Arduino/ROS2_ServiceRobot/kaia_ws/install/kaiaai_msgs/include/kaiaai_msgs/kaiaai_msgs/msg/detail/kaiaai_telemetry2__type_support.h\n'}
[14.030840] (kaiaai_msgs) StdoutLine: {'line': b'-- Symlinking: /home/duong/Arduino/ROS2_ServiceRobot/kaia_ws/install/kaiaai_msgs/include/kaiaai_msgs/kaiaai_msgs/msg/detail/kaiaai_telemetry__functions.h\n'}
[14.034877] (explore_lite) StdoutLine: {'line': b'[ 80%] Building CXX object CMakeFiles/test_explore.dir/test/test_explore.cpp.o\n'}
[14.049335] (kaiaai_msgs) StdoutLine: {'line': b'-- Symlinking: /home/duong/Arduino/ROS2_ServiceRobot/kaia_ws/install/kaiaai_msgs/include/kaiaai_msgs/kaiaai_msgs/msg/detail/kaiaai_telemetry__struct.h\n'}
[14.059923] (-) TimerEvent: {}
[14.066617] (kaiaai_msgs) StdoutLine: {'line': b'-- Symlinking: /home/duong/Arduino/ROS2_ServiceRobot/kaia_ws/install/kaiaai_msgs/include/kaiaai_msgs/kaiaai_msgs/msg/detail/kaiaai_telemetry__type_support.h\n'}
[14.084610] (kaiaai_msgs) StdoutLine: {'line': b'-- Symlinking: /home/duong/Arduino/ROS2_ServiceRobot/kaia_ws/install/kaiaai_msgs/include/kaiaai_msgs/kaiaai_msgs/msg/detail/online_event__functions.h\n'}
[14.102929] (kaiaai_msgs) StdoutLine: {'line': b'-- Symlinking: /home/duong/Arduino/ROS2_ServiceRobot/kaia_ws/install/kaiaai_msgs/include/kaiaai_msgs/kaiaai_msgs/msg/detail/online_event__struct.h\n'}
[14.121022] (kaiaai_msgs) StdoutLine: {'line': b'-- Symlinking: /home/duong/Arduino/ROS2_ServiceRobot/kaia_ws/install/kaiaai_msgs/include/kaiaai_msgs/kaiaai_msgs/msg/detail/online_event__type_support.h\n'}
[14.138654] (kaiaai_msgs) StdoutLine: {'line': b'-- Symlinking: /home/duong/Arduino/ROS2_ServiceRobot/kaia_ws/install/kaiaai_msgs/include/kaiaai_msgs/kaiaai_msgs/msg/detail/wifi_state__functions.h\n'}
[14.155877] (kaiaai_msgs) StdoutLine: {'line': b'-- Symlinking: /home/duong/Arduino/ROS2_ServiceRobot/kaia_ws/install/kaiaai_msgs/include/kaiaai_msgs/kaiaai_msgs/msg/detail/wifi_state__struct.h\n'}
[14.160032] (-) TimerEvent: {}
[14.174110] (kaiaai_msgs) StdoutLine: {'line': b'-- Symlinking: /home/duong/Arduino/ROS2_ServiceRobot/kaia_ws/install/kaiaai_msgs/include/kaiaai_msgs/kaiaai_msgs/msg/detail/wifi_state__type_support.h\n'}
[14.191546] (kaiaai_msgs) StdoutLine: {'line': b'-- Symlinking: /home/duong/Arduino/ROS2_ServiceRobot/kaia_ws/install/kaiaai_msgs/include/kaiaai_msgs/kaiaai_msgs/msg/joint_pos_vel.h\n'}
[14.207944] (kaiaai_msgs) StdoutLine: {'line': b'-- Symlinking: /home/duong/Arduino/ROS2_ServiceRobot/kaia_ws/install/kaiaai_msgs/include/kaiaai_msgs/kaiaai_msgs/msg/kaiaai_telemetry.h\n'}
[14.222850] (kaiaai_msgs) StdoutLine: {'line': b'-- Symlinking: /home/duong/Arduino/ROS2_ServiceRobot/kaia_ws/install/kaiaai_msgs/include/kaiaai_msgs/kaiaai_msgs/msg/kaiaai_telemetry2.h\n'}
[14.238499] (kaiaai_msgs) StdoutLine: {'line': b'-- Symlinking: /home/duong/Arduino/ROS2_ServiceRobot/kaia_ws/install/kaiaai_msgs/include/kaiaai_msgs/kaiaai_msgs/msg/online_event.h\n'}
[14.256304] (kaiaai_msgs) StdoutLine: {'line': b'-- Symlinking: /home/duong/Arduino/ROS2_ServiceRobot/kaia_ws/install/kaiaai_msgs/include/kaiaai_msgs/kaiaai_msgs/msg/rosidl_generator_c__visibility_control.h\n'}
[14.260164] (-) TimerEvent: {}
[14.273929] (kaiaai_msgs) StdoutLine: {'line': b'-- Symlinking: /home/duong/Arduino/ROS2_ServiceRobot/kaia_ws/install/kaiaai_msgs/include/kaiaai_msgs/kaiaai_msgs/msg/wifi_state.h\n'}
[14.292127] (kaiaai_msgs) StdoutLine: {'line': b'-- Symlinking: /home/duong/Arduino/ROS2_ServiceRobot/kaia_ws/install/kaiaai_msgs/share/kaiaai_msgs/environment/library_path.sh\n'}
[14.310064] (kaiaai_msgs) StdoutLine: {'line': b'-- Symlinking: /home/duong/Arduino/ROS2_ServiceRobot/kaia_ws/install/kaiaai_msgs/share/kaiaai_msgs/environment/library_path.dsv\n'}
[14.328904] (kaiaai_msgs) StdoutLine: {'line': b'-- Symlinking: /home/duong/Arduino/ROS2_ServiceRobot/kaia_ws/install/kaiaai_msgs/include/kaiaai_msgs/kaiaai_msgs/msg/detail/joint_pos_vel__rosidl_typesupport_fastrtps_c.h\n'}
[14.346920] (kaiaai_msgs) StdoutLine: {'line': b'-- Symlinking: /home/duong/Arduino/ROS2_ServiceRobot/kaia_ws/install/kaiaai_msgs/include/kaiaai_msgs/kaiaai_msgs/msg/detail/kaiaai_telemetry2__rosidl_typesupport_fastrtps_c.h\n'}
[14.360315] (-) TimerEvent: {}
[14.363384] (kaiaai_msgs) StdoutLine: {'line': b'-- Symlinking: /home/duong/Arduino/ROS2_ServiceRobot/kaia_ws/install/kaiaai_msgs/include/kaiaai_msgs/kaiaai_msgs/msg/detail/kaiaai_telemetry__rosidl_typesupport_fastrtps_c.h\n'}
[14.380412] (kaiaai_msgs) StdoutLine: {'line': b'-- Symlinking: /home/duong/Arduino/ROS2_ServiceRobot/kaia_ws/install/kaiaai_msgs/include/kaiaai_msgs/kaiaai_msgs/msg/detail/online_event__rosidl_typesupport_fastrtps_c.h\n'}
[14.396950] (kaiaai_msgs) StdoutLine: {'line': b'-- Symlinking: /home/duong/Arduino/ROS2_ServiceRobot/kaia_ws/install/kaiaai_msgs/include/kaiaai_msgs/kaiaai_msgs/msg/detail/wifi_state__rosidl_typesupport_fastrtps_c.h\n'}
[14.414682] (kaiaai_msgs) StdoutLine: {'line': b'-- Symlinking: /home/duong/Arduino/ROS2_ServiceRobot/kaia_ws/install/kaiaai_msgs/include/kaiaai_msgs/kaiaai_msgs/msg/rosidl_typesupport_fastrtps_c__visibility_control.h\n'}
[14.433288] (kaiaai_msgs) StdoutLine: {'line': b'-- Symlinking: /home/duong/Arduino/ROS2_ServiceRobot/kaia_ws/install/kaiaai_msgs/include/kaiaai_msgs/kaiaai_msgs/msg/detail/joint_pos_vel__builder.hpp\n'}
[14.450941] (kaiaai_msgs) StdoutLine: {'line': b'-- Symlinking: /home/duong/Arduino/ROS2_ServiceRobot/kaia_ws/install/kaiaai_msgs/include/kaiaai_msgs/kaiaai_msgs/msg/detail/joint_pos_vel__struct.hpp\n'}
[14.460460] (-) TimerEvent: {}
[14.468621] (kaiaai_msgs) StdoutLine: {'line': b'-- Symlinking: /home/duong/Arduino/ROS2_ServiceRobot/kaia_ws/install/kaiaai_msgs/include/kaiaai_msgs/kaiaai_msgs/msg/detail/joint_pos_vel__traits.hpp\n'}
[14.486406] (kaiaai_msgs) StdoutLine: {'line': b'-- Symlinking: /home/duong/Arduino/ROS2_ServiceRobot/kaia_ws/install/kaiaai_msgs/include/kaiaai_msgs/kaiaai_msgs/msg/detail/kaiaai_telemetry2__builder.hpp\n'}
[14.504358] (kaiaai_msgs) StdoutLine: {'line': b'-- Symlinking: /home/duong/Arduino/ROS2_ServiceRobot/kaia_ws/install/kaiaai_msgs/include/kaiaai_msgs/kaiaai_msgs/msg/detail/kaiaai_telemetry2__struct.hpp\n'}
[14.521806] (kaiaai_msgs) StdoutLine: {'line': b'-- Symlinking: /home/duong/Arduino/ROS2_ServiceRobot/kaia_ws/install/kaiaai_msgs/include/kaiaai_msgs/kaiaai_msgs/msg/detail/kaiaai_telemetry2__traits.hpp\n'}
[14.538139] (kaiaai_msgs) StdoutLine: {'line': b'-- Symlinking: /home/duong/Arduino/ROS2_ServiceRobot/kaia_ws/install/kaiaai_msgs/include/kaiaai_msgs/kaiaai_msgs/msg/detail/kaiaai_telemetry__builder.hpp\n'}
[14.554954] (kaiaai_msgs) StdoutLine: {'line': b'-- Symlinking: /home/duong/Arduino/ROS2_ServiceRobot/kaia_ws/install/kaiaai_msgs/include/kaiaai_msgs/kaiaai_msgs/msg/detail/kaiaai_telemetry__struct.hpp\n'}
[14.560634] (-) TimerEvent: {}
[14.571332] (kaiaai_msgs) StdoutLine: {'line': b'-- Symlinking: /home/duong/Arduino/ROS2_ServiceRobot/kaia_ws/install/kaiaai_msgs/include/kaiaai_msgs/kaiaai_msgs/msg/detail/kaiaai_telemetry__traits.hpp\n'}
[14.589276] (kaiaai_msgs) StdoutLine: {'line': b'-- Symlinking: /home/duong/Arduino/ROS2_ServiceRobot/kaia_ws/install/kaiaai_msgs/include/kaiaai_msgs/kaiaai_msgs/msg/detail/online_event__builder.hpp\n'}
[14.606892] (kaiaai_msgs) StdoutLine: {'line': b'-- Symlinking: /home/duong/Arduino/ROS2_ServiceRobot/kaia_ws/install/kaiaai_msgs/include/kaiaai_msgs/kaiaai_msgs/msg/detail/online_event__struct.hpp\n'}
[14.624338] (kaiaai_msgs) StdoutLine: {'line': b'-- Symlinking: /home/duong/Arduino/ROS2_ServiceRobot/kaia_ws/install/kaiaai_msgs/include/kaiaai_msgs/kaiaai_msgs/msg/detail/online_event__traits.hpp\n'}
[14.641896] (kaiaai_msgs) StdoutLine: {'line': b'-- Symlinking: /home/duong/Arduino/ROS2_ServiceRobot/kaia_ws/install/kaiaai_msgs/include/kaiaai_msgs/kaiaai_msgs/msg/detail/wifi_state__builder.hpp\n'}
[14.659235] (kaiaai_msgs) StdoutLine: {'line': b'-- Symlinking: /home/duong/Arduino/ROS2_ServiceRobot/kaia_ws/install/kaiaai_msgs/include/kaiaai_msgs/kaiaai_msgs/msg/detail/wifi_state__struct.hpp\n'}
[14.660762] (-) TimerEvent: {}
[14.675713] (kaiaai_msgs) StdoutLine: {'line': b'-- Symlinking: /home/duong/Arduino/ROS2_ServiceRobot/kaia_ws/install/kaiaai_msgs/include/kaiaai_msgs/kaiaai_msgs/msg/detail/wifi_state__traits.hpp\n'}
[14.692023] (kaiaai_msgs) StdoutLine: {'line': b'-- Symlinking: /home/duong/Arduino/ROS2_ServiceRobot/kaia_ws/install/kaiaai_msgs/include/kaiaai_msgs/kaiaai_msgs/msg/joint_pos_vel.hpp\n'}
[14.707699] (kaiaai_msgs) StdoutLine: {'line': b'-- Symlinking: /home/duong/Arduino/ROS2_ServiceRobot/kaia_ws/install/kaiaai_msgs/include/kaiaai_msgs/kaiaai_msgs/msg/kaiaai_telemetry.hpp\n'}
[14.723422] (kaiaai_msgs) StdoutLine: {'line': b'-- Symlinking: /home/duong/Arduino/ROS2_ServiceRobot/kaia_ws/install/kaiaai_msgs/include/kaiaai_msgs/kaiaai_msgs/msg/kaiaai_telemetry2.hpp\n'}
[14.741280] (kaiaai_msgs) StdoutLine: {'line': b'-- Symlinking: /home/duong/Arduino/ROS2_ServiceRobot/kaia_ws/install/kaiaai_msgs/include/kaiaai_msgs/kaiaai_msgs/msg/online_event.hpp\n'}
[14.758705] (kaiaai_msgs) StdoutLine: {'line': b'-- Symlinking: /home/duong/Arduino/ROS2_ServiceRobot/kaia_ws/install/kaiaai_msgs/include/kaiaai_msgs/kaiaai_msgs/msg/wifi_state.hpp\n'}
[14.760876] (-) TimerEvent: {}
[14.776540] (kaiaai_msgs) StdoutLine: {'line': b'-- Symlinking: /home/duong/Arduino/ROS2_ServiceRobot/kaia_ws/install/kaiaai_msgs/include/kaiaai_msgs/kaiaai_msgs/msg/detail/joint_pos_vel__rosidl_typesupport_fastrtps_cpp.hpp\n'}
[14.793452] (kaiaai_msgs) StdoutLine: {'line': b'-- Symlinking: /home/duong/Arduino/ROS2_ServiceRobot/kaia_ws/install/kaiaai_msgs/include/kaiaai_msgs/kaiaai_msgs/msg/detail/kaiaai_telemetry2__rosidl_typesupport_fastrtps_cpp.hpp\n'}
[14.810629] (kaiaai_msgs) StdoutLine: {'line': b'-- Symlinking: /home/duong/Arduino/ROS2_ServiceRobot/kaia_ws/install/kaiaai_msgs/include/kaiaai_msgs/kaiaai_msgs/msg/detail/kaiaai_telemetry__rosidl_typesupport_fastrtps_cpp.hpp\n'}
[14.827892] (kaiaai_msgs) StdoutLine: {'line': b'-- Symlinking: /home/duong/Arduino/ROS2_ServiceRobot/kaia_ws/install/kaiaai_msgs/include/kaiaai_msgs/kaiaai_msgs/msg/detail/online_event__rosidl_typesupport_fastrtps_cpp.hpp\n'}
[14.844913] (kaiaai_msgs) StdoutLine: {'line': b'-- Symlinking: /home/duong/Arduino/ROS2_ServiceRobot/kaia_ws/install/kaiaai_msgs/include/kaiaai_msgs/kaiaai_msgs/msg/detail/wifi_state__rosidl_typesupport_fastrtps_cpp.hpp\n'}
[14.861015] (-) TimerEvent: {}
[14.862618] (kaiaai_msgs) StdoutLine: {'line': b'-- Symlinking: /home/duong/Arduino/ROS2_ServiceRobot/kaia_ws/install/kaiaai_msgs/include/kaiaai_msgs/kaiaai_msgs/msg/rosidl_typesupport_fastrtps_cpp__visibility_control.h\n'}
[14.879084] (kaiaai_msgs) StdoutLine: {'line': b'-- Symlinking: /home/duong/Arduino/ROS2_ServiceRobot/kaia_ws/install/kaiaai_msgs/include/kaiaai_msgs/kaiaai_msgs/msg/detail/joint_pos_vel__rosidl_typesupport_introspection_c.h\n'}
[14.895601] (kaiaai_msgs) StdoutLine: {'line': b'-- Symlinking: /home/duong/Arduino/ROS2_ServiceRobot/kaia_ws/install/kaiaai_msgs/include/kaiaai_msgs/kaiaai_msgs/msg/detail/kaiaai_telemetry2__rosidl_typesupport_introspection_c.h\n'}
[14.911914] (kaiaai_msgs) StdoutLine: {'line': b'-- Symlinking: /home/duong/Arduino/ROS2_ServiceRobot/kaia_ws/install/kaiaai_msgs/include/kaiaai_msgs/kaiaai_msgs/msg/detail/kaiaai_telemetry__rosidl_typesupport_introspection_c.h\n'}
[14.928811] (kaiaai_msgs) StdoutLine: {'line': b'-- Symlinking: /home/duong/Arduino/ROS2_ServiceRobot/kaia_ws/install/kaiaai_msgs/include/kaiaai_msgs/kaiaai_msgs/msg/detail/online_event__rosidl_typesupport_introspection_c.h\n'}
[14.946979] (kaiaai_msgs) StdoutLine: {'line': b'-- Symlinking: /home/duong/Arduino/ROS2_ServiceRobot/kaia_ws/install/kaiaai_msgs/include/kaiaai_msgs/kaiaai_msgs/msg/detail/wifi_state__rosidl_typesupport_introspection_c.h\n'}
[14.961172] (-) TimerEvent: {}
[14.964665] (kaiaai_msgs) StdoutLine: {'line': b'-- Symlinking: /home/duong/Arduino/ROS2_ServiceRobot/kaia_ws/install/kaiaai_msgs/include/kaiaai_msgs/kaiaai_msgs/msg/rosidl_typesupport_introspection_c__visibility_control.h\n'}
[14.983551] (kaiaai_msgs) StdoutLine: {'line': b'-- Symlinking: /home/duong/Arduino/ROS2_ServiceRobot/kaia_ws/install/kaiaai_msgs/include/kaiaai_msgs/kaiaai_msgs/msg/detail/joint_pos_vel__rosidl_typesupport_introspection_cpp.hpp\n'}
[15.000506] (kaiaai_msgs) StdoutLine: {'line': b'-- Symlinking: /home/duong/Arduino/ROS2_ServiceRobot/kaia_ws/install/kaiaai_msgs/include/kaiaai_msgs/kaiaai_msgs/msg/detail/kaiaai_telemetry2__rosidl_typesupport_introspection_cpp.hpp\n'}
[15.019717] (kaiaai_msgs) StdoutLine: {'line': b'-- Symlinking: /home/duong/Arduino/ROS2_ServiceRobot/kaia_ws/install/kaiaai_msgs/include/kaiaai_msgs/kaiaai_msgs/msg/detail/kaiaai_telemetry__rosidl_typesupport_introspection_cpp.hpp\n'}
[15.037789] (kaiaai_msgs) StdoutLine: {'line': b'-- Symlinking: /home/duong/Arduino/ROS2_ServiceRobot/kaia_ws/install/kaiaai_msgs/include/kaiaai_msgs/kaiaai_msgs/msg/detail/online_event__rosidl_typesupport_introspection_cpp.hpp\n'}
[15.056392] (kaiaai_msgs) StdoutLine: {'line': b'-- Symlinking: /home/duong/Arduino/ROS2_ServiceRobot/kaia_ws/install/kaiaai_msgs/include/kaiaai_msgs/kaiaai_msgs/msg/detail/wifi_state__rosidl_typesupport_introspection_cpp.hpp\n'}
[15.061332] (-) TimerEvent: {}
[15.074482] (kaiaai_msgs) StdoutLine: {'line': b'-- Symlinking: /home/duong/Arduino/ROS2_ServiceRobot/kaia_ws/install/kaiaai_msgs/share/kaiaai_msgs/environment/pythonpath.sh\n'}
[15.092445] (kaiaai_msgs) StdoutLine: {'line': b'-- Symlinking: /home/duong/Arduino/ROS2_ServiceRobot/kaia_ws/install/kaiaai_msgs/share/kaiaai_msgs/environment/pythonpath.dsv\n'}
[15.111172] (kaiaai_msgs) StdoutLine: {'line': b'-- Symlinking: /home/duong/Arduino/ROS2_ServiceRobot/kaia_ws/install/kaiaai_msgs/lib/python3.10/site-packages/kaiaai_msgs-0.3.0-py3.10.egg-info/PKG-INFO\n'}
[15.128806] (kaiaai_msgs) StdoutLine: {'line': b'-- Symlinking: /home/duong/Arduino/ROS2_ServiceRobot/kaia_ws/install/kaiaai_msgs/lib/python3.10/site-packages/kaiaai_msgs-0.3.0-py3.10.egg-info/SOURCES.txt\n'}
[15.145623] (kaiaai_msgs) StdoutLine: {'line': b'-- Symlinking: /home/duong/Arduino/ROS2_ServiceRobot/kaia_ws/install/kaiaai_msgs/lib/python3.10/site-packages/kaiaai_msgs-0.3.0-py3.10.egg-info/dependency_links.txt\n'}
[15.161497] (-) TimerEvent: {}
[15.164302] (kaiaai_msgs) StdoutLine: {'line': b'-- Symlinking: /home/duong/Arduino/ROS2_ServiceRobot/kaia_ws/install/kaiaai_msgs/lib/python3.10/site-packages/kaiaai_msgs-0.3.0-py3.10.egg-info/top_level.txt\n'}
[15.184899] (kaiaai_msgs) StdoutLine: {'line': b'-- Symlinking: /home/duong/Arduino/ROS2_ServiceRobot/kaia_ws/install/kaiaai_msgs/lib/python3.10/site-packages/kaiaai_msgs/__init__.py\n'}
[15.204080] (kaiaai_msgs) StdoutLine: {'line': b'-- Symlinking: /home/duong/Arduino/ROS2_ServiceRobot/kaia_ws/install/kaiaai_msgs/lib/python3.10/site-packages/kaiaai_msgs/_kaiaai_msgs_s.ep.rosidl_typesupport_c.c\n'}
[15.221918] (kaiaai_msgs) StdoutLine: {'line': b'-- Symlinking: /home/duong/Arduino/ROS2_ServiceRobot/kaia_ws/install/kaiaai_msgs/lib/python3.10/site-packages/kaiaai_msgs/_kaiaai_msgs_s.ep.rosidl_typesupport_fastrtps_c.c\n'}
[15.240033] (kaiaai_msgs) StdoutLine: {'line': b'-- Symlinking: /home/duong/Arduino/ROS2_ServiceRobot/kaia_ws/install/kaiaai_msgs/lib/python3.10/site-packages/kaiaai_msgs/_kaiaai_msgs_s.ep.rosidl_typesupport_introspection_c.c\n'}
[15.257795] (kaiaai_msgs) StdoutLine: {'line': b'-- Symlinking: /home/duong/Arduino/ROS2_ServiceRobot/kaia_ws/install/kaiaai_msgs/lib/python3.10/site-packages/kaiaai_msgs/kaiaai_msgs_s__rosidl_typesupport_c.cpython-310-x86_64-linux-gnu.so\n'}
[15.261648] (-) TimerEvent: {}
[15.276187] (kaiaai_msgs) StdoutLine: {'line': b'-- Symlinking: /home/duong/Arduino/ROS2_ServiceRobot/kaia_ws/install/kaiaai_msgs/lib/python3.10/site-packages/kaiaai_msgs/kaiaai_msgs_s__rosidl_typesupport_fastrtps_c.cpython-310-x86_64-linux-gnu.so\n'}
[15.292291] (kaiaai_msgs) StdoutLine: {'line': b'-- Symlinking: /home/duong/Arduino/ROS2_ServiceRobot/kaia_ws/install/kaiaai_msgs/lib/python3.10/site-packages/kaiaai_msgs/kaiaai_msgs_s__rosidl_typesupport_introspection_c.cpython-310-x86_64-linux-gnu.so\n'}
[15.309914] (kaiaai_msgs) StdoutLine: {'line': b'-- Symlinking: /home/duong/Arduino/ROS2_ServiceRobot/kaia_ws/install/kaiaai_msgs/lib/python3.10/site-packages/kaiaai_msgs/libkaiaai_msgs__rosidl_generator_py.so\n'}
[15.328303] (kaiaai_msgs) StdoutLine: {'line': b'-- Symlinking: /home/duong/Arduino/ROS2_ServiceRobot/kaia_ws/install/kaiaai_msgs/lib/python3.10/site-packages/kaiaai_msgs/msg/__init__.py\n'}
[15.347151] (kaiaai_msgs) StdoutLine: {'line': b'-- Symlinking: /home/duong/Arduino/ROS2_ServiceRobot/kaia_ws/install/kaiaai_msgs/lib/python3.10/site-packages/kaiaai_msgs/msg/_joint_pos_vel.py\n'}
[15.361794] (-) TimerEvent: {}
[15.366443] (kaiaai_msgs) StdoutLine: {'line': b'-- Symlinking: /home/duong/Arduino/ROS2_ServiceRobot/kaia_ws/install/kaiaai_msgs/lib/python3.10/site-packages/kaiaai_msgs/msg/_joint_pos_vel_s.c\n'}
[15.384980] (kaiaai_msgs) StdoutLine: {'line': b'-- Symlinking: /home/duong/Arduino/ROS2_ServiceRobot/kaia_ws/install/kaiaai_msgs/lib/python3.10/site-packages/kaiaai_msgs/msg/_kaiaai_telemetry.py\n'}
[15.404612] (kaiaai_msgs) StdoutLine: {'line': b'-- Symlinking: /home/duong/Arduino/ROS2_ServiceRobot/kaia_ws/install/kaiaai_msgs/lib/python3.10/site-packages/kaiaai_msgs/msg/_kaiaai_telemetry2.py\n'}
[15.422137] (kaiaai_msgs) StdoutLine: {'line': b'-- Symlinking: /home/duong/Arduino/ROS2_ServiceRobot/kaia_ws/install/kaiaai_msgs/lib/python3.10/site-packages/kaiaai_msgs/msg/_kaiaai_telemetry2_s.c\n'}
[15.439895] (kaiaai_msgs) StdoutLine: {'line': b'-- Symlinking: /home/duong/Arduino/ROS2_ServiceRobot/kaia_ws/install/kaiaai_msgs/lib/python3.10/site-packages/kaiaai_msgs/msg/_kaiaai_telemetry_s.c\n'}
[15.458000] (kaiaai_msgs) StdoutLine: {'line': b'-- Symlinking: /home/duong/Arduino/ROS2_ServiceRobot/kaia_ws/install/kaiaai_msgs/lib/python3.10/site-packages/kaiaai_msgs/msg/_online_event.py\n'}
[15.461919] (-) TimerEvent: {}
[15.476198] (kaiaai_msgs) StdoutLine: {'line': b'-- Symlinking: /home/duong/Arduino/ROS2_ServiceRobot/kaia_ws/install/kaiaai_msgs/lib/python3.10/site-packages/kaiaai_msgs/msg/_online_event_s.c\n'}
[15.494923] (kaiaai_msgs) StdoutLine: {'line': b'-- Symlinking: /home/duong/Arduino/ROS2_ServiceRobot/kaia_ws/install/kaiaai_msgs/lib/python3.10/site-packages/kaiaai_msgs/msg/_wifi_state.py\n'}
[15.512543] (kaiaai_msgs) StdoutLine: {'line': b'-- Symlinking: /home/duong/Arduino/ROS2_ServiceRobot/kaia_ws/install/kaiaai_msgs/lib/python3.10/site-packages/kaiaai_msgs/msg/_wifi_state_s.c\n'}
[15.529983] (kaiaai_msgs) StdoutLine: {'line': b'-- Up-to-date symlink: /home/duong/Arduino/ROS2_ServiceRobot/kaia_ws/install/kaiaai_msgs/lib/python3.10/site-packages/kaiaai_msgs/kaiaai_msgs_s__rosidl_typesupport_fastrtps_c.cpython-310-x86_64-linux-gnu.so\n'}
[15.530908] (kaiaai_msgs) StdoutLine: {'line': b'-- Up-to-date symlink: /home/duong/Arduino/ROS2_ServiceRobot/kaia_ws/install/kaiaai_msgs/lib/python3.10/site-packages/kaiaai_msgs/kaiaai_msgs_s__rosidl_typesupport_introspection_c.cpython-310-x86_64-linux-gnu.so\n'}
[15.531153] (kaiaai_msgs) StdoutLine: {'line': b'-- Up-to-date symlink: /home/duong/Arduino/ROS2_ServiceRobot/kaia_ws/install/kaiaai_msgs/lib/python3.10/site-packages/kaiaai_msgs/kaiaai_msgs_s__rosidl_typesupport_c.cpython-310-x86_64-linux-gnu.so\n'}
[15.532151] (kaiaai_msgs) StdoutLine: {'line': b'-- Symlinking: /home/duong/Arduino/ROS2_ServiceRobot/kaia_ws/install/kaiaai_msgs/share/kaiaai_msgs/msg/KaiaaiTelemetry.idl\n'}
[15.549534] (kaiaai_msgs) StdoutLine: {'line': b'-- Symlinking: /home/duong/Arduino/ROS2_ServiceRobot/kaia_ws/install/kaiaai_msgs/share/kaiaai_msgs/msg/WifiState.idl\n'}
[15.562041] (-) TimerEvent: {}
[15.567073] (kaiaai_msgs) StdoutLine: {'line': b'-- Symlinking: /home/duong/Arduino/ROS2_ServiceRobot/kaia_ws/install/kaiaai_msgs/share/kaiaai_msgs/msg/JointPosVel.idl\n'}
[15.584692] (kaiaai_msgs) StdoutLine: {'line': b'-- Symlinking: /home/duong/Arduino/ROS2_ServiceRobot/kaia_ws/install/kaiaai_msgs/share/kaiaai_msgs/msg/KaiaaiTelemetry2.idl\n'}
[15.602293] (kaiaai_msgs) StdoutLine: {'line': b'-- Symlinking: /home/duong/Arduino/ROS2_ServiceRobot/kaia_ws/install/kaiaai_msgs/share/kaiaai_msgs/msg/OnlineEvent.idl\n'}
[15.619392] (kaiaai_msgs) StdoutLine: {'line': b'-- Symlinking: /home/duong/Arduino/ROS2_ServiceRobot/kaia_ws/install/kaiaai_msgs/share/kaiaai_msgs/msg/KaiaaiTelemetry.msg\n'}
[15.636408] (kaiaai_msgs) StdoutLine: {'line': b'-- Symlinking: /home/duong/Arduino/ROS2_ServiceRobot/kaia_ws/install/kaiaai_msgs/share/kaiaai_msgs/msg/WifiState.msg\n'}
[15.651026] (kaiaai_msgs) StdoutLine: {'line': b'-- Symlinking: /home/duong/Arduino/ROS2_ServiceRobot/kaia_ws/install/kaiaai_msgs/share/kaiaai_msgs/msg/JointPosVel.msg\n'}
[15.652150] (explore_lite) StdoutLine: {'line': b'[ 90%] Linking CXX executable test_explore\n'}
[15.662181] (-) TimerEvent: {}
[15.666926] (kaiaai_msgs) StdoutLine: {'line': b'-- Symlinking: /home/duong/Arduino/ROS2_ServiceRobot/kaia_ws/install/kaiaai_msgs/share/kaiaai_msgs/msg/KaiaaiTelemetry2.msg\n'}
[15.683526] (kaiaai_msgs) StdoutLine: {'line': b'-- Symlinking: /home/duong/Arduino/ROS2_ServiceRobot/kaia_ws/install/kaiaai_msgs/share/kaiaai_msgs/msg/OnlineEvent.msg\n'}
[15.699391] (kaiaai_msgs) StdoutLine: {'line': b'-- Symlinking: /home/duong/Arduino/ROS2_ServiceRobot/kaia_ws/install/kaiaai_msgs/share/ament_index/resource_index/package_run_dependencies/kaiaai_msgs\n'}
[15.717981] (kaiaai_msgs) StdoutLine: {'line': b'-- Symlinking: /home/duong/Arduino/ROS2_ServiceRobot/kaia_ws/install/kaiaai_msgs/share/ament_index/resource_index/parent_prefix_path/kaiaai_msgs\n'}
[15.736397] (kaiaai_msgs) StdoutLine: {'line': b'-- Symlinking: /home/duong/Arduino/ROS2_ServiceRobot/kaia_ws/install/kaiaai_msgs/share/kaiaai_msgs/environment/ament_prefix_path.sh\n'}
[15.753548] (kaiaai_msgs) StdoutLine: {'line': b'-- Symlinking: /home/duong/Arduino/ROS2_ServiceRobot/kaia_ws/install/kaiaai_msgs/share/kaiaai_msgs/environment/ament_prefix_path.dsv\n'}
[15.762319] (-) TimerEvent: {}
[15.771729] (kaiaai_msgs) StdoutLine: {'line': b'-- Symlinking: /home/duong/Arduino/ROS2_ServiceRobot/kaia_ws/install/kaiaai_msgs/share/kaiaai_msgs/environment/path.sh\n'}
[15.789607] (kaiaai_msgs) StdoutLine: {'line': b'-- Symlinking: /home/duong/Arduino/ROS2_ServiceRobot/kaia_ws/install/kaiaai_msgs/share/kaiaai_msgs/environment/path.dsv\n'}
[15.806928] (kaiaai_msgs) StdoutLine: {'line': b'-- Symlinking: /home/duong/Arduino/ROS2_ServiceRobot/kaia_ws/install/kaiaai_msgs/share/kaiaai_msgs/local_setup.bash\n'}
[15.824834] (kaiaai_msgs) StdoutLine: {'line': b'-- Symlinking: /home/duong/Arduino/ROS2_ServiceRobot/kaia_ws/install/kaiaai_msgs/share/kaiaai_msgs/local_setup.sh\n'}
[15.842524] (kaiaai_msgs) StdoutLine: {'line': b'-- Symlinking: /home/duong/Arduino/ROS2_ServiceRobot/kaia_ws/install/kaiaai_msgs/share/kaiaai_msgs/local_setup.zsh\n'}
[15.862461] (-) TimerEvent: {}
[15.863006] (kaiaai_msgs) StdoutLine: {'line': b'-- Symlinking: /home/duong/Arduino/ROS2_ServiceRobot/kaia_ws/install/kaiaai_msgs/share/kaiaai_msgs/local_setup.dsv\n'}
[15.876716] (kaiaai_msgs) StdoutLine: {'line': b'-- Symlinking: /home/duong/Arduino/ROS2_ServiceRobot/kaia_ws/install/kaiaai_msgs/share/kaiaai_msgs/package.dsv\n'}
[15.891018] (kaiaai_msgs) StdoutLine: {'line': b'-- Symlinking: /home/duong/Arduino/ROS2_ServiceRobot/kaia_ws/install/kaiaai_msgs/share/ament_index/resource_index/packages/kaiaai_msgs\n'}
[15.905315] (kaiaai_msgs) StdoutLine: {'line': b'-- Symlinking: /home/duong/Arduino/ROS2_ServiceRobot/kaia_ws/install/kaiaai_msgs/share/kaiaai_msgs/cmake/rosidl_cmake-extras.cmake\n'}
[15.919615] (kaiaai_msgs) StdoutLine: {'line': b'-- Symlinking: /home/duong/Arduino/ROS2_ServiceRobot/kaia_ws/install/kaiaai_msgs/share/kaiaai_msgs/cmake/ament_cmake_export_dependencies-extras.cmake\n'}
[15.938397] (kaiaai_msgs) StdoutLine: {'line': b'-- Symlinking: /home/duong/Arduino/ROS2_ServiceRobot/kaia_ws/install/kaiaai_msgs/share/kaiaai_msgs/cmake/ament_cmake_export_include_directories-extras.cmake\n'}
[15.959130] (kaiaai_msgs) StdoutLine: {'line': b'-- Symlinking: /home/duong/Arduino/ROS2_ServiceRobot/kaia_ws/install/kaiaai_msgs/share/kaiaai_msgs/cmake/ament_cmake_export_libraries-extras.cmake\n'}
[15.962610] (-) TimerEvent: {}
[15.972855] (kaiaai_msgs) StdoutLine: {'line': b'-- Symlinking: /home/duong/Arduino/ROS2_ServiceRobot/kaia_ws/install/kaiaai_msgs/share/kaiaai_msgs/cmake/ament_cmake_export_targets-extras.cmake\n'}
[15.986805] (kaiaai_msgs) StdoutLine: {'line': b'-- Symlinking: /home/duong/Arduino/ROS2_ServiceRobot/kaia_ws/install/kaiaai_msgs/share/kaiaai_msgs/cmake/rosidl_cmake_export_typesupport_targets-extras.cmake\n'}
[16.000756] (kaiaai_msgs) StdoutLine: {'line': b'-- Symlinking: /home/duong/Arduino/ROS2_ServiceRobot/kaia_ws/install/kaiaai_msgs/share/kaiaai_msgs/cmake/rosidl_cmake_export_typesupport_libraries-extras.cmake\n'}
[16.015959] (kaiaai_msgs) StdoutLine: {'line': b'-- Symlinking: /home/duong/Arduino/ROS2_ServiceRobot/kaia_ws/install/kaiaai_msgs/share/kaiaai_msgs/cmake/kaiaai_msgsConfig.cmake\n'}
[16.029543] (kaiaai_msgs) StdoutLine: {'line': b'-- Symlinking: /home/duong/Arduino/ROS2_ServiceRobot/kaia_ws/install/kaiaai_msgs/share/kaiaai_msgs/cmake/kaiaai_msgsConfig-version.cmake\n'}
[16.044299] (kaiaai_msgs) StdoutLine: {'line': b'-- Symlinking: /home/duong/Arduino/ROS2_ServiceRobot/kaia_ws/install/kaiaai_msgs/share/kaiaai_msgs/package.xml\n'}
[16.059088] (kaiaai_msgs) StdoutLine: {'line': b'-- Installing: /home/duong/Arduino/ROS2_ServiceRobot/kaia_ws/install/kaiaai_msgs/lib/libkaiaai_msgs__rosidl_generator_c.so\n'}
[16.059918] (kaiaai_msgs) StdoutLine: {'line': b'-- Set runtime path of "/home/duong/Arduino/ROS2_ServiceRobot/kaia_ws/install/kaiaai_msgs/lib/libkaiaai_msgs__rosidl_generator_c.so" to ""\n'}
[16.060069] (kaiaai_msgs) StdoutLine: {'line': b'-- Installing: /home/duong/Arduino/ROS2_ServiceRobot/kaia_ws/install/kaiaai_msgs/lib/libkaiaai_msgs__rosidl_typesupport_fastrtps_c.so\n'}
[16.060954] (kaiaai_msgs) StdoutLine: {'line': b'-- Set runtime path of "/home/duong/Arduino/ROS2_ServiceRobot/kaia_ws/install/kaiaai_msgs/lib/libkaiaai_msgs__rosidl_typesupport_fastrtps_c.so" to ""\n'}
[16.061139] (kaiaai_msgs) StdoutLine: {'line': b'-- Installing: /home/duong/Arduino/ROS2_ServiceRobot/kaia_ws/install/kaiaai_msgs/lib/libkaiaai_msgs__rosidl_typesupport_fastrtps_cpp.so\n'}
[16.062720] (-) TimerEvent: {}
[16.064936] (kaiaai_msgs) StdoutLine: {'line': b'-- Set runtime path of "/home/duong/Arduino/ROS2_ServiceRobot/kaia_ws/install/kaiaai_msgs/lib/libkaiaai_msgs__rosidl_typesupport_fastrtps_cpp.so" to ""\n'}
[16.066095] (kaiaai_msgs) StdoutLine: {'line': b'-- Installing: /home/duong/Arduino/ROS2_ServiceRobot/kaia_ws/install/kaiaai_msgs/lib/libkaiaai_msgs__rosidl_typesupport_introspection_c.so\n'}
[16.066625] (kaiaai_msgs) StdoutLine: {'line': b'-- Set runtime path of "/home/duong/Arduino/ROS2_ServiceRobot/kaia_ws/install/kaiaai_msgs/lib/libkaiaai_msgs__rosidl_typesupport_introspection_c.so" to ""\n'}
[16.066800] (kaiaai_msgs) StdoutLine: {'line': b'-- Installing: /home/duong/Arduino/ROS2_ServiceRobot/kaia_ws/install/kaiaai_msgs/lib/libkaiaai_msgs__rosidl_typesupport_c.so\n'}
[16.066918] (kaiaai_msgs) StdoutLine: {'line': b'-- Set runtime path of "/home/duong/Arduino/ROS2_ServiceRobot/kaia_ws/install/kaiaai_msgs/lib/libkaiaai_msgs__rosidl_typesupport_c.so" to ""\n'}
[16.067030] (kaiaai_msgs) StdoutLine: {'line': b'-- Installing: /home/duong/Arduino/ROS2_ServiceRobot/kaia_ws/install/kaiaai_msgs/lib/libkaiaai_msgs__rosidl_typesupport_introspection_cpp.so\n'}
[16.067143] (kaiaai_msgs) StdoutLine: {'line': b'-- Set runtime path of "/home/duong/Arduino/ROS2_ServiceRobot/kaia_ws/install/kaiaai_msgs/lib/libkaiaai_msgs__rosidl_typesupport_introspection_cpp.so" to ""\n'}
[16.067250] (kaiaai_msgs) StdoutLine: {'line': b'-- Installing: /home/duong/Arduino/ROS2_ServiceRobot/kaia_ws/install/kaiaai_msgs/lib/libkaiaai_msgs__rosidl_typesupport_cpp.so\n'}
[16.067357] (kaiaai_msgs) StdoutLine: {'line': b'-- Set runtime path of "/home/duong/Arduino/ROS2_ServiceRobot/kaia_ws/install/kaiaai_msgs/lib/libkaiaai_msgs__rosidl_typesupport_cpp.so" to ""\n'}
[16.146037] (kaiaai_msgs) StdoutLine: {'line': b"Listing '/home/duong/Arduino/ROS2_ServiceRobot/kaia_ws/install/kaiaai_msgs/lib/python3.10/site-packages/kaiaai_msgs'...\n"}
[16.146309] (kaiaai_msgs) StdoutLine: {'line': b"Compiling '/home/duong/Arduino/ROS2_ServiceRobot/kaia_ws/install/kaiaai_msgs/lib/python3.10/site-packages/kaiaai_msgs/__init__.py'...\n"}
[16.146411] (kaiaai_msgs) StdoutLine: {'line': b"Listing '/home/duong/Arduino/ROS2_ServiceRobot/kaia_ws/install/kaiaai_msgs/lib/python3.10/site-packages/kaiaai_msgs/msg'...\n"}
[16.146501] (kaiaai_msgs) StdoutLine: {'line': b"Compiling '/home/duong/Arduino/ROS2_ServiceRobot/kaia_ws/install/kaiaai_msgs/lib/python3.10/site-packages/kaiaai_msgs/msg/__init__.py'...\n"}
[16.146620] (kaiaai_msgs) StdoutLine: {'line': b"Compiling '/home/duong/Arduino/ROS2_ServiceRobot/kaia_ws/install/kaiaai_msgs/lib/python3.10/site-packages/kaiaai_msgs/msg/_joint_pos_vel.py'...\n"}
[16.146717] (kaiaai_msgs) StdoutLine: {'line': b"Compiling '/home/duong/Arduino/ROS2_ServiceRobot/kaia_ws/install/kaiaai_msgs/lib/python3.10/site-packages/kaiaai_msgs/msg/_kaiaai_telemetry.py'...\n"}
[16.146798] (kaiaai_msgs) StdoutLine: {'line': b"Compiling '/home/duong/Arduino/ROS2_ServiceRobot/kaia_ws/install/kaiaai_msgs/lib/python3.10/site-packages/kaiaai_msgs/msg/_kaiaai_telemetry2.py'...\n"}
[16.146901] (kaiaai_msgs) StdoutLine: {'line': b"Compiling '/home/duong/Arduino/ROS2_ServiceRobot/kaia_ws/install/kaiaai_msgs/lib/python3.10/site-packages/kaiaai_msgs/msg/_online_event.py'...\n"}
[16.147000] (kaiaai_msgs) StdoutLine: {'line': b"Compiling '/home/duong/Arduino/ROS2_ServiceRobot/kaia_ws/install/kaiaai_msgs/lib/python3.10/site-packages/kaiaai_msgs/msg/_wifi_state.py'...\n"}
[16.157467] (kaiaai_msgs) StdoutLine: {'line': b'-- Installing: /home/duong/Arduino/ROS2_ServiceRobot/kaia_ws/install/kaiaai_msgs/lib/libkaiaai_msgs__rosidl_generator_py.so\n'}
[16.158315] (kaiaai_msgs) StdoutLine: {'line': b'-- Set runtime path of "/home/duong/Arduino/ROS2_ServiceRobot/kaia_ws/install/kaiaai_msgs/lib/libkaiaai_msgs__rosidl_generator_py.so" to ""\n'}
[16.158596] (kaiaai_msgs) StdoutLine: {'line': b'-- Installing: /home/duong/Arduino/ROS2_ServiceRobot/kaia_ws/install/kaiaai_msgs/share/kaiaai_msgs/cmake/export_kaiaai_msgs__rosidl_generator_cExport.cmake\n'}
[16.158821] (kaiaai_msgs) StdoutLine: {'line': b'-- Installing: /home/duong/Arduino/ROS2_ServiceRobot/kaia_ws/install/kaiaai_msgs/share/kaiaai_msgs/cmake/export_kaiaai_msgs__rosidl_generator_cExport-noconfig.cmake\n'}
[16.159046] (kaiaai_msgs) StdoutLine: {'line': b'-- Installing: /home/duong/Arduino/ROS2_ServiceRobot/kaia_ws/install/kaiaai_msgs/share/kaiaai_msgs/cmake/export_kaiaai_msgs__rosidl_typesupport_fastrtps_cExport.cmake\n'}
[16.159253] (kaiaai_msgs) StdoutLine: {'line': b'-- Installing: /home/duong/Arduino/ROS2_ServiceRobot/kaia_ws/install/kaiaai_msgs/share/kaiaai_msgs/cmake/export_kaiaai_msgs__rosidl_typesupport_fastrtps_cExport-noconfig.cmake\n'}
[16.159484] (kaiaai_msgs) StdoutLine: {'line': b'-- Installing: /home/duong/Arduino/ROS2_ServiceRobot/kaia_ws/install/kaiaai_msgs/share/kaiaai_msgs/cmake/export_kaiaai_msgs__rosidl_generator_cppExport.cmake\n'}
[16.159690] (kaiaai_msgs) StdoutLine: {'line': b'-- Installing: /home/duong/Arduino/ROS2_ServiceRobot/kaia_ws/install/kaiaai_msgs/share/kaiaai_msgs/cmake/export_kaiaai_msgs__rosidl_typesupport_fastrtps_cppExport.cmake\n'}
[16.159951] (kaiaai_msgs) StdoutLine: {'line': b'-- Installing: /home/duong/Arduino/ROS2_ServiceRobot/kaia_ws/install/kaiaai_msgs/share/kaiaai_msgs/cmake/export_kaiaai_msgs__rosidl_typesupport_fastrtps_cppExport-noconfig.cmake\n'}
[16.160311] (kaiaai_msgs) StdoutLine: {'line': b'-- Installing: /home/duong/Arduino/ROS2_ServiceRobot/kaia_ws/install/kaiaai_msgs/share/kaiaai_msgs/cmake/kaiaai_msgs__rosidl_typesupport_introspection_cExport.cmake\n'}
[16.162865] (-) TimerEvent: {}
[16.163888] (kaiaai_msgs) StdoutLine: {'line': b'-- Installing: /home/duong/Arduino/ROS2_ServiceRobot/kaia_ws/install/kaiaai_msgs/share/kaiaai_msgs/cmake/kaiaai_msgs__rosidl_typesupport_introspection_cExport-noconfig.cmake\n'}
[16.164158] (kaiaai_msgs) StdoutLine: {'line': b'-- Installing: /home/duong/Arduino/ROS2_ServiceRobot/kaia_ws/install/kaiaai_msgs/share/kaiaai_msgs/cmake/kaiaai_msgs__rosidl_typesupport_cExport.cmake\n'}
[16.164260] (kaiaai_msgs) StdoutLine: {'line': b'-- Installing: /home/duong/Arduino/ROS2_ServiceRobot/kaia_ws/install/kaiaai_msgs/share/kaiaai_msgs/cmake/kaiaai_msgs__rosidl_typesupport_cExport-noconfig.cmake\n'}
[16.164348] (kaiaai_msgs) StdoutLine: {'line': b'-- Installing: /home/duong/Arduino/ROS2_ServiceRobot/kaia_ws/install/kaiaai_msgs/share/kaiaai_msgs/cmake/kaiaai_msgs__rosidl_typesupport_introspection_cppExport.cmake\n'}
[16.164436] (kaiaai_msgs) StdoutLine: {'line': b'-- Installing: /home/duong/Arduino/ROS2_ServiceRobot/kaia_ws/install/kaiaai_msgs/share/kaiaai_msgs/cmake/kaiaai_msgs__rosidl_typesupport_introspection_cppExport-noconfig.cmake\n'}
[16.164527] (kaiaai_msgs) StdoutLine: {'line': b'-- Installing: /home/duong/Arduino/ROS2_ServiceRobot/kaia_ws/install/kaiaai_msgs/share/kaiaai_msgs/cmake/kaiaai_msgs__rosidl_typesupport_cppExport.cmake\n'}
[16.164652] (kaiaai_msgs) StdoutLine: {'line': b'-- Installing: /home/duong/Arduino/ROS2_ServiceRobot/kaia_ws/install/kaiaai_msgs/share/kaiaai_msgs/cmake/kaiaai_msgs__rosidl_typesupport_cppExport-noconfig.cmake\n'}
[16.164740] (kaiaai_msgs) StdoutLine: {'line': b'-- Installing: /home/duong/Arduino/ROS2_ServiceRobot/kaia_ws/install/kaiaai_msgs/share/kaiaai_msgs/cmake/export_kaiaai_msgs__rosidl_generator_pyExport.cmake\n'}
[16.164845] (kaiaai_msgs) StdoutLine: {'line': b'-- Installing: /home/duong/Arduino/ROS2_ServiceRobot/kaia_ws/install/kaiaai_msgs/share/kaiaai_msgs/cmake/export_kaiaai_msgs__rosidl_generator_pyExport-noconfig.cmake\n'}
[16.167107] (kaiaai_msgs) CommandEnded: {'returncode': 0}
[16.202544] (kaiaai_msgs) JobEnded: {'identifier': 'kaiaai_msgs', 'rc': 0}
[16.203149] (kaiaai_telemetry) JobStarted: {'identifier': 'kaiaai_telemetry'}
[16.263029] (-) TimerEvent: {}
[16.363304] (-) TimerEvent: {}
[16.463586] (-) TimerEvent: {}
[16.563832] (-) TimerEvent: {}
[16.664107] (-) TimerEvent: {}
[16.764390] (-) TimerEvent: {}
[16.864670] (-) TimerEvent: {}
[16.964939] (-) TimerEvent: {}
[17.007368] (auto_mapper) StdoutLine: {'line': b'-- Configuring done\n'}
[17.007793] (kaiaai_telemetry) JobProgress: {'identifier': 'kaiaai_telemetry', 'progress': 'cmake'}
[17.008488] (kaiaai_telemetry) Command: {'cmd': ['/usr/bin/cmake', '/home/duong/Arduino/ROS2_ServiceRobot/kaia_ws/src/kaiaai_telemetry', '-DAMENT_CMAKE_SYMLINK_INSTALL=1', '-DCMAKE_INSTALL_PREFIX=/home/duong/Arduino/ROS2_ServiceRobot/kaia_ws/install/kaiaai_telemetry'], 'cwd': '/home/duong/Arduino/ROS2_ServiceRobot/kaia_ws/build/kaiaai_telemetry', 'env': OrderedDict([('SHLVL', '0'), ('LD_LIBRARY_PATH', '/home/duong/Arduino/ROS2_ServiceRobot/kaia_ws/install/kaiaai_msgs/lib:/home/duong/Arduino/ROS2_ServiceRobot/uros_ws/install/micro_ros_agent/lib:/home/duong/Arduino/ROS2_ServiceRobot/uros_ws/install/micro_ros_msgs/lib:/home/duong/Arduino/ROS2_ServiceRobot/uros_ws/install/drive_base_msgs/lib:/usr/lib/x86_64-linux-gnu/gazebo-11/plugins:/opt/ros/iron/opt/rviz_ogre_vendor/lib:/opt/ros/iron/lib/x86_64-linux-gnu:/opt/ros/iron/lib'), ('HOME', '/tmp'), ('ROS_PYTHON_VERSION', '3'), ('COLCON_PREFIX_PATH', '/home/duong/Arduino/ROS2_ServiceRobot/uros_ws/install'), ('ROS_DISTRO', 'iron'), ('_', '/usr/bin/colcon'), ('ROS_VERSION', '2'), ('PATH', '/opt/ros/iron/bin:/usr/local/bin:/usr/bin:/bin'), ('LANG', 'C.UTF-8'), ('AMENT_PREFIX_PATH', '/home/duong/Arduino/ROS2_ServiceRobot/kaia_ws/install/kaiaai_msgs:/home/duong/Arduino/ROS2_ServiceRobot/uros_ws/install/micro_ros_setup:/home/duong/Arduino/ROS2_ServiceRobot/uros_ws/install/micro_ros_agent:/home/duong/Arduino/ROS2_ServiceRobot/uros_ws/install/micro_ros_msgs:/home/duong/Arduino/ROS2_ServiceRobot/uros_ws/install/drive_base_msgs:/opt/ros/iron'), ('ROS_AUTOMATIC_DISCOVERY_RANGE', 'SUBNET'), ('PWD', '/home/duong/Arduino/ROS2_ServiceRobot/kaia_ws/build/kaiaai_telemetry'), ('LC_ALL', 'C.UTF-8'), ('PYTHONPATH', '/home/duong/Arduino/ROS2_ServiceRobot/kaia_ws/install/kaiaai_msgs/lib/python3.10/site-packages:/home/duong/Arduino/ROS2_ServiceRobot/uros_ws/install/micro_ros_msgs/lib/python3.10/site-packages:/home/duong/Arduino/ROS2_ServiceRobot/uros_ws/install/drive_base_msgs/lib/python3.10/site-packages:/opt/ros/iron/lib/python3.10/site-packages'), ('COLCON', '1'), ('CMAKE_PREFIX_PATH', '/home/duong/Arduino/ROS2_ServiceRobot/kaia_ws/install/kaiaai_msgs:/home/duong/Arduino/ROS2_ServiceRobot/uros_ws/install/micro_ros_setup:/home/duong/Arduino/ROS2_ServiceRobot/uros_ws/install/micro_ros_agent:/home/duong/Arduino/ROS2_ServiceRobot/uros_ws/install/micro_ros_msgs:/home/duong/Arduino/ROS2_ServiceRobot/uros_ws/install/drive_base_msgs:/opt/ros/iron')]), 'shell': False}
[17.066339] (-) TimerEvent: {}
[17.111783] (kaiaai_telemetry) StdoutLine: {'line': b'-- The C compiler identification is GNU 11.4.0\n'}
[17.114103] (auto_mapper) StdoutLine: {'line': b'-- Generating done\n'}
[17.130207] (auto_mapper) StdoutLine: {'line': b'-- Build files have been written to: /home/duong/Arduino/ROS2_ServiceRobot/kaia_ws/build/auto_mapper\n'}
[17.155352] (auto_mapper) CommandEnded: {'returncode': 0}
[17.156320] (auto_mapper) JobProgress: {'identifier': 'auto_mapper', 'progress': 'build'}
[17.156874] (auto_mapper) Command: {'cmd': ['/usr/bin/cmake', '--build', '/home/duong/Arduino/ROS2_ServiceRobot/kaia_ws/build/auto_mapper', '--', '-j12', '-l12'], 'cwd': '/home/duong/Arduino/ROS2_ServiceRobot/kaia_ws/build/auto_mapper', 'env': OrderedDict([('SHLVL', '0'), ('LD_LIBRARY_PATH', '/home/duong/Arduino/ROS2_ServiceRobot/uros_ws/install/micro_ros_agent/lib:/home/duong/Arduino/ROS2_ServiceRobot/uros_ws/install/micro_ros_msgs/lib:/home/duong/Arduino/ROS2_ServiceRobot/uros_ws/install/drive_base_msgs/lib:/usr/lib/x86_64-linux-gnu/gazebo-11/plugins:/opt/ros/iron/opt/rviz_ogre_vendor/lib:/opt/ros/iron/lib/x86_64-linux-gnu:/opt/ros/iron/lib'), ('HOME', '/tmp'), ('ROS_PYTHON_VERSION', '3'), ('COLCON_PREFIX_PATH', '/home/duong/Arduino/ROS2_ServiceRobot/uros_ws/install'), ('ROS_DISTRO', 'iron'), ('_', '/usr/bin/colcon'), ('ROS_VERSION', '2'), ('PATH', '/opt/ros/iron/bin:/usr/local/bin:/usr/bin:/bin'), ('LANG', 'C.UTF-8'), ('AMENT_PREFIX_PATH', '/home/duong/Arduino/ROS2_ServiceRobot/uros_ws/install/micro_ros_setup:/home/duong/Arduino/ROS2_ServiceRobot/uros_ws/install/micro_ros_agent:/home/duong/Arduino/ROS2_ServiceRobot/uros_ws/install/micro_ros_msgs:/home/duong/Arduino/ROS2_ServiceRobot/uros_ws/install/drive_base_msgs:/opt/ros/iron'), ('ROS_AUTOMATIC_DISCOVERY_RANGE', 'SUBNET'), ('PWD', '/home/duong/Arduino/ROS2_ServiceRobot/kaia_ws/build/auto_mapper'), ('LC_ALL', 'C.UTF-8'), ('PYTHONPATH', '/home/duong/Arduino/ROS2_ServiceRobot/uros_ws/install/micro_ros_msgs/lib/python3.10/site-packages:/home/duong/Arduino/ROS2_ServiceRobot/uros_ws/install/drive_base_msgs/lib/python3.10/site-packages:/opt/ros/iron/lib/python3.10/site-packages'), ('COLCON', '1'), ('CMAKE_PREFIX_PATH', '/home/duong/Arduino/ROS2_ServiceRobot/uros_ws/install/micro_ros_setup:/home/duong/Arduino/ROS2_ServiceRobot/uros_ws/install/micro_ros_agent:/home/duong/Arduino/ROS2_ServiceRobot/uros_ws/install/micro_ros_msgs:/home/duong/Arduino/ROS2_ServiceRobot/uros_ws/install/drive_base_msgs:/opt/ros/iron')]), 'shell': False}
[17.166475] (-) TimerEvent: {}
[17.201883] (kaiaai_telemetry) StdoutLine: {'line': b'-- The CXX compiler identification is GNU 11.4.0\n'}
[17.211339] (kaiaai_telemetry) StdoutLine: {'line': b'-- Detecting C compiler ABI info\n'}
[17.264663] (auto_mapper) StdoutLine: {'line': b'[ 50%] Building CXX object CMakeFiles/auto_mapper.dir/src/auto_mapper.cpp.o\n'}
[17.266614] (-) TimerEvent: {}
[17.322658] (kaiaai_telemetry) StdoutLine: {'line': b'-- Detecting C compiler ABI info - done\n'}
[17.332148] (kaiaai_telemetry) StdoutLine: {'line': b'-- Check for working C compiler: /usr/bin/cc - skipped\n'}
[17.332716] (kaiaai_telemetry) StdoutLine: {'line': b'-- Detecting C compile features\n'}
[17.333087] (kaiaai_telemetry) StdoutLine: {'line': b'-- Detecting C compile features - done\n'}
[17.337047] (kaiaai_telemetry) StdoutLine: {'line': b'-- Detecting CXX compiler ABI info\n'}
[17.366741] (-) TimerEvent: {}
[17.468630] (-) TimerEvent: {}
[17.487659] (kaiaai_telemetry) StdoutLine: {'line': b'-- Detecting CXX compiler ABI info - done\n'}
[17.501170] (kaiaai_telemetry) StdoutLine: {'line': b'-- Check for working CXX compiler: /usr/bin/c++ - skipped\n'}
[17.501511] (kaiaai_telemetry) StdoutLine: {'line': b'-- Detecting CXX compile features\n'}
[17.502353] (kaiaai_telemetry) StdoutLine: {'line': b'-- Detecting CXX compile features - done\n'}
[17.508158] (kaiaai_telemetry) StdoutLine: {'line': b'-- Found ament_cmake: 2.0.7 (/opt/ros/iron/share/ament_cmake/cmake)\n'}
[17.569652] (-) TimerEvent: {}
[17.669933] (-) TimerEvent: {}
[17.770187] (-) TimerEvent: {}
[17.787060] (kaiaai_telemetry) StdoutLine: {'line': b'-- Found Python3: /usr/bin/python3.10 (found version "3.10.12") found components: Interpreter \n'}
[17.870341] (-) TimerEvent: {}
[17.872580] (kaiaai_telemetry) StdoutLine: {'line': b'-- Override CMake install command with custom implementation using symlinks instead of copying resources\n'}
[17.940899] (kaiaai_telemetry) StdoutLine: {'line': b'-- Found rclcpp: 21.0.8 (/opt/ros/iron/share/rclcpp/cmake)\n'}
[17.970500] (-) TimerEvent: {}
[18.023704] (kaiaai_telemetry) StdoutLine: {'line': b'-- Found rosidl_generator_c: 4.0.1 (/opt/ros/iron/share/rosidl_generator_c/cmake)\n'}
[18.047687] (kaiaai_telemetry) StdoutLine: {'line': b'-- Found rosidl_generator_cpp: 4.0.1 (/opt/ros/iron/share/rosidl_generator_cpp/cmake)\n'}
[18.070655] (-) TimerEvent: {}
[18.080458] (kaiaai_telemetry) StdoutLine: {'line': b'-- Using all available rosidl_typesupport_c: rosidl_typesupport_fastrtps_c;rosidl_typesupport_introspection_c\n'}
[18.103365] (kaiaai_telemetry) StdoutLine: {'line': b'-- Using all available rosidl_typesupport_cpp: rosidl_typesupport_fastrtps_cpp;rosidl_typesupport_introspection_cpp\n'}
[18.170766] (-) TimerEvent: {}
[18.270997] (-) TimerEvent: {}
[18.329205] (kaiaai_telemetry) StdoutLine: {'line': b'-- Found rmw_implementation_cmake: 7.1.0 (/opt/ros/iron/share/rmw_implementation_cmake/cmake)\n'}
[18.333937] (kaiaai_telemetry) StdoutLine: {'line': b'-- Found rmw_fastrtps_cpp: 7.1.4 (/opt/ros/iron/share/rmw_fastrtps_cpp/cmake)\n'}
[18.371127] (-) TimerEvent: {}
[18.471387] (-) TimerEvent: {}
[18.506412] (kaiaai_telemetry) StdoutLine: {'line': b'-- Found OpenSSL: /usr/lib/x86_64-linux-gnu/libcrypto.so (found version "3.0.2")  \n'}
[18.559690] (kaiaai_telemetry) StdoutLine: {'line': b'-- Found FastRTPS: /opt/ros/iron/include  \n'}
[18.571530] (-) TimerEvent: {}
[18.627207] (kaiaai_telemetry) StdoutLine: {'line': b"-- Using RMW implementation 'rmw_fastrtps_cpp' as default\n"}
[18.671662] (-) TimerEvent: {}
[18.771902] (-) TimerEvent: {}
[18.861612] (kaiaai_telemetry) StdoutLine: {'line': b'-- Found kaiaai_msgs: 0.3.0 (/home/duong/Arduino/ROS2_ServiceRobot/kaia_ws/install/kaiaai_msgs/share/kaiaai_msgs/cmake)\n'}
[18.872016] (-) TimerEvent: {}
[18.904277] (explore_lite) StdoutLine: {'line': b'[ 90%] Built target test_explore\n'}
[18.972148] (-) TimerEvent: {}
[19.072394] (-) TimerEvent: {}
[19.132574] (kaiaai_telemetry) StdoutLine: {'line': b'-- Found nav_msgs: 5.0.1 (/opt/ros/iron/share/nav_msgs/cmake)\n'}
[19.172529] (-) TimerEvent: {}
[19.272782] (-) TimerEvent: {}
[19.322269] (kaiaai_telemetry) StdoutLine: {'line': b'-- Found sensor_msgs: 5.0.1 (/opt/ros/iron/share/sensor_msgs/cmake)\n'}
[19.372911] (-) TimerEvent: {}
[19.441752] (kaiaai_telemetry) StdoutLine: {'line': b'-- Found tf2_msgs: 0.31.8 (/opt/ros/iron/share/tf2_msgs/cmake)\n'}
[19.473040] (-) TimerEvent: {}
[19.573282] (-) TimerEvent: {}
[19.673524] (-) TimerEvent: {}
[19.684899] (kaiaai_telemetry) StdoutLine: {'line': b'-- Found tf2_ros: 0.31.8 (/opt/ros/iron/share/tf2_ros/cmake)\n'}
[19.773659] (-) TimerEvent: {}
[19.873943] (-) TimerEvent: {}
[19.973913] (kaiaai_telemetry) StdoutLine: {'line': b'-- Found ament_lint_auto: 0.14.4 (/opt/ros/iron/share/ament_lint_auto/cmake)\n'}
[19.974117] (-) TimerEvent: {}
[20.074298] (-) TimerEvent: {}
[20.079444] (kaiaai_telemetry) StdoutLine: {'line': b"-- Added test 'cppcheck' to perform static code analysis on C / C++ code\n"}
[20.079710] (kaiaai_telemetry) StdoutLine: {'line': b'-- Configured cppcheck include dirs: \n'}
[20.079834] (kaiaai_telemetry) StdoutLine: {'line': b'-- Configured cppcheck exclude dirs and/or files: \n'}
[20.082278] (kaiaai_telemetry) StdoutLine: {'line': b"-- Added test 'lint_cmake' to check CMake code style\n"}
[20.088506] (kaiaai_telemetry) StdoutLine: {'line': b"-- Added test 'uncrustify' to check C / C++ code style\n"}
[20.088709] (kaiaai_telemetry) StdoutLine: {'line': b'-- Configured uncrustify additional arguments: \n'}
[20.089726] (kaiaai_telemetry) StdoutLine: {'line': b"-- Added test 'xmllint' to check XML markup files\n"}
[20.091575] (kaiaai_telemetry) StdoutLine: {'line': b'-- Configuring done\n'}
[20.116728] (kaiaai_telemetry) StdoutLine: {'line': b'-- Generating done\n'}
[20.124194] (kaiaai_telemetry) StdoutLine: {'line': b'-- Build files have been written to: /home/duong/Arduino/ROS2_ServiceRobot/kaia_ws/build/kaiaai_telemetry\n'}
[20.140412] (kaiaai_telemetry) CommandEnded: {'returncode': 0}
[20.141278] (kaiaai_telemetry) JobProgress: {'identifier': 'kaiaai_telemetry', 'progress': 'build'}
[20.141898] (kaiaai_telemetry) Command: {'cmd': ['/usr/bin/cmake', '--build', '/home/duong/Arduino/ROS2_ServiceRobot/kaia_ws/build/kaiaai_telemetry', '--', '-j12', '-l12'], 'cwd': '/home/duong/Arduino/ROS2_ServiceRobot/kaia_ws/build/kaiaai_telemetry', 'env': OrderedDict([('SHLVL', '0'), ('LD_LIBRARY_PATH', '/home/duong/Arduino/ROS2_ServiceRobot/kaia_ws/install/kaiaai_msgs/lib:/home/duong/Arduino/ROS2_ServiceRobot/uros_ws/install/micro_ros_agent/lib:/home/duong/Arduino/ROS2_ServiceRobot/uros_ws/install/micro_ros_msgs/lib:/home/duong/Arduino/ROS2_ServiceRobot/uros_ws/install/drive_base_msgs/lib:/usr/lib/x86_64-linux-gnu/gazebo-11/plugins:/opt/ros/iron/opt/rviz_ogre_vendor/lib:/opt/ros/iron/lib/x86_64-linux-gnu:/opt/ros/iron/lib'), ('HOME', '/tmp'), ('ROS_PYTHON_VERSION', '3'), ('COLCON_PREFIX_PATH', '/home/duong/Arduino/ROS2_ServiceRobot/uros_ws/install'), ('ROS_DISTRO', 'iron'), ('_', '/usr/bin/colcon'), ('ROS_VERSION', '2'), ('PATH', '/opt/ros/iron/bin:/usr/local/bin:/usr/bin:/bin'), ('LANG', 'C.UTF-8'), ('AMENT_PREFIX_PATH', '/home/duong/Arduino/ROS2_ServiceRobot/kaia_ws/install/kaiaai_msgs:/home/duong/Arduino/ROS2_ServiceRobot/uros_ws/install/micro_ros_setup:/home/duong/Arduino/ROS2_ServiceRobot/uros_ws/install/micro_ros_agent:/home/duong/Arduino/ROS2_ServiceRobot/uros_ws/install/micro_ros_msgs:/home/duong/Arduino/ROS2_ServiceRobot/uros_ws/install/drive_base_msgs:/opt/ros/iron'), ('ROS_AUTOMATIC_DISCOVERY_RANGE', 'SUBNET'), ('PWD', '/home/duong/Arduino/ROS2_ServiceRobot/kaia_ws/build/kaiaai_telemetry'), ('LC_ALL', 'C.UTF-8'), ('PYTHONPATH', '/home/duong/Arduino/ROS2_ServiceRobot/kaia_ws/install/kaiaai_msgs/lib/python3.10/site-packages:/home/duong/Arduino/ROS2_ServiceRobot/uros_ws/install/micro_ros_msgs/lib/python3.10/site-packages:/home/duong/Arduino/ROS2_ServiceRobot/uros_ws/install/drive_base_msgs/lib/python3.10/site-packages:/opt/ros/iron/lib/python3.10/site-packages'), ('COLCON', '1'), ('CMAKE_PREFIX_PATH', '/home/duong/Arduino/ROS2_ServiceRobot/kaia_ws/install/kaiaai_msgs:/home/duong/Arduino/ROS2_ServiceRobot/uros_ws/install/micro_ros_setup:/home/duong/Arduino/ROS2_ServiceRobot/uros_ws/install/micro_ros_agent:/home/duong/Arduino/ROS2_ServiceRobot/uros_ws/install/micro_ros_msgs:/home/duong/Arduino/ROS2_ServiceRobot/uros_ws/install/drive_base_msgs:/opt/ros/iron')]), 'shell': False}
[20.174455] (-) TimerEvent: {}
[20.217819] (kaiaai_telemetry) StdoutLine: {'line': b'[ 50%] Building CXX object CMakeFiles/telem.dir/src/telem.cpp.o\n'}
[20.218027] (kaiaai_telemetry) StdoutLine: {'line': b'[ 50%] Building CXX object CMakeFiles/telem_test_pub.dir/src/telem_test_pub.cpp.o\n'}
[20.274609] (-) TimerEvent: {}
[20.374868] (-) TimerEvent: {}
[20.475128] (-) TimerEvent: {}
[20.575384] (-) TimerEvent: {}
[20.675649] (-) TimerEvent: {}
[20.775933] (-) TimerEvent: {}
[20.876211] (-) TimerEvent: {}
[20.976506] (-) TimerEvent: {}
[21.076792] (-) TimerEvent: {}
[21.177076] (-) TimerEvent: {}
[21.277342] (-) TimerEvent: {}
[21.377648] (-) TimerEvent: {}
[21.477908] (-) TimerEvent: {}
[21.578181] (-) TimerEvent: {}
[21.678471] (-) TimerEvent: {}
[21.778747] (-) TimerEvent: {}
[21.879011] (-) TimerEvent: {}
[21.979302] (-) TimerEvent: {}
[22.079660] (-) TimerEvent: {}
[22.179962] (-) TimerEvent: {}
[22.280227] (-) TimerEvent: {}
[22.380506] (-) TimerEvent: {}
[22.480796] (-) TimerEvent: {}
[22.581064] (-) TimerEvent: {}
[22.607400] (kaiaai_gazebo) StdoutLine: {'line': b'[100%] Linking CXX executable self_drive_gazebo\n'}
[22.681222] (-) TimerEvent: {}
[22.781517] (-) TimerEvent: {}
[22.881832] (-) TimerEvent: {}
[22.982192] (-) TimerEvent: {}
[23.082528] (-) TimerEvent: {}
[23.185040] (-) TimerEvent: {}
[23.285298] (-) TimerEvent: {}
[23.385581] (-) TimerEvent: {}
[23.485847] (-) TimerEvent: {}
[23.586113] (-) TimerEvent: {}
[23.686361] (-) TimerEvent: {}
[23.688469] (kaiaai_gazebo) StdoutLine: {'line': b'[100%] Built target self_drive_gazebo\n'}
[23.706234] (kaiaai_gazebo) CommandEnded: {'returncode': 0}
[23.707345] (kaiaai_gazebo) JobProgress: {'identifier': 'kaiaai_gazebo', 'progress': 'install'}
[23.707843] (kaiaai_gazebo) Command: {'cmd': ['/usr/bin/cmake', '--install', '/home/duong/Arduino/ROS2_ServiceRobot/kaia_ws/build/kaiaai_gazebo'], 'cwd': '/home/duong/Arduino/ROS2_ServiceRobot/kaia_ws/build/kaiaai_gazebo', 'env': OrderedDict([('SHLVL', '0'), ('LD_LIBRARY_PATH', '/home/duong/Arduino/ROS2_ServiceRobot/uros_ws/install/micro_ros_agent/lib:/home/duong/Arduino/ROS2_ServiceRobot/uros_ws/install/micro_ros_msgs/lib:/home/duong/Arduino/ROS2_ServiceRobot/uros_ws/install/drive_base_msgs/lib:/usr/lib/x86_64-linux-gnu/gazebo-11/plugins:/opt/ros/iron/opt/rviz_ogre_vendor/lib:/opt/ros/iron/lib/x86_64-linux-gnu:/opt/ros/iron/lib'), ('HOME', '/tmp'), ('ROS_PYTHON_VERSION', '3'), ('COLCON_PREFIX_PATH', '/home/duong/Arduino/ROS2_ServiceRobot/uros_ws/install'), ('ROS_DISTRO', 'iron'), ('_', '/usr/bin/colcon'), ('ROS_VERSION', '2'), ('PATH', '/opt/ros/iron/bin:/usr/local/bin:/usr/bin:/bin'), ('LANG', 'C.UTF-8'), ('AMENT_PREFIX_PATH', '/home/duong/Arduino/ROS2_ServiceRobot/kaia_ws/install/kaiaai:/home/duong/Arduino/ROS2_ServiceRobot/uros_ws/install/micro_ros_setup:/home/duong/Arduino/ROS2_ServiceRobot/uros_ws/install/micro_ros_agent:/home/duong/Arduino/ROS2_ServiceRobot/uros_ws/install/micro_ros_msgs:/home/duong/Arduino/ROS2_ServiceRobot/uros_ws/install/drive_base_msgs:/opt/ros/iron'), ('ROS_AUTOMATIC_DISCOVERY_RANGE', 'SUBNET'), ('PWD', '/home/duong/Arduino/ROS2_ServiceRobot/kaia_ws/build/kaiaai_gazebo'), ('LC_ALL', 'C.UTF-8'), ('PYTHONPATH', '/home/duong/Arduino/ROS2_ServiceRobot/kaia_ws/build/kaiaai:/home/duong/Arduino/ROS2_ServiceRobot/kaia_ws/install/kaiaai/lib/python3.10/site-packages:/home/duong/Arduino/ROS2_ServiceRobot/uros_ws/install/micro_ros_msgs/lib/python3.10/site-packages:/home/duong/Arduino/ROS2_ServiceRobot/uros_ws/install/drive_base_msgs/lib/python3.10/site-packages:/opt/ros/iron/lib/python3.10/site-packages'), ('COLCON', '1'), ('CMAKE_PREFIX_PATH', '/home/duong/Arduino/ROS2_ServiceRobot/uros_ws/install/micro_ros_setup:/home/duong/Arduino/ROS2_ServiceRobot/uros_ws/install/micro_ros_agent:/home/duong/Arduino/ROS2_ServiceRobot/uros_ws/install/micro_ros_msgs:/home/duong/Arduino/ROS2_ServiceRobot/uros_ws/install/drive_base_msgs:/opt/ros/iron')]), 'shell': False}
[23.719653] (kaiaai_gazebo) StdoutLine: {'line': b'-- Install configuration: ""\n'}
[23.720335] (kaiaai_gazebo) StdoutLine: {'line': b'-- Execute custom install script\n'}
[23.720949] (kaiaai_gazebo) StdoutLine: {'line': b'-- Symlinking: /home/duong/Arduino/ROS2_ServiceRobot/kaia_ws/install/kaiaai_gazebo/lib/kaiaai_gazebo/self_drive_gazebo\n'}
[23.735306] (kaiaai_gazebo) StdoutLine: {'line': b'-- Symlinking: /home/duong/Arduino/ROS2_ServiceRobot/kaia_ws/install/kaiaai_gazebo/share/kaiaai_gazebo//launch/self_drive_gazebo.launch.py\n'}
[23.749182] (kaiaai_gazebo) StdoutLine: {'line': b'-- Symlinking: /home/duong/Arduino/ROS2_ServiceRobot/kaia_ws/install/kaiaai_gazebo/share/kaiaai_gazebo//launch/world.launch.py\n'}
[23.769002] (kaiaai_gazebo) StdoutLine: {'line': b'-- Symlinking: /home/duong/Arduino/ROS2_ServiceRobot/kaia_ws/install/kaiaai_gazebo/share/kaiaai_gazebo//models/Bookshelf/bookshelf_diffuse.jpg\n'}
[23.782655] (kaiaai_gazebo) StdoutLine: {'line': b'-- Symlinking: /home/duong/Arduino/ROS2_ServiceRobot/kaia_ws/install/kaiaai_gazebo/share/kaiaai_gazebo//models/Bookshelf/model-1_2.sdf\n'}
[23.786503] (-) TimerEvent: {}
[23.796403] (kaiaai_gazebo) StdoutLine: {'line': b'-- Symlinking: /home/duong/Arduino/ROS2_ServiceRobot/kaia_ws/install/kaiaai_gazebo/share/kaiaai_gazebo//models/Bookshelf/model-1_3.sdf\n'}
[23.810417] (kaiaai_gazebo) StdoutLine: {'line': b'-- Symlinking: /home/duong/Arduino/ROS2_ServiceRobot/kaia_ws/install/kaiaai_gazebo/share/kaiaai_gazebo//models/Bookshelf/model-1_4.sdf\n'}
[23.824870] (kaiaai_gazebo) StdoutLine: {'line': b'-- Symlinking: /home/duong/Arduino/ROS2_ServiceRobot/kaia_ws/install/kaiaai_gazebo/share/kaiaai_gazebo//models/Bookshelf/model.config\n'}
[23.838550] (kaiaai_gazebo) StdoutLine: {'line': b'-- Symlinking: /home/duong/Arduino/ROS2_ServiceRobot/kaia_ws/install/kaiaai_gazebo/share/kaiaai_gazebo//models/Bookshelf/model.sdf\n'}
[23.853075] (kaiaai_gazebo) StdoutLine: {'line': b'-- Symlinking: /home/duong/Arduino/ROS2_ServiceRobot/kaia_ws/install/kaiaai_gazebo/share/kaiaai_gazebo//models/Bookshelf/thumbnails/1.png\n'}
[23.868521] (kaiaai_gazebo) StdoutLine: {'line': b'-- Symlinking: /home/duong/Arduino/ROS2_ServiceRobot/kaia_ws/install/kaiaai_gazebo/share/kaiaai_gazebo//models/Bookshelf/thumbnails/2.png\n'}
[23.885858] (kaiaai_gazebo) StdoutLine: {'line': b'-- Symlinking: /home/duong/Arduino/ROS2_ServiceRobot/kaia_ws/install/kaiaai_gazebo/share/kaiaai_gazebo//models/Bookshelf/thumbnails/3.png\n'}
[23.886620] (-) TimerEvent: {}
[23.904414] (kaiaai_gazebo) StdoutLine: {'line': b'-- Symlinking: /home/duong/Arduino/ROS2_ServiceRobot/kaia_ws/install/kaiaai_gazebo/share/kaiaai_gazebo//models/Bookshelf/thumbnails/4.png\n'}
[23.922173] (kaiaai_gazebo) StdoutLine: {'line': b'-- Symlinking: /home/duong/Arduino/ROS2_ServiceRobot/kaia_ws/install/kaiaai_gazebo/share/kaiaai_gazebo//models/Bookshelf/thumbnails/5.png\n'}
[23.940090] (kaiaai_gazebo) StdoutLine: {'line': b'-- Symlinking: /home/duong/Arduino/ROS2_ServiceRobot/kaia_ws/install/kaiaai_gazebo/share/kaiaai_gazebo//models/Cabinet/model-1_2.sdf\n'}
[23.957373] (kaiaai_gazebo) StdoutLine: {'line': b'-- Symlinking: /home/duong/Arduino/ROS2_ServiceRobot/kaia_ws/install/kaiaai_gazebo/share/kaiaai_gazebo//models/Cabinet/model-1_3.sdf\n'}
[23.974666] (kaiaai_gazebo) StdoutLine: {'line': b'-- Symlinking: /home/duong/Arduino/ROS2_ServiceRobot/kaia_ws/install/kaiaai_gazebo/share/kaiaai_gazebo//models/Cabinet/model-1_4.sdf\n'}
[23.986772] (-) TimerEvent: {}
[23.992642] (kaiaai_gazebo) StdoutLine: {'line': b'-- Symlinking: /home/duong/Arduino/ROS2_ServiceRobot/kaia_ws/install/kaiaai_gazebo/share/kaiaai_gazebo//models/Cabinet/model.config\n'}
[24.009259] (kaiaai_gazebo) StdoutLine: {'line': b'-- Symlinking: /home/duong/Arduino/ROS2_ServiceRobot/kaia_ws/install/kaiaai_gazebo/share/kaiaai_gazebo//models/Cabinet/model.sdf\n'}
[24.027513] (kaiaai_gazebo) StdoutLine: {'line': b'-- Symlinking: /home/duong/Arduino/ROS2_ServiceRobot/kaia_ws/install/kaiaai_gazebo/share/kaiaai_gazebo//models/Cabinet/thumbnails/1.png\n'}
[24.044975] (kaiaai_gazebo) StdoutLine: {'line': b'-- Symlinking: /home/duong/Arduino/ROS2_ServiceRobot/kaia_ws/install/kaiaai_gazebo/share/kaiaai_gazebo//models/Cabinet/thumbnails/2.png\n'}
[24.068331] (kaiaai_gazebo) StdoutLine: {'line': b'-- Symlinking: /home/duong/Arduino/ROS2_ServiceRobot/kaia_ws/install/kaiaai_gazebo/share/kaiaai_gazebo//models/Cabinet/thumbnails/3.png\n'}
[24.080842] (kaiaai_gazebo) StdoutLine: {'line': b'-- Symlinking: /home/duong/Arduino/ROS2_ServiceRobot/kaia_ws/install/kaiaai_gazebo/share/kaiaai_gazebo//models/Cabinet/thumbnails/4.png\n'}
[24.086929] (-) TimerEvent: {}
[24.100031] (kaiaai_gazebo) StdoutLine: {'line': b'-- Symlinking: /home/duong/Arduino/ROS2_ServiceRobot/kaia_ws/install/kaiaai_gazebo/share/kaiaai_gazebo//models/Cabinet/thumbnails/5.png\n'}
[24.118147] (kaiaai_gazebo) StdoutLine: {'line': b'-- Symlinking: /home/duong/Arduino/ROS2_ServiceRobot/kaia_ws/install/kaiaai_gazebo/share/kaiaai_gazebo//models/Chair/meshes/Chair.mtl\n'}
[24.133203] (kaiaai_gazebo) StdoutLine: {'line': b'-- Symlinking: /home/duong/Arduino/ROS2_ServiceRobot/kaia_ws/install/kaiaai_gazebo/share/kaiaai_gazebo//models/Chair/meshes/Chair.obj\n'}
[24.154574] (kaiaai_gazebo) StdoutLine: {'line': b'-- Symlinking: /home/duong/Arduino/ROS2_ServiceRobot/kaia_ws/install/kaiaai_gazebo/share/kaiaai_gazebo//models/Chair/meshes/Chair.png\n'}
[24.168738] (kaiaai_gazebo) StdoutLine: {'line': b'-- Symlinking: /home/duong/Arduino/ROS2_ServiceRobot/kaia_ws/install/kaiaai_gazebo/share/kaiaai_gazebo//models/Chair/meshes/Chair_Diffuse.png\n'}
[24.183186] (kaiaai_gazebo) StdoutLine: {'line': b'-- Symlinking: /home/duong/Arduino/ROS2_ServiceRobot/kaia_ws/install/kaiaai_gazebo/share/kaiaai_gazebo//models/Chair/meshes/Chair_Normal.png\n'}
[24.187058] (-) TimerEvent: {}
[24.200416] (kaiaai_gazebo) StdoutLine: {'line': b'-- Symlinking: /home/duong/Arduino/ROS2_ServiceRobot/kaia_ws/install/kaiaai_gazebo/share/kaiaai_gazebo//models/Chair/meshes/Chair_SpecGloss.png\n'}
[24.219266] (kaiaai_gazebo) StdoutLine: {'line': b'-- Symlinking: /home/duong/Arduino/ROS2_ServiceRobot/kaia_ws/install/kaiaai_gazebo/share/kaiaai_gazebo//models/Chair/model.config\n'}
[24.233018] (kaiaai_gazebo) StdoutLine: {'line': b'-- Symlinking: /home/duong/Arduino/ROS2_ServiceRobot/kaia_ws/install/kaiaai_gazebo/share/kaiaai_gazebo//models/Chair/model.sdf\n'}
[24.249490] (kaiaai_gazebo) StdoutLine: {'line': b'-- Symlinking: /home/duong/Arduino/ROS2_ServiceRobot/kaia_ws/install/kaiaai_gazebo/share/kaiaai_gazebo//models/Chair/thumbnails/1.png\n'}
[24.268132] (kaiaai_gazebo) StdoutLine: {'line': b'-- Symlinking: /home/duong/Arduino/ROS2_ServiceRobot/kaia_ws/install/kaiaai_gazebo/share/kaiaai_gazebo//models/Chair/thumbnails/2.png\n'}
[24.281548] (kaiaai_gazebo) StdoutLine: {'line': b'-- Symlinking: /home/duong/Arduino/ROS2_ServiceRobot/kaia_ws/install/kaiaai_gazebo/share/kaiaai_gazebo//models/Chair/thumbnails/3.png\n'}
[24.287195] (-) TimerEvent: {}
[24.304656] (kaiaai_gazebo) StdoutLine: {'line': b'-- Symlinking: /home/duong/Arduino/ROS2_ServiceRobot/kaia_ws/install/kaiaai_gazebo/share/kaiaai_gazebo//models/Chair/thumbnails/4.png\n'}
[24.326810] (kaiaai_gazebo) StdoutLine: {'line': b'-- Symlinking: /home/duong/Arduino/ROS2_ServiceRobot/kaia_ws/install/kaiaai_gazebo/share/kaiaai_gazebo//models/Chair/thumbnails/5.png\n'}
[24.340695] (kaiaai_gazebo) StdoutLine: {'line': b'-- Symlinking: /home/duong/Arduino/ROS2_ServiceRobot/kaia_ws/install/kaiaai_gazebo/share/kaiaai_gazebo//models/CoffeeTable/meshes/CoffeeTable.mtl\n'}
[24.360366] (kaiaai_gazebo) StdoutLine: {'line': b'-- Symlinking: /home/duong/Arduino/ROS2_ServiceRobot/kaia_ws/install/kaiaai_gazebo/share/kaiaai_gazebo//models/CoffeeTable/meshes/CoffeeTable.obj\n'}
[24.374350] (kaiaai_gazebo) StdoutLine: {'line': b'-- Symlinking: /home/duong/Arduino/ROS2_ServiceRobot/kaia_ws/install/kaiaai_gazebo/share/kaiaai_gazebo//models/CoffeeTable/meshes/CoffeeTable_Diffuse.png\n'}
[24.387326] (-) TimerEvent: {}
[24.388472] (kaiaai_gazebo) StdoutLine: {'line': b'-- Symlinking: /home/duong/Arduino/ROS2_ServiceRobot/kaia_ws/install/kaiaai_gazebo/share/kaiaai_gazebo//models/CoffeeTable/meshes/CoffeeTable_Normal.png\n'}
[24.402391] (kaiaai_gazebo) StdoutLine: {'line': b'-- Symlinking: /home/duong/Arduino/ROS2_ServiceRobot/kaia_ws/install/kaiaai_gazebo/share/kaiaai_gazebo//models/CoffeeTable/meshes/CoffeeTable_SpecGloss.png\n'}
[24.416389] (kaiaai_gazebo) StdoutLine: {'line': b'-- Symlinking: /home/duong/Arduino/ROS2_ServiceRobot/kaia_ws/install/kaiaai_gazebo/share/kaiaai_gazebo//models/CoffeeTable/model.config\n'}
[24.430234] (kaiaai_gazebo) StdoutLine: {'line': b'-- Symlinking: /home/duong/Arduino/ROS2_ServiceRobot/kaia_ws/install/kaiaai_gazebo/share/kaiaai_gazebo//models/CoffeeTable/model.sdf\n'}
[24.448533] (kaiaai_gazebo) StdoutLine: {'line': b'-- Symlinking: /home/duong/Arduino/ROS2_ServiceRobot/kaia_ws/install/kaiaai_gazebo/share/kaiaai_gazebo//models/CoffeeTable/thumbnails/1.png\n'}
[24.465822] (kaiaai_gazebo) StdoutLine: {'line': b'-- Symlinking: /home/duong/Arduino/ROS2_ServiceRobot/kaia_ws/install/kaiaai_gazebo/share/kaiaai_gazebo//models/CoffeeTable/thumbnails/2.png\n'}
[24.484705] (kaiaai_gazebo) StdoutLine: {'line': b'-- Symlinking: /home/duong/Arduino/ROS2_ServiceRobot/kaia_ws/install/kaiaai_gazebo/share/kaiaai_gazebo//models/CoffeeTable/thumbnails/3.png\n'}
[24.487454] (-) TimerEvent: {}
[24.498087] (kaiaai_gazebo) StdoutLine: {'line': b'-- Symlinking: /home/duong/Arduino/ROS2_ServiceRobot/kaia_ws/install/kaiaai_gazebo/share/kaiaai_gazebo//models/CoffeeTable/thumbnails/4.png\n'}
[24.514476] (kaiaai_gazebo) StdoutLine: {'line': b'-- Symlinking: /home/duong/Arduino/ROS2_ServiceRobot/kaia_ws/install/kaiaai_gazebo/share/kaiaai_gazebo//models/CoffeeTable/thumbnails/5.png\n'}
[24.535404] (kaiaai_gazebo) StdoutLine: {'line': b'-- Symlinking: /home/duong/Arduino/ROS2_ServiceRobot/kaia_ws/install/kaiaai_gazebo/share/kaiaai_gazebo//models/FemaleVisitorSit/meshes/FemaleVisitorSit.mtl\n'}
[24.548917] (kaiaai_gazebo) StdoutLine: {'line': b'-- Symlinking: /home/duong/Arduino/ROS2_ServiceRobot/kaia_ws/install/kaiaai_gazebo/share/kaiaai_gazebo//models/FemaleVisitorSit/meshes/FemaleVisitorSit.obj\n'}
[24.562147] (kaiaai_gazebo) StdoutLine: {'line': b'-- Symlinking: /home/duong/Arduino/ROS2_ServiceRobot/kaia_ws/install/kaiaai_gazebo/share/kaiaai_gazebo//models/FemaleVisitorSit/meshes/FemaleVisitorSit.png\n'}
[24.575867] (kaiaai_gazebo) StdoutLine: {'line': b'-- Symlinking: /home/duong/Arduino/ROS2_ServiceRobot/kaia_ws/install/kaiaai_gazebo/share/kaiaai_gazebo//models/FemaleVisitorSit/meshes/FemaleVisitorSit_Col.mtl\n'}
[24.587604] (-) TimerEvent: {}
[24.589787] (kaiaai_gazebo) StdoutLine: {'line': b'-- Symlinking: /home/duong/Arduino/ROS2_ServiceRobot/kaia_ws/install/kaiaai_gazebo/share/kaiaai_gazebo//models/FemaleVisitorSit/meshes/FemaleVisitorSit_Col.obj\n'}
[24.603846] (kaiaai_gazebo) StdoutLine: {'line': b'-- Symlinking: /home/duong/Arduino/ROS2_ServiceRobot/kaia_ws/install/kaiaai_gazebo/share/kaiaai_gazebo//models/FemaleVisitorSit/meshes/HandbagBlack.png\n'}
[24.617814] (kaiaai_gazebo) StdoutLine: {'line': b'-- Symlinking: /home/duong/Arduino/ROS2_ServiceRobot/kaia_ws/install/kaiaai_gazebo/share/kaiaai_gazebo//models/FemaleVisitorSit/model.config\n'}
[24.632226] (kaiaai_gazebo) StdoutLine: {'line': b'-- Symlinking: /home/duong/Arduino/ROS2_ServiceRobot/kaia_ws/install/kaiaai_gazebo/share/kaiaai_gazebo//models/FemaleVisitorSit/model.sdf\n'}
[24.645363] (kaiaai_gazebo) StdoutLine: {'line': b'-- Symlinking: /home/duong/Arduino/ROS2_ServiceRobot/kaia_ws/install/kaiaai_gazebo/share/kaiaai_gazebo//models/FemaleVisitorSit/thumbnails/1.png\n'}
[24.658264] (kaiaai_gazebo) StdoutLine: {'line': b'-- Symlinking: /home/duong/Arduino/ROS2_ServiceRobot/kaia_ws/install/kaiaai_gazebo/share/kaiaai_gazebo//models/FemaleVisitorSit/thumbnails/2.png\n'}
[24.671775] (kaiaai_gazebo) StdoutLine: {'line': b'-- Symlinking: /home/duong/Arduino/ROS2_ServiceRobot/kaia_ws/install/kaiaai_gazebo/share/kaiaai_gazebo//models/FemaleVisitorSit/thumbnails/3.png\n'}
[24.685464] (kaiaai_gazebo) StdoutLine: {'line': b'-- Symlinking: /home/duong/Arduino/ROS2_ServiceRobot/kaia_ws/install/kaiaai_gazebo/share/kaiaai_gazebo//models/FemaleVisitorSit/thumbnails/4.png\n'}
[24.687713] (-) TimerEvent: {}
[24.698814] (kaiaai_gazebo) StdoutLine: {'line': b'-- Symlinking: /home/duong/Arduino/ROS2_ServiceRobot/kaia_ws/install/kaiaai_gazebo/share/kaiaai_gazebo//models/FemaleVisitorSit/thumbnails/5.png\n'}
[24.719933] (kaiaai_gazebo) StdoutLine: {'line': b'-- Symlinking: /home/duong/Arduino/ROS2_ServiceRobot/kaia_ws/install/kaiaai_gazebo/share/kaiaai_gazebo//models/LampAndStand/meshes/LampAndStand.mtl\n'}
[24.733336] (kaiaai_gazebo) StdoutLine: {'line': b'-- Symlinking: /home/duong/Arduino/ROS2_ServiceRobot/kaia_ws/install/kaiaai_gazebo/share/kaiaai_gazebo//models/LampAndStand/meshes/LampAndStand.obj\n'}
[24.746447] (kaiaai_gazebo) StdoutLine: {'line': b'-- Symlinking: /home/duong/Arduino/ROS2_ServiceRobot/kaia_ws/install/kaiaai_gazebo/share/kaiaai_gazebo//models/LampAndStand/meshes/LampAndStand_Col.mtl\n'}
[24.760016] (kaiaai_gazebo) StdoutLine: {'line': b'-- Symlinking: /home/duong/Arduino/ROS2_ServiceRobot/kaia_ws/install/kaiaai_gazebo/share/kaiaai_gazebo//models/LampAndStand/meshes/LampAndStand_Col.obj\n'}
[24.773546] (kaiaai_gazebo) StdoutLine: {'line': b'-- Symlinking: /home/duong/Arduino/ROS2_ServiceRobot/kaia_ws/install/kaiaai_gazebo/share/kaiaai_gazebo//models/LampAndStand/meshes/LampAndStand_Diffuse.png\n'}
[24.787141] (kaiaai_gazebo) StdoutLine: {'line': b'-- Symlinking: /home/duong/Arduino/ROS2_ServiceRobot/kaia_ws/install/kaiaai_gazebo/share/kaiaai_gazebo//models/LampAndStand/model.config\n'}
[24.787797] (-) TimerEvent: {}
[24.804622] (kaiaai_gazebo) StdoutLine: {'line': b'-- Symlinking: /home/duong/Arduino/ROS2_ServiceRobot/kaia_ws/install/kaiaai_gazebo/share/kaiaai_gazebo//models/LampAndStand/model.sdf\n'}
[24.825857] (kaiaai_gazebo) StdoutLine: {'line': b'-- Symlinking: /home/duong/Arduino/ROS2_ServiceRobot/kaia_ws/install/kaiaai_gazebo/share/kaiaai_gazebo//models/LampAndStand/thumbnails/1.png\n'}
[24.839413] (kaiaai_gazebo) StdoutLine: {'line': b'-- Symlinking: /home/duong/Arduino/ROS2_ServiceRobot/kaia_ws/install/kaiaai_gazebo/share/kaiaai_gazebo//models/LampAndStand/thumbnails/2.png\n'}
[24.857797] (kaiaai_gazebo) StdoutLine: {'line': b'-- Symlinking: /home/duong/Arduino/ROS2_ServiceRobot/kaia_ws/install/kaiaai_gazebo/share/kaiaai_gazebo//models/LampAndStand/thumbnails/3.png\n'}
[24.871379] (kaiaai_gazebo) StdoutLine: {'line': b'-- Symlinking: /home/duong/Arduino/ROS2_ServiceRobot/kaia_ws/install/kaiaai_gazebo/share/kaiaai_gazebo//models/LampAndStand/thumbnails/4.png\n'}
[24.885080] (kaiaai_gazebo) StdoutLine: {'line': b'-- Symlinking: /home/duong/Arduino/ROS2_ServiceRobot/kaia_ws/install/kaiaai_gazebo/share/kaiaai_gazebo//models/LampAndStand/thumbnails/5.png\n'}
[24.887944] (-) TimerEvent: {}
[24.899103] (kaiaai_gazebo) StdoutLine: {'line': b'-- Symlinking: /home/duong/Arduino/ROS2_ServiceRobot/kaia_ws/install/kaiaai_gazebo/share/kaiaai_gazebo//models/MaleVisitorSit/meshes/MaleVisitorSit.mtl\n'}
[24.915683] (kaiaai_gazebo) StdoutLine: {'line': b'-- Symlinking: /home/duong/Arduino/ROS2_ServiceRobot/kaia_ws/install/kaiaai_gazebo/share/kaiaai_gazebo//models/MaleVisitorSit/meshes/MaleVisitorSit.obj\n'}
[24.929182] (kaiaai_gazebo) StdoutLine: {'line': b'-- Symlinking: /home/duong/Arduino/ROS2_ServiceRobot/kaia_ws/install/kaiaai_gazebo/share/kaiaai_gazebo//models/MaleVisitorSit/meshes/MaleVisitorSit.png\n'}
[24.941912] (kaiaai_gazebo) StdoutLine: {'line': b'-- Symlinking: /home/duong/Arduino/ROS2_ServiceRobot/kaia_ws/install/kaiaai_gazebo/share/kaiaai_gazebo//models/MaleVisitorSit/meshes/MaleVisitorSit_Col.mtl\n'}
[24.955155] (kaiaai_gazebo) StdoutLine: {'line': b'-- Symlinking: /home/duong/Arduino/ROS2_ServiceRobot/kaia_ws/install/kaiaai_gazebo/share/kaiaai_gazebo//models/MaleVisitorSit/meshes/MaleVisitorSit_Col.obj\n'}
[24.969454] (kaiaai_gazebo) StdoutLine: {'line': b'-- Symlinking: /home/duong/Arduino/ROS2_ServiceRobot/kaia_ws/install/kaiaai_gazebo/share/kaiaai_gazebo//models/MaleVisitorSit/meshes/Phone.png\n'}
[24.982831] (kaiaai_gazebo) StdoutLine: {'line': b'-- Symlinking: /home/duong/Arduino/ROS2_ServiceRobot/kaia_ws/install/kaiaai_gazebo/share/kaiaai_gazebo//models/MaleVisitorSit/model.config\n'}
[24.988086] (-) TimerEvent: {}
[24.995682] (kaiaai_gazebo) StdoutLine: {'line': b'-- Symlinking: /home/duong/Arduino/ROS2_ServiceRobot/kaia_ws/install/kaiaai_gazebo/share/kaiaai_gazebo//models/MaleVisitorSit/model.sdf\n'}
[25.008680] (kaiaai_gazebo) StdoutLine: {'line': b'-- Symlinking: /home/duong/Arduino/ROS2_ServiceRobot/kaia_ws/install/kaiaai_gazebo/share/kaiaai_gazebo//models/MaleVisitorSit/thumbnails/1.png\n'}
[25.022193] (kaiaai_gazebo) StdoutLine: {'line': b'-- Symlinking: /home/duong/Arduino/ROS2_ServiceRobot/kaia_ws/install/kaiaai_gazebo/share/kaiaai_gazebo//models/MaleVisitorSit/thumbnails/2.png\n'}
[25.035187] (kaiaai_gazebo) StdoutLine: {'line': b'-- Symlinking: /home/duong/Arduino/ROS2_ServiceRobot/kaia_ws/install/kaiaai_gazebo/share/kaiaai_gazebo//models/MaleVisitorSit/thumbnails/3.png\n'}
[25.048486] (kaiaai_gazebo) StdoutLine: {'line': b'-- Symlinking: /home/duong/Arduino/ROS2_ServiceRobot/kaia_ws/install/kaiaai_gazebo/share/kaiaai_gazebo//models/MaleVisitorSit/thumbnails/4.png\n'}
[25.061998] (kaiaai_gazebo) StdoutLine: {'line': b'-- Symlinking: /home/duong/Arduino/ROS2_ServiceRobot/kaia_ws/install/kaiaai_gazebo/share/kaiaai_gazebo//models/MaleVisitorSit/thumbnails/5.png\n'}
[25.074739] (kaiaai_gazebo) StdoutLine: {'line': b'-- Symlinking: /home/duong/Arduino/ROS2_ServiceRobot/kaia_ws/install/kaiaai_gazebo/share/kaiaai_gazebo//models/MiniSofa/meshes/MiniSofa_Diffuse.png\n'}
[25.087103] (kaiaai_gazebo) StdoutLine: {'line': b'-- Symlinking: /home/duong/Arduino/ROS2_ServiceRobot/kaia_ws/install/kaiaai_gazebo/share/kaiaai_gazebo//models/MiniSofa/meshes/minisofa.mtl\n'}
[25.088182] (-) TimerEvent: {}
[25.099505] (kaiaai_gazebo) StdoutLine: {'line': b'-- Symlinking: /home/duong/Arduino/ROS2_ServiceRobot/kaia_ws/install/kaiaai_gazebo/share/kaiaai_gazebo//models/MiniSofa/meshes/minisofa.obj\n'}
[25.112158] (kaiaai_gazebo) StdoutLine: {'line': b'-- Symlinking: /home/duong/Arduino/ROS2_ServiceRobot/kaia_ws/install/kaiaai_gazebo/share/kaiaai_gazebo//models/MiniSofa/model.config\n'}
[25.125265] (kaiaai_gazebo) StdoutLine: {'line': b'-- Symlinking: /home/duong/Arduino/ROS2_ServiceRobot/kaia_ws/install/kaiaai_gazebo/share/kaiaai_gazebo//models/MiniSofa/model.sdf\n'}
[25.139602] (kaiaai_gazebo) StdoutLine: {'line': b'-- Symlinking: /home/duong/Arduino/ROS2_ServiceRobot/kaia_ws/install/kaiaai_gazebo/share/kaiaai_gazebo//models/MiniSofa/thumbnails/1.png\n'}
[25.156306] (kaiaai_gazebo) StdoutLine: {'line': b'-- Symlinking: /home/duong/Arduino/ROS2_ServiceRobot/kaia_ws/install/kaiaai_gazebo/share/kaiaai_gazebo//models/MiniSofa/thumbnails/2.png\n'}
[25.179817] (kaiaai_gazebo) StdoutLine: {'line': b'-- Symlinking: /home/duong/Arduino/ROS2_ServiceRobot/kaia_ws/install/kaiaai_gazebo/share/kaiaai_gazebo//models/MiniSofa/thumbnails/3.png\n'}
[25.188323] (-) TimerEvent: {}
[25.193240] (kaiaai_gazebo) StdoutLine: {'line': b'-- Symlinking: /home/duong/Arduino/ROS2_ServiceRobot/kaia_ws/install/kaiaai_gazebo/share/kaiaai_gazebo//models/MiniSofa/thumbnails/4.png\n'}
[25.205779] (kaiaai_gazebo) StdoutLine: {'line': b'-- Symlinking: /home/duong/Arduino/ROS2_ServiceRobot/kaia_ws/install/kaiaai_gazebo/share/kaiaai_gazebo//models/MiniSofa/thumbnails/5.png\n'}
[25.218976] (kaiaai_gazebo) StdoutLine: {'line': b'-- Symlinking: /home/duong/Arduino/ROS2_ServiceRobot/kaia_ws/install/kaiaai_gazebo/share/kaiaai_gazebo//models/Sofa/meshes/Sofa.mtl\n'}
[25.234884] (kaiaai_gazebo) StdoutLine: {'line': b'-- Symlinking: /home/duong/Arduino/ROS2_ServiceRobot/kaia_ws/install/kaiaai_gazebo/share/kaiaai_gazebo//models/Sofa/meshes/Sofa.obj\n'}
[25.251925] (kaiaai_gazebo) StdoutLine: {'line': b'-- Symlinking: /home/duong/Arduino/ROS2_ServiceRobot/kaia_ws/install/kaiaai_gazebo/share/kaiaai_gazebo//models/Sofa/meshes/SofaDiffuse.png\n'}
[25.273710] (kaiaai_gazebo) StdoutLine: {'line': b'-- Symlinking: /home/duong/Arduino/ROS2_ServiceRobot/kaia_ws/install/kaiaai_gazebo/share/kaiaai_gazebo//models/Sofa/model.config\n'}
[25.286289] (kaiaai_gazebo) StdoutLine: {'line': b'-- Symlinking: /home/duong/Arduino/ROS2_ServiceRobot/kaia_ws/install/kaiaai_gazebo/share/kaiaai_gazebo//models/Sofa/model.sdf\n'}
[25.288430] (-) TimerEvent: {}
[25.298796] (kaiaai_gazebo) StdoutLine: {'line': b'-- Symlinking: /home/duong/Arduino/ROS2_ServiceRobot/kaia_ws/install/kaiaai_gazebo/share/kaiaai_gazebo//models/Sofa/thumbnails/1.png\n'}
[25.310792] (kaiaai_gazebo) StdoutLine: {'line': b'-- Symlinking: /home/duong/Arduino/ROS2_ServiceRobot/kaia_ws/install/kaiaai_gazebo/share/kaiaai_gazebo//models/Sofa/thumbnails/2.png\n'}
[25.332096] (kaiaai_gazebo) StdoutLine: {'line': b'-- Symlinking: /home/duong/Arduino/ROS2_ServiceRobot/kaia_ws/install/kaiaai_gazebo/share/kaiaai_gazebo//models/Sofa/thumbnails/3.png\n'}
[25.351924] (kaiaai_gazebo) StdoutLine: {'line': b'-- Symlinking: /home/duong/Arduino/ROS2_ServiceRobot/kaia_ws/install/kaiaai_gazebo/share/kaiaai_gazebo//models/Sofa/thumbnails/4.png\n'}
[25.364933] (kaiaai_gazebo) StdoutLine: {'line': b'-- Symlinking: /home/duong/Arduino/ROS2_ServiceRobot/kaia_ws/install/kaiaai_gazebo/share/kaiaai_gazebo//models/Sofa/thumbnails/5.png\n'}
[25.378476] (kaiaai_gazebo) StdoutLine: {'line': b'-- Symlinking: /home/duong/Arduino/ROS2_ServiceRobot/kaia_ws/install/kaiaai_gazebo/share/kaiaai_gazebo//models/TVStand/meshes/TVStand.mtl\n'}
[25.388597] (-) TimerEvent: {}
[25.393824] (kaiaai_gazebo) StdoutLine: {'line': b'-- Symlinking: /home/duong/Arduino/ROS2_ServiceRobot/kaia_ws/install/kaiaai_gazebo/share/kaiaai_gazebo//models/TVStand/meshes/TVStand.obj\n'}
[25.407897] (kaiaai_gazebo) StdoutLine: {'line': b'-- Symlinking: /home/duong/Arduino/ROS2_ServiceRobot/kaia_ws/install/kaiaai_gazebo/share/kaiaai_gazebo//models/TVStand/meshes/TVStand_Col.mtl\n'}
[25.421799] (kaiaai_gazebo) StdoutLine: {'line': b'-- Symlinking: /home/duong/Arduino/ROS2_ServiceRobot/kaia_ws/install/kaiaai_gazebo/share/kaiaai_gazebo//models/TVStand/meshes/TVStand_Col.obj\n'}
[25.439889] (kaiaai_gazebo) StdoutLine: {'line': b'-- Symlinking: /home/duong/Arduino/ROS2_ServiceRobot/kaia_ws/install/kaiaai_gazebo/share/kaiaai_gazebo//models/TVStand/meshes/TVStand_Diffuse.png\n'}
[25.459639] (kaiaai_gazebo) StdoutLine: {'line': b'-- Symlinking: /home/duong/Arduino/ROS2_ServiceRobot/kaia_ws/install/kaiaai_gazebo/share/kaiaai_gazebo//models/TVStand/model.config\n'}
[25.480177] (kaiaai_gazebo) StdoutLine: {'line': b'-- Symlinking: /home/duong/Arduino/ROS2_ServiceRobot/kaia_ws/install/kaiaai_gazebo/share/kaiaai_gazebo//models/TVStand/model.sdf\n'}
[25.488725] (-) TimerEvent: {}
[25.492482] (kaiaai_gazebo) StdoutLine: {'line': b'-- Symlinking: /home/duong/Arduino/ROS2_ServiceRobot/kaia_ws/install/kaiaai_gazebo/share/kaiaai_gazebo//models/TVStand/thumbnails/1.png\n'}
[25.514070] (kaiaai_gazebo) StdoutLine: {'line': b'-- Symlinking: /home/duong/Arduino/ROS2_ServiceRobot/kaia_ws/install/kaiaai_gazebo/share/kaiaai_gazebo//models/TVStand/thumbnails/2.png\n'}
[25.527261] (kaiaai_gazebo) StdoutLine: {'line': b'-- Symlinking: /home/duong/Arduino/ROS2_ServiceRobot/kaia_ws/install/kaiaai_gazebo/share/kaiaai_gazebo//models/TVStand/thumbnails/3.png\n'}
[25.539567] (kaiaai_gazebo) StdoutLine: {'line': b'-- Symlinking: /home/duong/Arduino/ROS2_ServiceRobot/kaia_ws/install/kaiaai_gazebo/share/kaiaai_gazebo//models/TVStand/thumbnails/4.png\n'}
[25.561126] (kaiaai_gazebo) StdoutLine: {'line': b'-- Symlinking: /home/duong/Arduino/ROS2_ServiceRobot/kaia_ws/install/kaiaai_gazebo/share/kaiaai_gazebo//models/TVStand/thumbnails/5.png\n'}
[25.581006] (kaiaai_gazebo) StdoutLine: {'line': b'-- Symlinking: /home/duong/Arduino/ROS2_ServiceRobot/kaia_ws/install/kaiaai_gazebo/share/kaiaai_gazebo//models/TableMarble/materials/scripts/table_lightmap.material\n'}
[25.588854] (-) TimerEvent: {}
[25.595568] (kaiaai_gazebo) StdoutLine: {'line': b'-- Symlinking: /home/duong/Arduino/ROS2_ServiceRobot/kaia_ws/install/kaiaai_gazebo/share/kaiaai_gazebo//models/TableMarble/materials/textures/marble.png\n'}
[25.617957] (kaiaai_gazebo) StdoutLine: {'line': b'-- Symlinking: /home/duong/Arduino/ROS2_ServiceRobot/kaia_ws/install/kaiaai_gazebo/share/kaiaai_gazebo//models/TableMarble/materials/textures/table_lightmap.png\n'}
[25.631101] (kaiaai_gazebo) StdoutLine: {'line': b'-- Symlinking: /home/duong/Arduino/ROS2_ServiceRobot/kaia_ws/install/kaiaai_gazebo/share/kaiaai_gazebo//models/TableMarble/meshes/table_lightmap.dae\n'}
[25.653037] (kaiaai_gazebo) StdoutLine: {'line': b'-- Symlinking: /home/duong/Arduino/ROS2_ServiceRobot/kaia_ws/install/kaiaai_gazebo/share/kaiaai_gazebo//models/TableMarble/model-1_4.sdf\n'}
[25.666396] (kaiaai_gazebo) StdoutLine: {'line': b'-- Symlinking: /home/duong/Arduino/ROS2_ServiceRobot/kaia_ws/install/kaiaai_gazebo/share/kaiaai_gazebo//models/TableMarble/model.config\n'}
[25.682679] (kaiaai_gazebo) StdoutLine: {'line': b'-- Symlinking: /home/duong/Arduino/ROS2_ServiceRobot/kaia_ws/install/kaiaai_gazebo/share/kaiaai_gazebo//models/TableMarble/model.sdf\n'}
[25.686534] (explore_lite) StdoutLine: {'line': b'[100%] Linking CXX executable explore\n'}
[25.688977] (-) TimerEvent: {}
[25.696816] (kaiaai_gazebo) StdoutLine: {'line': b'-- Symlinking: /home/duong/Arduino/ROS2_ServiceRobot/kaia_ws/install/kaiaai_gazebo/share/kaiaai_gazebo//models/TableMarble/thumbnails/1.png\n'}
[25.709241] (kaiaai_gazebo) StdoutLine: {'line': b'-- Symlinking: /home/duong/Arduino/ROS2_ServiceRobot/kaia_ws/install/kaiaai_gazebo/share/kaiaai_gazebo//models/TableMarble/thumbnails/2.png\n'}
[25.730327] (kaiaai_gazebo) StdoutLine: {'line': b'-- Symlinking: /home/duong/Arduino/ROS2_ServiceRobot/kaia_ws/install/kaiaai_gazebo/share/kaiaai_gazebo//models/TableMarble/thumbnails/3.png\n'}
[25.744027] (kaiaai_gazebo) StdoutLine: {'line': b'-- Symlinking: /home/duong/Arduino/ROS2_ServiceRobot/kaia_ws/install/kaiaai_gazebo/share/kaiaai_gazebo//models/TableMarble/thumbnails/4.png\n'}
[25.756148] (kaiaai_gazebo) StdoutLine: {'line': b'-- Symlinking: /home/duong/Arduino/ROS2_ServiceRobot/kaia_ws/install/kaiaai_gazebo/share/kaiaai_gazebo//models/TableMarble/thumbnails/5.png\n'}
[25.770342] (kaiaai_gazebo) StdoutLine: {'line': b'-- Symlinking: /home/duong/Arduino/ROS2_ServiceRobot/kaia_ws/install/kaiaai_gazebo/share/kaiaai_gazebo//models/cardboard_box/materials/textures/cardboard_box.png\n'}
[25.784491] (kaiaai_gazebo) StdoutLine: {'line': b'-- Symlinking: /home/duong/Arduino/ROS2_ServiceRobot/kaia_ws/install/kaiaai_gazebo/share/kaiaai_gazebo//models/cardboard_box/meshes/cardboard_box.dae\n'}
[25.789123] (-) TimerEvent: {}
[25.798611] (kaiaai_gazebo) StdoutLine: {'line': b'-- Symlinking: /home/duong/Arduino/ROS2_ServiceRobot/kaia_ws/install/kaiaai_gazebo/share/kaiaai_gazebo//models/cardboard_box/model.config\n'}
[25.811642] (kaiaai_gazebo) StdoutLine: {'line': b'-- Symlinking: /home/duong/Arduino/ROS2_ServiceRobot/kaia_ws/install/kaiaai_gazebo/share/kaiaai_gazebo//models/cardboard_box/model.sdf\n'}
[25.825108] (kaiaai_gazebo) StdoutLine: {'line': b'-- Symlinking: /home/duong/Arduino/ROS2_ServiceRobot/kaia_ws/install/kaiaai_gazebo/share/kaiaai_gazebo//models/cardboard_box/thumbnails/0.jpg\n'}
[25.839455] (kaiaai_gazebo) StdoutLine: {'line': b'-- Symlinking: /home/duong/Arduino/ROS2_ServiceRobot/kaia_ws/install/kaiaai_gazebo/share/kaiaai_gazebo//models/cardboard_box/thumbnails/1.jpg\n'}
[25.854077] (kaiaai_gazebo) StdoutLine: {'line': b'-- Symlinking: /home/duong/Arduino/ROS2_ServiceRobot/kaia_ws/install/kaiaai_gazebo/share/kaiaai_gazebo//models/cardboard_box/thumbnails/2.jpg\n'}
[25.868742] (kaiaai_gazebo) StdoutLine: {'line': b'-- Symlinking: /home/duong/Arduino/ROS2_ServiceRobot/kaia_ws/install/kaiaai_gazebo/share/kaiaai_gazebo//models/cat_figurines/materials/textures/texture.png\n'}
[25.889317] (-) TimerEvent: {}
[25.892210] (kaiaai_gazebo) StdoutLine: {'line': b'-- Symlinking: /home/duong/Arduino/ROS2_ServiceRobot/kaia_ws/install/kaiaai_gazebo/share/kaiaai_gazebo//models/cat_figurines/meshes/model.mtl\n'}
[25.913939] (kaiaai_gazebo) StdoutLine: {'line': b'-- Symlinking: /home/duong/Arduino/ROS2_ServiceRobot/kaia_ws/install/kaiaai_gazebo/share/kaiaai_gazebo//models/cat_figurines/meshes/model.obj\n'}
[25.931665] (kaiaai_gazebo) StdoutLine: {'line': b'-- Symlinking: /home/duong/Arduino/ROS2_ServiceRobot/kaia_ws/install/kaiaai_gazebo/share/kaiaai_gazebo//models/cat_figurines/metadata.pbtxt\n'}
[25.946430] (kaiaai_gazebo) StdoutLine: {'line': b'-- Symlinking: /home/duong/Arduino/ROS2_ServiceRobot/kaia_ws/install/kaiaai_gazebo/share/kaiaai_gazebo//models/cat_figurines/model.config\n'}
[25.960595] (kaiaai_gazebo) StdoutLine: {'line': b'-- Symlinking: /home/duong/Arduino/ROS2_ServiceRobot/kaia_ws/install/kaiaai_gazebo/share/kaiaai_gazebo//models/cat_figurines/model.sdf\n'}
[25.975097] (kaiaai_gazebo) StdoutLine: {'line': b'-- Symlinking: /home/duong/Arduino/ROS2_ServiceRobot/kaia_ws/install/kaiaai_gazebo/share/kaiaai_gazebo//models/cat_figurines/thumbnails/0.jpg\n'}
[25.989234] (kaiaai_gazebo) StdoutLine: {'line': b'-- Symlinking: /home/duong/Arduino/ROS2_ServiceRobot/kaia_ws/install/kaiaai_gazebo/share/kaiaai_gazebo//models/cat_figurines/thumbnails/1.jpg\n'}
[25.989438] (-) TimerEvent: {}
[26.003324] (kaiaai_gazebo) StdoutLine: {'line': b'-- Symlinking: /home/duong/Arduino/ROS2_ServiceRobot/kaia_ws/install/kaiaai_gazebo/share/kaiaai_gazebo//models/cat_figurines/thumbnails/2.jpg\n'}
[26.020341] (kaiaai_gazebo) StdoutLine: {'line': b'-- Symlinking: /home/duong/Arduino/ROS2_ServiceRobot/kaia_ws/install/kaiaai_gazebo/share/kaiaai_gazebo//models/cat_figurines/thumbnails/3.jpg\n'}
[26.034111] (kaiaai_gazebo) StdoutLine: {'line': b'-- Symlinking: /home/duong/Arduino/ROS2_ServiceRobot/kaia_ws/install/kaiaai_gazebo/share/kaiaai_gazebo//models/cat_figurines/thumbnails/4.jpg\n'}
[26.049397] (kaiaai_gazebo) StdoutLine: {'line': b'-- Symlinking: /home/duong/Arduino/ROS2_ServiceRobot/kaia_ws/install/kaiaai_gazebo/share/kaiaai_gazebo//models/door_08x2m/material/script/door_08x2m.material\n'}
[26.064376] (kaiaai_gazebo) StdoutLine: {'line': b'-- Symlinking: /home/duong/Arduino/ROS2_ServiceRobot/kaia_ws/install/kaiaai_gazebo/share/kaiaai_gazebo//models/door_08x2m/material/textures/door_08x2m.png\n'}
[26.079087] (kaiaai_gazebo) StdoutLine: {'line': b'-- Symlinking: /home/duong/Arduino/ROS2_ServiceRobot/kaia_ws/install/kaiaai_gazebo/share/kaiaai_gazebo//models/door_08x2m/model.config\n'}
[26.089617] (-) TimerEvent: {}
[26.093131] (kaiaai_gazebo) StdoutLine: {'line': b'-- Symlinking: /home/duong/Arduino/ROS2_ServiceRobot/kaia_ws/install/kaiaai_gazebo/share/kaiaai_gazebo//models/door_08x2m/model.sdf\n'}
[26.106867] (kaiaai_gazebo) StdoutLine: {'line': b'-- Symlinking: /home/duong/Arduino/ROS2_ServiceRobot/kaia_ws/install/kaiaai_gazebo/share/kaiaai_gazebo//models/door_08x2m/thumbnails/1.png\n'}
[26.120740] (kaiaai_gazebo) StdoutLine: {'line': b'-- Symlinking: /home/duong/Arduino/ROS2_ServiceRobot/kaia_ws/install/kaiaai_gazebo/share/kaiaai_gazebo//models/kaiaai_poster/material/script/kaiaai_poster.material\n'}
[26.134489] (kaiaai_gazebo) StdoutLine: {'line': b'-- Symlinking: /home/duong/Arduino/ROS2_ServiceRobot/kaia_ws/install/kaiaai_gazebo/share/kaiaai_gazebo//models/kaiaai_poster/material/textures/kaiaai_logo_450x460.png\n'}
[26.149449] (kaiaai_gazebo) StdoutLine: {'line': b'-- Symlinking: /home/duong/Arduino/ROS2_ServiceRobot/kaia_ws/install/kaiaai_gazebo/share/kaiaai_gazebo//models/kaiaai_poster/model.config\n'}
[26.162924] (kaiaai_gazebo) StdoutLine: {'line': b'-- Symlinking: /home/duong/Arduino/ROS2_ServiceRobot/kaia_ws/install/kaiaai_gazebo/share/kaiaai_gazebo//models/kaiaai_poster/model.sdf\n'}
[26.179148] (kaiaai_gazebo) StdoutLine: {'line': b'-- Symlinking: /home/duong/Arduino/ROS2_ServiceRobot/kaia_ws/install/kaiaai_gazebo/share/kaiaai_gazebo//models/kaiaai_poster/thumbnails/1.png\n'}
[26.189747] (-) TimerEvent: {}
[26.193267] (kaiaai_gazebo) StdoutLine: {'line': b'-- Symlinking: /home/duong/Arduino/ROS2_ServiceRobot/kaia_ws/install/kaiaai_gazebo/share/kaiaai_gazebo//models/makerspet_poster/material/script/makerspet_poster.material\n'}
[26.215832] (kaiaai_gazebo) StdoutLine: {'line': b'-- Symlinking: /home/duong/Arduino/ROS2_ServiceRobot/kaia_ws/install/kaiaai_gazebo/share/kaiaai_gazebo//models/makerspet_poster/material/textures/makerspet_logo_600x700.png\n'}
[26.228958] (kaiaai_gazebo) StdoutLine: {'line': b'-- Symlinking: /home/duong/Arduino/ROS2_ServiceRobot/kaia_ws/install/kaiaai_gazebo/share/kaiaai_gazebo//models/makerspet_poster/model.config\n'}
[26.250442] (kaiaai_gazebo) StdoutLine: {'line': b'-- Symlinking: /home/duong/Arduino/ROS2_ServiceRobot/kaia_ws/install/kaiaai_gazebo/share/kaiaai_gazebo//models/makerspet_poster/model.sdf\n'}
[26.256441] (kaiaai_telemetry) StdoutLine: {'line': b'[ 75%] Linking CXX executable telem_test_pub\n'}
[26.268581] (kaiaai_gazebo) StdoutLine: {'line': b'-- Symlinking: /home/duong/Arduino/ROS2_ServiceRobot/kaia_ws/install/kaiaai_gazebo/share/kaiaai_gazebo//models/makerspet_poster/thumbnails/1.png\n'}
[26.282373] (kaiaai_gazebo) StdoutLine: {'line': b'-- Symlinking: /home/duong/Arduino/ROS2_ServiceRobot/kaia_ws/install/kaiaai_gazebo/share/kaiaai_gazebo//models/pet_gate/model.config\n'}
[26.289894] (-) TimerEvent: {}
[26.295456] (kaiaai_gazebo) StdoutLine: {'line': b'-- Symlinking: /home/duong/Arduino/ROS2_ServiceRobot/kaia_ws/install/kaiaai_gazebo/share/kaiaai_gazebo//models/pet_gate/model.sdf\n'}
[26.308846] (kaiaai_gazebo) StdoutLine: {'line': b'-- Symlinking: /home/duong/Arduino/ROS2_ServiceRobot/kaia_ws/install/kaiaai_gazebo/share/kaiaai_gazebo//models/pet_gate/thumbnails/1.png\n'}
[26.322923] (kaiaai_gazebo) StdoutLine: {'line': b'-- Symlinking: /home/duong/Arduino/ROS2_ServiceRobot/kaia_ws/install/kaiaai_gazebo/share/kaiaai_gazebo//models/pet_gate_wide/model.config\n'}
[26.337475] (kaiaai_gazebo) StdoutLine: {'line': b'-- Symlinking: /home/duong/Arduino/ROS2_ServiceRobot/kaia_ws/install/kaiaai_gazebo/share/kaiaai_gazebo//models/pet_gate_wide/model.sdf\n'}
[26.351978] (kaiaai_gazebo) StdoutLine: {'line': b'-- Symlinking: /home/duong/Arduino/ROS2_ServiceRobot/kaia_ws/install/kaiaai_gazebo/share/kaiaai_gazebo//models/pet_gate_wide/thumbnails/1.png\n'}
[26.366433] (kaiaai_gazebo) StdoutLine: {'line': b'-- Symlinking: /home/duong/Arduino/ROS2_ServiceRobot/kaia_ws/install/kaiaai_gazebo/share/kaiaai_gazebo//models/racoon/materials/textures/texture.png\n'}
[26.380298] (kaiaai_gazebo) StdoutLine: {'line': b'-- Symlinking: /home/duong/Arduino/ROS2_ServiceRobot/kaia_ws/install/kaiaai_gazebo/share/kaiaai_gazebo//models/racoon/meshes/model.mtl\n'}
[26.390080] (-) TimerEvent: {}
[26.397384] (kaiaai_gazebo) StdoutLine: {'line': b'-- Symlinking: /home/duong/Arduino/ROS2_ServiceRobot/kaia_ws/install/kaiaai_gazebo/share/kaiaai_gazebo//models/racoon/meshes/model.obj\n'}
[26.418497] (kaiaai_gazebo) StdoutLine: {'line': b'-- Symlinking: /home/duong/Arduino/ROS2_ServiceRobot/kaia_ws/install/kaiaai_gazebo/share/kaiaai_gazebo//models/racoon/metadata.pbtxt\n'}
[26.432917] (kaiaai_gazebo) StdoutLine: {'line': b'-- Symlinking: /home/duong/Arduino/ROS2_ServiceRobot/kaia_ws/install/kaiaai_gazebo/share/kaiaai_gazebo//models/racoon/model.config\n'}
[26.447732] (kaiaai_gazebo) StdoutLine: {'line': b'-- Symlinking: /home/duong/Arduino/ROS2_ServiceRobot/kaia_ws/install/kaiaai_gazebo/share/kaiaai_gazebo//models/racoon/model.sdf\n'}
[26.463244] (kaiaai_gazebo) StdoutLine: {'line': b'-- Symlinking: /home/duong/Arduino/ROS2_ServiceRobot/kaia_ws/install/kaiaai_gazebo/share/kaiaai_gazebo//models/racoon/thumbnails/0.jpg\n'}
[26.478496] (kaiaai_gazebo) StdoutLine: {'line': b'-- Symlinking: /home/duong/Arduino/ROS2_ServiceRobot/kaia_ws/install/kaiaai_gazebo/share/kaiaai_gazebo//models/racoon/thumbnails/1.jpg\n'}
[26.490243] (-) TimerEvent: {}
[26.493629] (kaiaai_gazebo) StdoutLine: {'line': b'-- Symlinking: /home/duong/Arduino/ROS2_ServiceRobot/kaia_ws/install/kaiaai_gazebo/share/kaiaai_gazebo//models/racoon/thumbnails/2.jpg\n'}
[26.507445] (kaiaai_gazebo) StdoutLine: {'line': b'-- Symlinking: /home/duong/Arduino/ROS2_ServiceRobot/kaia_ws/install/kaiaai_gazebo/share/kaiaai_gazebo//models/racoon/thumbnails/3.jpg\n'}
[26.521968] (kaiaai_gazebo) StdoutLine: {'line': b'-- Symlinking: /home/duong/Arduino/ROS2_ServiceRobot/kaia_ws/install/kaiaai_gazebo/share/kaiaai_gazebo//models/racoon/thumbnails/4.jpg\n'}
[26.537065] (kaiaai_gazebo) StdoutLine: {'line': b'-- Symlinking: /home/duong/Arduino/ROS2_ServiceRobot/kaia_ws/install/kaiaai_gazebo/share/kaiaai_gazebo//models/red_ball_10in/model.config\n'}
[26.551343] (kaiaai_gazebo) StdoutLine: {'line': b'-- Symlinking: /home/duong/Arduino/ROS2_ServiceRobot/kaia_ws/install/kaiaai_gazebo/share/kaiaai_gazebo//models/red_ball_10in/model.sdf\n'}
[26.565107] (kaiaai_gazebo) StdoutLine: {'line': b'-- Symlinking: /home/duong/Arduino/ROS2_ServiceRobot/kaia_ws/install/kaiaai_gazebo/share/kaiaai_gazebo//models/red_ball_10in/thumbnails/1.png\n'}
[26.579951] (kaiaai_gazebo) StdoutLine: {'line': b'-- Symlinking: /home/duong/Arduino/ROS2_ServiceRobot/kaia_ws/install/kaiaai_gazebo/share/kaiaai_gazebo//models/room_wall_2x5m/material/script/room_wall_2x5m.material\n'}
[26.590377] (-) TimerEvent: {}
[26.595175] (kaiaai_gazebo) StdoutLine: {'line': b'-- Symlinking: /home/duong/Arduino/ROS2_ServiceRobot/kaia_ws/install/kaiaai_gazebo/share/kaiaai_gazebo//models/room_wall_2x5m/material/textures/wall_texture_1404x562.jpg\n'}
[26.610328] (kaiaai_gazebo) StdoutLine: {'line': b'-- Symlinking: /home/duong/Arduino/ROS2_ServiceRobot/kaia_ws/install/kaiaai_gazebo/share/kaiaai_gazebo//models/room_wall_2x5m/model.config\n'}
[26.623499] (kaiaai_telemetry) StdoutLine: {'line': b'[ 75%] Built target telem_test_pub\n'}
[26.625126] (kaiaai_gazebo) StdoutLine: {'line': b'-- Symlinking: /home/duong/Arduino/ROS2_ServiceRobot/kaia_ws/install/kaiaai_gazebo/share/kaiaai_gazebo//models/room_wall_2x5m/model.sdf\n'}
[26.639433] (kaiaai_gazebo) StdoutLine: {'line': b'-- Symlinking: /home/duong/Arduino/ROS2_ServiceRobot/kaia_ws/install/kaiaai_gazebo/share/kaiaai_gazebo//models/room_wall_2x5m/thumbnails/1.jpg\n'}
[26.654270] (kaiaai_gazebo) StdoutLine: {'line': b'-- Symlinking: /home/duong/Arduino/ROS2_ServiceRobot/kaia_ws/install/kaiaai_gazebo/share/kaiaai_gazebo//models/rug_ivory_2m/material/script/rug_ivory_2m.material\n'}
[26.669836] (kaiaai_gazebo) StdoutLine: {'line': b'-- Symlinking: /home/duong/Arduino/ROS2_ServiceRobot/kaia_ws/install/kaiaai_gazebo/share/kaiaai_gazebo//models/rug_ivory_2m/material/textures/rug_ivory_469x588.png\n'}
[26.689692] (kaiaai_gazebo) StdoutLine: {'line': b'-- Symlinking: /home/duong/Arduino/ROS2_ServiceRobot/kaia_ws/install/kaiaai_gazebo/share/kaiaai_gazebo//models/rug_ivory_2m/model.config\n'}
[26.690465] (-) TimerEvent: {}
[26.712679] (kaiaai_gazebo) StdoutLine: {'line': b'-- Symlinking: /home/duong/Arduino/ROS2_ServiceRobot/kaia_ws/install/kaiaai_gazebo/share/kaiaai_gazebo//models/rug_ivory_2m/model.sdf\n'}
[26.733254] (kaiaai_gazebo) StdoutLine: {'line': b'-- Symlinking: /home/duong/Arduino/ROS2_ServiceRobot/kaia_ws/install/kaiaai_gazebo/share/kaiaai_gazebo//models/rug_ivory_2m/thumbnails/1.png\n'}
[26.747118] (kaiaai_gazebo) StdoutLine: {'line': b'-- Symlinking: /home/duong/Arduino/ROS2_ServiceRobot/kaia_ws/install/kaiaai_gazebo/share/kaiaai_gazebo//models/squirrel/materials/textures/texture.png\n'}
[26.760747] (kaiaai_gazebo) StdoutLine: {'line': b'-- Symlinking: /home/duong/Arduino/ROS2_ServiceRobot/kaia_ws/install/kaiaai_gazebo/share/kaiaai_gazebo//models/squirrel/meshes/model.mtl\n'}
[26.776359] (kaiaai_gazebo) StdoutLine: {'line': b'-- Symlinking: /home/duong/Arduino/ROS2_ServiceRobot/kaia_ws/install/kaiaai_gazebo/share/kaiaai_gazebo//models/squirrel/meshes/model.obj\n'}
[26.790651] (-) TimerEvent: {}
[26.795785] (kaiaai_gazebo) StdoutLine: {'line': b'-- Symlinking: /home/duong/Arduino/ROS2_ServiceRobot/kaia_ws/install/kaiaai_gazebo/share/kaiaai_gazebo//models/squirrel/metadata.pbtxt\n'}
[26.817246] (kaiaai_gazebo) StdoutLine: {'line': b'-- Symlinking: /home/duong/Arduino/ROS2_ServiceRobot/kaia_ws/install/kaiaai_gazebo/share/kaiaai_gazebo//models/squirrel/model.config\n'}
[26.830478] (kaiaai_gazebo) StdoutLine: {'line': b'-- Symlinking: /home/duong/Arduino/ROS2_ServiceRobot/kaia_ws/install/kaiaai_gazebo/share/kaiaai_gazebo//models/squirrel/model.sdf\n'}
[26.844232] (kaiaai_gazebo) StdoutLine: {'line': b'-- Symlinking: /home/duong/Arduino/ROS2_ServiceRobot/kaia_ws/install/kaiaai_gazebo/share/kaiaai_gazebo//models/squirrel/thumbnails/0.jpg\n'}
[26.857542] (kaiaai_gazebo) StdoutLine: {'line': b'-- Symlinking: /home/duong/Arduino/ROS2_ServiceRobot/kaia_ws/install/kaiaai_gazebo/share/kaiaai_gazebo//models/squirrel/thumbnails/1.jpg\n'}
[26.871328] (kaiaai_gazebo) StdoutLine: {'line': b'-- Symlinking: /home/duong/Arduino/ROS2_ServiceRobot/kaia_ws/install/kaiaai_gazebo/share/kaiaai_gazebo//models/squirrel/thumbnails/2.jpg\n'}
[26.885252] (kaiaai_gazebo) StdoutLine: {'line': b'-- Symlinking: /home/duong/Arduino/ROS2_ServiceRobot/kaia_ws/install/kaiaai_gazebo/share/kaiaai_gazebo//models/squirrel/thumbnails/3.jpg\n'}
[26.890805] (-) TimerEvent: {}
[26.899595] (kaiaai_gazebo) StdoutLine: {'line': b'-- Symlinking: /home/duong/Arduino/ROS2_ServiceRobot/kaia_ws/install/kaiaai_gazebo/share/kaiaai_gazebo//models/squirrel/thumbnails/4.jpg\n'}
[26.913482] (kaiaai_gazebo) StdoutLine: {'line': b'-- Symlinking: /home/duong/Arduino/ROS2_ServiceRobot/kaia_ws/install/kaiaai_gazebo/share/kaiaai_gazebo//models/tv_65in_emissive/material/script/tv_emissive.material\n'}
[26.927531] (kaiaai_gazebo) StdoutLine: {'line': b'-- Symlinking: /home/duong/Arduino/ROS2_ServiceRobot/kaia_ws/install/kaiaai_gazebo/share/kaiaai_gazebo//models/tv_65in_emissive/material/textures/tv_65in_maldives_909x541.jpg\n'}
[26.941359] (kaiaai_gazebo) StdoutLine: {'line': b'-- Symlinking: /home/duong/Arduino/ROS2_ServiceRobot/kaia_ws/install/kaiaai_gazebo/share/kaiaai_gazebo//models/tv_65in_emissive/model.config\n'}
[26.954844] (kaiaai_gazebo) StdoutLine: {'line': b'-- Symlinking: /home/duong/Arduino/ROS2_ServiceRobot/kaia_ws/install/kaiaai_gazebo/share/kaiaai_gazebo//models/tv_65in_emissive/model.sdf\n'}
[26.968794] (kaiaai_gazebo) StdoutLine: {'line': b'-- Symlinking: /home/duong/Arduino/ROS2_ServiceRobot/kaia_ws/install/kaiaai_gazebo/share/kaiaai_gazebo//models/tv_65in_emissive/thumbnails/1.png\n'}
[26.983602] (kaiaai_gazebo) StdoutLine: {'line': b'-- Symlinking: /home/duong/Arduino/ROS2_ServiceRobot/kaia_ws/install/kaiaai_gazebo/share/kaiaai_gazebo//models/window_curtains/material/script/window_curtains.material\n'}
[26.990961] (-) TimerEvent: {}
[26.997432] (kaiaai_gazebo) StdoutLine: {'line': b'-- Symlinking: /home/duong/Arduino/ROS2_ServiceRobot/kaia_ws/install/kaiaai_gazebo/share/kaiaai_gazebo//models/window_curtains/material/textures/window_curtains.png\n'}
[27.017294] (kaiaai_gazebo) StdoutLine: {'line': b'-- Symlinking: /home/duong/Arduino/ROS2_ServiceRobot/kaia_ws/install/kaiaai_gazebo/share/kaiaai_gazebo//models/window_curtains/model.config\n'}
[27.030055] (kaiaai_gazebo) StdoutLine: {'line': b'-- Symlinking: /home/duong/Arduino/ROS2_ServiceRobot/kaia_ws/install/kaiaai_gazebo/share/kaiaai_gazebo//models/window_curtains/model.sdf\n'}
[27.043327] (kaiaai_gazebo) StdoutLine: {'line': b'-- Symlinking: /home/duong/Arduino/ROS2_ServiceRobot/kaia_ws/install/kaiaai_gazebo/share/kaiaai_gazebo//models/window_curtains/thumbnails/1.png\n'}
[27.057816] (kaiaai_gazebo) StdoutLine: {'line': b'-- Symlinking: /home/duong/Arduino/ROS2_ServiceRobot/kaia_ws/install/kaiaai_gazebo/share/kaiaai_gazebo//worlds/empty_world.world\n'}
[27.073356] (kaiaai_gazebo) StdoutLine: {'line': b'-- Symlinking: /home/duong/Arduino/ROS2_ServiceRobot/kaia_ws/install/kaiaai_gazebo/share/kaiaai_gazebo//worlds/living_room.world\n'}
[27.091116] (-) TimerEvent: {}
[27.094141] (kaiaai_gazebo) StdoutLine: {'line': b'-- Symlinking: /home/duong/Arduino/ROS2_ServiceRobot/kaia_ws/install/kaiaai_gazebo/share/kaiaai_gazebo//worlds/living_room2.world\n'}
[27.115276] (kaiaai_gazebo) StdoutLine: {'line': b'-- Symlinking: /home/duong/Arduino/ROS2_ServiceRobot/kaia_ws/install/kaiaai_gazebo/share/kaiaai_gazebo//worlds/living_room3.world\n'}
[27.129819] (kaiaai_gazebo) StdoutLine: {'line': b'-- Symlinking: /home/duong/Arduino/ROS2_ServiceRobot/kaia_ws/install/kaiaai_gazebo/share/kaiaai_gazebo//worlds/living_room4.world\n'}
[27.143703] (kaiaai_gazebo) StdoutLine: {'line': b'-- Symlinking: /home/duong/Arduino/ROS2_ServiceRobot/kaia_ws/install/kaiaai_gazebo/share/kaiaai_gazebo//worlds/living_room_gated.world\n'}
[27.158337] (kaiaai_gazebo) StdoutLine: {'line': b'-- Symlinking: /home/duong/Arduino/ROS2_ServiceRobot/kaia_ws/install/kaiaai_gazebo/share/kaiaai_gazebo//map/living_room.pgm\n'}
[27.177859] (kaiaai_gazebo) StdoutLine: {'line': b'-- Symlinking: /home/duong/Arduino/ROS2_ServiceRobot/kaia_ws/install/kaiaai_gazebo/share/kaiaai_gazebo//map/living_room.yaml\n'}
[27.191273] (-) TimerEvent: {}
[27.199293] (kaiaai_gazebo) StdoutLine: {'line': b'-- Symlinking: /home/duong/Arduino/ROS2_ServiceRobot/kaia_ws/install/kaiaai_gazebo/include//kaiaai_gazebo/self_drive_gazebo.hpp\n'}
[27.216024] (kaiaai_gazebo) StdoutLine: {'line': b'-- Symlinking: /home/duong/Arduino/ROS2_ServiceRobot/kaia_ws/install/kaiaai_gazebo/lib/kaiaai_gazebo/urdf2sdf.sh\n'}
[27.228552] (kaiaai_gazebo) StdoutLine: {'line': b'-- Symlinking: /home/duong/Arduino/ROS2_ServiceRobot/kaia_ws/install/kaiaai_gazebo/share/ament_index/resource_index/package_run_dependencies/kaiaai_gazebo\n'}
[27.241252] (kaiaai_gazebo) StdoutLine: {'line': b'-- Symlinking: /home/duong/Arduino/ROS2_ServiceRobot/kaia_ws/install/kaiaai_gazebo/share/ament_index/resource_index/parent_prefix_path/kaiaai_gazebo\n'}
[27.259048] (kaiaai_gazebo) StdoutLine: {'line': b'-- Symlinking: /home/duong/Arduino/ROS2_ServiceRobot/kaia_ws/install/kaiaai_gazebo/share/kaiaai_gazebo/environment/ament_prefix_path.sh\n'}
[27.271682] (kaiaai_gazebo) StdoutLine: {'line': b'-- Symlinking: /home/duong/Arduino/ROS2_ServiceRobot/kaia_ws/install/kaiaai_gazebo/share/kaiaai_gazebo/environment/ament_prefix_path.dsv\n'}
[27.284321] (kaiaai_gazebo) StdoutLine: {'line': b'-- Symlinking: /home/duong/Arduino/ROS2_ServiceRobot/kaia_ws/install/kaiaai_gazebo/share/kaiaai_gazebo/environment/path.sh\n'}
[27.291451] (-) TimerEvent: {}
[27.296296] (kaiaai_gazebo) StdoutLine: {'line': b'-- Symlinking: /home/duong/Arduino/ROS2_ServiceRobot/kaia_ws/install/kaiaai_gazebo/share/kaiaai_gazebo/environment/path.dsv\n'}
[27.308391] (kaiaai_gazebo) StdoutLine: {'line': b'-- Symlinking: /home/duong/Arduino/ROS2_ServiceRobot/kaia_ws/install/kaiaai_gazebo/share/kaiaai_gazebo/local_setup.bash\n'}
[27.321094] (kaiaai_gazebo) StdoutLine: {'line': b'-- Symlinking: /home/duong/Arduino/ROS2_ServiceRobot/kaia_ws/install/kaiaai_gazebo/share/kaiaai_gazebo/local_setup.sh\n'}
[27.332973] (kaiaai_gazebo) StdoutLine: {'line': b'-- Symlinking: /home/duong/Arduino/ROS2_ServiceRobot/kaia_ws/install/kaiaai_gazebo/share/kaiaai_gazebo/local_setup.zsh\n'}
[27.344361] (kaiaai_gazebo) StdoutLine: {'line': b'-- Symlinking: /home/duong/Arduino/ROS2_ServiceRobot/kaia_ws/install/kaiaai_gazebo/share/kaiaai_gazebo/local_setup.dsv\n'}
[27.366339] (kaiaai_gazebo) StdoutLine: {'line': b'-- Symlinking: /home/duong/Arduino/ROS2_ServiceRobot/kaia_ws/install/kaiaai_gazebo/share/kaiaai_gazebo/package.dsv\n'}
[27.387919] (kaiaai_gazebo) StdoutLine: {'line': b'-- Symlinking: /home/duong/Arduino/ROS2_ServiceRobot/kaia_ws/install/kaiaai_gazebo/share/ament_index/resource_index/packages/kaiaai_gazebo\n'}
[27.391619] (-) TimerEvent: {}
[27.399962] (kaiaai_gazebo) StdoutLine: {'line': b'-- Symlinking: /home/duong/Arduino/ROS2_ServiceRobot/kaia_ws/install/kaiaai_gazebo/share/kaiaai_gazebo/cmake/ament_cmake_export_include_directories-extras.cmake\n'}
[27.413474] (kaiaai_gazebo) StdoutLine: {'line': b'-- Symlinking: /home/duong/Arduino/ROS2_ServiceRobot/kaia_ws/install/kaiaai_gazebo/share/kaiaai_gazebo/cmake/ament_cmake_export_dependencies-extras.cmake\n'}
[27.434080] (kaiaai_gazebo) StdoutLine: {'line': b'-- Symlinking: /home/duong/Arduino/ROS2_ServiceRobot/kaia_ws/install/kaiaai_gazebo/share/kaiaai_gazebo/cmake/kaiaai_gazeboConfig.cmake\n'}
[27.453847] (kaiaai_gazebo) StdoutLine: {'line': b'-- Symlinking: /home/duong/Arduino/ROS2_ServiceRobot/kaia_ws/install/kaiaai_gazebo/share/kaiaai_gazebo/cmake/kaiaai_gazeboConfig-version.cmake\n'}
[27.466208] (kaiaai_gazebo) StdoutLine: {'line': b'-- Symlinking: /home/duong/Arduino/ROS2_ServiceRobot/kaia_ws/install/kaiaai_gazebo/share/kaiaai_gazebo/package.xml\n'}
[27.490509] (kaiaai_gazebo) CommandEnded: {'returncode': 0}
[27.491807] (-) TimerEvent: {}
[27.507447] (kaiaai_gazebo) JobEnded: {'identifier': 'kaiaai_gazebo', 'rc': 0}
[27.591990] (-) TimerEvent: {}
[27.692308] (-) TimerEvent: {}
[27.792636] (-) TimerEvent: {}
[27.892950] (-) TimerEvent: {}
[27.993251] (-) TimerEvent: {}
[28.093569] (-) TimerEvent: {}
[28.193855] (-) TimerEvent: {}
[28.294119] (-) TimerEvent: {}
[28.394422] (-) TimerEvent: {}
[28.494752] (-) TimerEvent: {}
[28.595052] (-) TimerEvent: {}
[28.695325] (-) TimerEvent: {}
[28.797341] (-) TimerEvent: {}
[28.897675] (-) TimerEvent: {}
[28.997975] (-) TimerEvent: {}
[29.098229] (-) TimerEvent: {}
[29.198471] (-) TimerEvent: {}
[29.298729] (-) TimerEvent: {}
[29.398944] (-) TimerEvent: {}
[29.499159] (-) TimerEvent: {}
[29.599364] (-) TimerEvent: {}
[29.638931] (explore_lite) StdoutLine: {'line': b'[100%] Built target explore\n'}
[29.654896] (explore_lite) CommandEnded: {'returncode': 0}
[29.655891] (explore_lite) JobProgress: {'identifier': 'explore_lite', 'progress': 'install'}
[29.656519] (explore_lite) Command: {'cmd': ['/usr/bin/cmake', '--install', '/home/duong/Arduino/ROS2_ServiceRobot/kaia_ws/build/explore_lite'], 'cwd': '/home/duong/Arduino/ROS2_ServiceRobot/kaia_ws/build/explore_lite', 'env': OrderedDict([('SHLVL', '0'), ('LD_LIBRARY_PATH', '/home/duong/Arduino/ROS2_ServiceRobot/uros_ws/install/micro_ros_agent/lib:/home/duong/Arduino/ROS2_ServiceRobot/uros_ws/install/micro_ros_msgs/lib:/home/duong/Arduino/ROS2_ServiceRobot/uros_ws/install/drive_base_msgs/lib:/usr/lib/x86_64-linux-gnu/gazebo-11/plugins:/opt/ros/iron/opt/rviz_ogre_vendor/lib:/opt/ros/iron/lib/x86_64-linux-gnu:/opt/ros/iron/lib'), ('HOME', '/tmp'), ('ROS_PYTHON_VERSION', '3'), ('COLCON_PREFIX_PATH', '/home/duong/Arduino/ROS2_ServiceRobot/uros_ws/install'), ('ROS_DISTRO', 'iron'), ('_', '/usr/bin/colcon'), ('ROS_VERSION', '2'), ('PATH', '/opt/ros/iron/bin:/usr/local/bin:/usr/bin:/bin'), ('LANG', 'C.UTF-8'), ('AMENT_PREFIX_PATH', '/home/duong/Arduino/ROS2_ServiceRobot/uros_ws/install/micro_ros_setup:/home/duong/Arduino/ROS2_ServiceRobot/uros_ws/install/micro_ros_agent:/home/duong/Arduino/ROS2_ServiceRobot/uros_ws/install/micro_ros_msgs:/home/duong/Arduino/ROS2_ServiceRobot/uros_ws/install/drive_base_msgs:/opt/ros/iron'), ('ROS_AUTOMATIC_DISCOVERY_RANGE', 'SUBNET'), ('PWD', '/home/duong/Arduino/ROS2_ServiceRobot/kaia_ws/build/explore_lite'), ('LC_ALL', 'C.UTF-8'), ('PYTHONPATH', '/home/duong/Arduino/ROS2_ServiceRobot/uros_ws/install/micro_ros_msgs/lib/python3.10/site-packages:/home/duong/Arduino/ROS2_ServiceRobot/uros_ws/install/drive_base_msgs/lib/python3.10/site-packages:/opt/ros/iron/lib/python3.10/site-packages'), ('COLCON', '1'), ('CMAKE_PREFIX_PATH', '/home/duong/Arduino/ROS2_ServiceRobot/uros_ws/install/micro_ros_setup:/home/duong/Arduino/ROS2_ServiceRobot/uros_ws/install/micro_ros_agent:/home/duong/Arduino/ROS2_ServiceRobot/uros_ws/install/micro_ros_msgs:/home/duong/Arduino/ROS2_ServiceRobot/uros_ws/install/drive_base_msgs:/opt/ros/iron')]), 'shell': False}
[29.674319] (explore_lite) StdoutLine: {'line': b'-- Install configuration: ""\n'}
[29.675516] (explore_lite) StdoutLine: {'line': b'-- Execute custom install script\n'}
[29.676659] (explore_lite) StdoutLine: {'line': b'-- Symlinking: /home/duong/Arduino/ROS2_ServiceRobot/kaia_ws/install/explore_lite/include/explore//costmap_client.h\n'}
[29.696527] (explore_lite) StdoutLine: {'line': b'-- Symlinking: /home/duong/Arduino/ROS2_ServiceRobot/kaia_ws/install/explore_lite/include/explore//costmap_tools.h\n'}
[29.699464] (-) TimerEvent: {}
[29.716854] (explore_lite) StdoutLine: {'line': b'-- Symlinking: /home/duong/Arduino/ROS2_ServiceRobot/kaia_ws/install/explore_lite/include/explore//explore.h\n'}
[29.728094] (explore_lite) StdoutLine: {'line': b'-- Symlinking: /home/duong/Arduino/ROS2_ServiceRobot/kaia_ws/install/explore_lite/include/explore//frontier_search.h\n'}
[29.740815] (explore_lite) StdoutLine: {'line': b'-- Symlinking: /home/duong/Arduino/ROS2_ServiceRobot/kaia_ws/install/explore_lite/share/explore_lite/config/params.yaml\n'}
[29.753541] (explore_lite) StdoutLine: {'line': b'-- Symlinking: /home/duong/Arduino/ROS2_ServiceRobot/kaia_ws/install/explore_lite/share/explore_lite/config/params_costmap.yaml\n'}
[29.767363] (explore_lite) StdoutLine: {'line': b'-- Symlinking: /home/duong/Arduino/ROS2_ServiceRobot/kaia_ws/install/explore_lite/share/explore_lite/launch/explore.launch.py\n'}
[29.785104] (explore_lite) StdoutLine: {'line': b'-- Symlinking: /home/duong/Arduino/ROS2_ServiceRobot/kaia_ws/install/explore_lite/lib/explore_lite/explore\n'}
[29.797913] (explore_lite) StdoutLine: {'line': b'-- Symlinking: /home/duong/Arduino/ROS2_ServiceRobot/kaia_ws/install/explore_lite/share/ament_index/resource_index/package_run_dependencies/explore_lite\n'}
[29.799629] (-) TimerEvent: {}
[29.811640] (explore_lite) StdoutLine: {'line': b'-- Symlinking: /home/duong/Arduino/ROS2_ServiceRobot/kaia_ws/install/explore_lite/share/ament_index/resource_index/parent_prefix_path/explore_lite\n'}
[29.823806] (explore_lite) StdoutLine: {'line': b'-- Symlinking: /home/duong/Arduino/ROS2_ServiceRobot/kaia_ws/install/explore_lite/share/explore_lite/environment/ament_prefix_path.sh\n'}
[29.835991] (explore_lite) StdoutLine: {'line': b'-- Symlinking: /home/duong/Arduino/ROS2_ServiceRobot/kaia_ws/install/explore_lite/share/explore_lite/environment/ament_prefix_path.dsv\n'}
[29.848091] (explore_lite) StdoutLine: {'line': b'-- Symlinking: /home/duong/Arduino/ROS2_ServiceRobot/kaia_ws/install/explore_lite/share/explore_lite/environment/path.sh\n'}
[29.868779] (explore_lite) StdoutLine: {'line': b'-- Symlinking: /home/duong/Arduino/ROS2_ServiceRobot/kaia_ws/install/explore_lite/share/explore_lite/environment/path.dsv\n'}
[29.880367] (explore_lite) StdoutLine: {'line': b'-- Symlinking: /home/duong/Arduino/ROS2_ServiceRobot/kaia_ws/install/explore_lite/share/explore_lite/local_setup.bash\n'}
[29.892612] (explore_lite) StdoutLine: {'line': b'-- Symlinking: /home/duong/Arduino/ROS2_ServiceRobot/kaia_ws/install/explore_lite/share/explore_lite/local_setup.sh\n'}
[29.899769] (-) TimerEvent: {}
[29.912888] (explore_lite) StdoutLine: {'line': b'-- Symlinking: /home/duong/Arduino/ROS2_ServiceRobot/kaia_ws/install/explore_lite/share/explore_lite/local_setup.zsh\n'}
[29.933039] (explore_lite) StdoutLine: {'line': b'-- Symlinking: /home/duong/Arduino/ROS2_ServiceRobot/kaia_ws/install/explore_lite/share/explore_lite/local_setup.dsv\n'}
[29.953406] (explore_lite) StdoutLine: {'line': b'-- Symlinking: /home/duong/Arduino/ROS2_ServiceRobot/kaia_ws/install/explore_lite/share/explore_lite/package.dsv\n'}
[29.972482] (explore_lite) StdoutLine: {'line': b'-- Symlinking: /home/duong/Arduino/ROS2_ServiceRobot/kaia_ws/install/explore_lite/share/ament_index/resource_index/packages/explore_lite\n'}
[29.984779] (explore_lite) StdoutLine: {'line': b'-- Symlinking: /home/duong/Arduino/ROS2_ServiceRobot/kaia_ws/install/explore_lite/share/explore_lite/cmake/ament_cmake_export_include_directories-extras.cmake\n'}
[29.996994] (explore_lite) StdoutLine: {'line': b'-- Symlinking: /home/duong/Arduino/ROS2_ServiceRobot/kaia_ws/install/explore_lite/share/explore_lite/cmake/explore_liteConfig.cmake\n'}
[29.999909] (-) TimerEvent: {}
[30.017490] (explore_lite) StdoutLine: {'line': b'-- Symlinking: /home/duong/Arduino/ROS2_ServiceRobot/kaia_ws/install/explore_lite/share/explore_lite/cmake/explore_liteConfig-version.cmake\n'}
[30.029711] (explore_lite) StdoutLine: {'line': b'-- Symlinking: /home/duong/Arduino/ROS2_ServiceRobot/kaia_ws/install/explore_lite/share/explore_lite/package.xml\n'}
[30.100048] (-) TimerEvent: {}
[30.200287] (-) TimerEvent: {}
[30.300508] (-) TimerEvent: {}
[30.400744] (-) TimerEvent: {}
[30.500988] (-) TimerEvent: {}
[30.601223] (-) TimerEvent: {}
[30.701459] (-) TimerEvent: {}
[30.801664] (-) TimerEvent: {}
[30.901899] (-) TimerEvent: {}
[31.004024] (-) TimerEvent: {}
[31.104273] (-) TimerEvent: {}
[31.204514] (-) TimerEvent: {}
[31.304779] (-) TimerEvent: {}
[31.405038] (-) TimerEvent: {}
[31.505309] (-) TimerEvent: {}
[31.605603] (-) TimerEvent: {}
[31.705862] (-) TimerEvent: {}
[31.751106] (kaiaai_telemetry) StdoutLine: {'line': b'[100%] Linking CXX executable telem\n'}
[31.751398] (explore_lite) CommandEnded: {'returncode': 0}
[31.769283] (explore_lite) JobEnded: {'identifier': 'explore_lite', 'rc': 0}
[31.805971] (-) TimerEvent: {}
[31.906177] (-) TimerEvent: {}
[32.006393] (-) TimerEvent: {}
[32.106660] (-) TimerEvent: {}
[32.206880] (-) TimerEvent: {}
[32.307109] (-) TimerEvent: {}
[32.407340] (-) TimerEvent: {}
[32.448778] (kaiaai_telemetry) StdoutLine: {'line': b'[100%] Built target telem\n'}
[32.463882] (kaiaai_telemetry) CommandEnded: {'returncode': 0}
[32.464974] (kaiaai_telemetry) JobProgress: {'identifier': 'kaiaai_telemetry', 'progress': 'install'}
[32.465643] (kaiaai_telemetry) Command: {'cmd': ['/usr/bin/cmake', '--install', '/home/duong/Arduino/ROS2_ServiceRobot/kaia_ws/build/kaiaai_telemetry'], 'cwd': '/home/duong/Arduino/ROS2_ServiceRobot/kaia_ws/build/kaiaai_telemetry', 'env': OrderedDict([('SHLVL', '0'), ('LD_LIBRARY_PATH', '/home/duong/Arduino/ROS2_ServiceRobot/kaia_ws/install/kaiaai_msgs/lib:/home/duong/Arduino/ROS2_ServiceRobot/uros_ws/install/micro_ros_agent/lib:/home/duong/Arduino/ROS2_ServiceRobot/uros_ws/install/micro_ros_msgs/lib:/home/duong/Arduino/ROS2_ServiceRobot/uros_ws/install/drive_base_msgs/lib:/usr/lib/x86_64-linux-gnu/gazebo-11/plugins:/opt/ros/iron/opt/rviz_ogre_vendor/lib:/opt/ros/iron/lib/x86_64-linux-gnu:/opt/ros/iron/lib'), ('HOME', '/tmp'), ('ROS_PYTHON_VERSION', '3'), ('COLCON_PREFIX_PATH', '/home/duong/Arduino/ROS2_ServiceRobot/uros_ws/install'), ('ROS_DISTRO', 'iron'), ('_', '/usr/bin/colcon'), ('ROS_VERSION', '2'), ('PATH', '/opt/ros/iron/bin:/usr/local/bin:/usr/bin:/bin'), ('LANG', 'C.UTF-8'), ('AMENT_PREFIX_PATH', '/home/duong/Arduino/ROS2_ServiceRobot/kaia_ws/install/kaiaai_msgs:/home/duong/Arduino/ROS2_ServiceRobot/uros_ws/install/micro_ros_setup:/home/duong/Arduino/ROS2_ServiceRobot/uros_ws/install/micro_ros_agent:/home/duong/Arduino/ROS2_ServiceRobot/uros_ws/install/micro_ros_msgs:/home/duong/Arduino/ROS2_ServiceRobot/uros_ws/install/drive_base_msgs:/opt/ros/iron'), ('ROS_AUTOMATIC_DISCOVERY_RANGE', 'SUBNET'), ('PWD', '/home/duong/Arduino/ROS2_ServiceRobot/kaia_ws/build/kaiaai_telemetry'), ('LC_ALL', 'C.UTF-8'), ('PYTHONPATH', '/home/duong/Arduino/ROS2_ServiceRobot/kaia_ws/install/kaiaai_msgs/lib/python3.10/site-packages:/home/duong/Arduino/ROS2_ServiceRobot/uros_ws/install/micro_ros_msgs/lib/python3.10/site-packages:/home/duong/Arduino/ROS2_ServiceRobot/uros_ws/install/drive_base_msgs/lib/python3.10/site-packages:/opt/ros/iron/lib/python3.10/site-packages'), ('COLCON', '1'), ('CMAKE_PREFIX_PATH', '/home/duong/Arduino/ROS2_ServiceRobot/kaia_ws/install/kaiaai_msgs:/home/duong/Arduino/ROS2_ServiceRobot/uros_ws/install/micro_ros_setup:/home/duong/Arduino/ROS2_ServiceRobot/uros_ws/install/micro_ros_agent:/home/duong/Arduino/ROS2_ServiceRobot/uros_ws/install/micro_ros_msgs:/home/duong/Arduino/ROS2_ServiceRobot/uros_ws/install/drive_base_msgs:/opt/ros/iron')]), 'shell': False}
[32.475880] (kaiaai_telemetry) StdoutLine: {'line': b'-- Install configuration: ""\n'}
[32.476221] (kaiaai_telemetry) StdoutLine: {'line': b'-- Execute custom install script\n'}
[32.476582] (kaiaai_telemetry) StdoutLine: {'line': b'-- Symlinking: /home/duong/Arduino/ROS2_ServiceRobot/kaia_ws/install/kaiaai_telemetry/lib/kaiaai_telemetry/telem_test_pub\n'}
[32.498000] (kaiaai_telemetry) StdoutLine: {'line': b'-- Symlinking: /home/duong/Arduino/ROS2_ServiceRobot/kaia_ws/install/kaiaai_telemetry/lib/kaiaai_telemetry/telem\n'}
[32.507453] (-) TimerEvent: {}
[32.509753] (kaiaai_telemetry) StdoutLine: {'line': b'-- Symlinking: /home/duong/Arduino/ROS2_ServiceRobot/kaia_ws/install/kaiaai_telemetry/share/kaiaai_telemetry/config/.telem.yaml.swp\n'}
[32.520853] (kaiaai_telemetry) StdoutLine: {'line': b'-- Symlinking: /home/duong/Arduino/ROS2_ServiceRobot/kaia_ws/install/kaiaai_telemetry/share/kaiaai_telemetry/config/telem.yaml\n'}
[32.531748] (kaiaai_telemetry) StdoutLine: {'line': b'-- Symlinking: /home/duong/Arduino/ROS2_ServiceRobot/kaia_ws/install/kaiaai_telemetry/share/ament_index/resource_index/package_run_dependencies/kaiaai_telemetry\n'}
[32.543068] (kaiaai_telemetry) StdoutLine: {'line': b'-- Symlinking: /home/duong/Arduino/ROS2_ServiceRobot/kaia_ws/install/kaiaai_telemetry/share/ament_index/resource_index/parent_prefix_path/kaiaai_telemetry\n'}
[32.554315] (kaiaai_telemetry) StdoutLine: {'line': b'-- Symlinking: /home/duong/Arduino/ROS2_ServiceRobot/kaia_ws/install/kaiaai_telemetry/share/kaiaai_telemetry/environment/ament_prefix_path.sh\n'}
[32.576246] (kaiaai_telemetry) StdoutLine: {'line': b'-- Symlinking: /home/duong/Arduino/ROS2_ServiceRobot/kaia_ws/install/kaiaai_telemetry/share/kaiaai_telemetry/environment/ament_prefix_path.dsv\n'}
[32.586522] (kaiaai_telemetry) StdoutLine: {'line': b'-- Symlinking: /home/duong/Arduino/ROS2_ServiceRobot/kaia_ws/install/kaiaai_telemetry/share/kaiaai_telemetry/environment/path.sh\n'}
[32.597808] (kaiaai_telemetry) StdoutLine: {'line': b'-- Symlinking: /home/duong/Arduino/ROS2_ServiceRobot/kaia_ws/install/kaiaai_telemetry/share/kaiaai_telemetry/environment/path.dsv\n'}
[32.607582] (-) TimerEvent: {}
[32.609168] (kaiaai_telemetry) StdoutLine: {'line': b'-- Symlinking: /home/duong/Arduino/ROS2_ServiceRobot/kaia_ws/install/kaiaai_telemetry/share/kaiaai_telemetry/local_setup.bash\n'}
[32.620580] (kaiaai_telemetry) StdoutLine: {'line': b'-- Symlinking: /home/duong/Arduino/ROS2_ServiceRobot/kaia_ws/install/kaiaai_telemetry/share/kaiaai_telemetry/local_setup.sh\n'}
[32.631833] (kaiaai_telemetry) StdoutLine: {'line': b'-- Symlinking: /home/duong/Arduino/ROS2_ServiceRobot/kaia_ws/install/kaiaai_telemetry/share/kaiaai_telemetry/local_setup.zsh\n'}
[32.642915] (kaiaai_telemetry) StdoutLine: {'line': b'-- Symlinking: /home/duong/Arduino/ROS2_ServiceRobot/kaia_ws/install/kaiaai_telemetry/share/kaiaai_telemetry/local_setup.dsv\n'}
[32.653655] (kaiaai_telemetry) StdoutLine: {'line': b'-- Symlinking: /home/duong/Arduino/ROS2_ServiceRobot/kaia_ws/install/kaiaai_telemetry/share/kaiaai_telemetry/package.dsv\n'}
[32.665212] (kaiaai_telemetry) StdoutLine: {'line': b'-- Symlinking: /home/duong/Arduino/ROS2_ServiceRobot/kaia_ws/install/kaiaai_telemetry/share/ament_index/resource_index/packages/kaiaai_telemetry\n'}
[32.686368] (kaiaai_telemetry) StdoutLine: {'line': b'-- Symlinking: /home/duong/Arduino/ROS2_ServiceRobot/kaia_ws/install/kaiaai_telemetry/share/kaiaai_telemetry/cmake/kaiaai_telemetryConfig.cmake\n'}
[32.706172] (kaiaai_telemetry) StdoutLine: {'line': b'-- Symlinking: /home/duong/Arduino/ROS2_ServiceRobot/kaia_ws/install/kaiaai_telemetry/share/kaiaai_telemetry/cmake/kaiaai_telemetryConfig-version.cmake\n'}
[32.707623] (-) TimerEvent: {}
[32.717156] (kaiaai_telemetry) StdoutLine: {'line': b'-- Symlinking: /home/duong/Arduino/ROS2_ServiceRobot/kaia_ws/install/kaiaai_telemetry/share/kaiaai_telemetry/package.xml\n'}
[32.731502] (kaiaai_telemetry) CommandEnded: {'returncode': 0}
[32.743230] (kaiaai_telemetry) JobEnded: {'identifier': 'kaiaai_telemetry', 'rc': 0}
[32.744105] (kaiaai_bringup) JobStarted: {'identifier': 'kaiaai_bringup'}
[32.767966] (kaiaai_bringup) JobProgress: {'identifier': 'kaiaai_bringup', 'progress': 'cmake'}
[32.768765] (kaiaai_bringup) Command: {'cmd': ['/usr/bin/cmake', '/home/duong/Arduino/ROS2_ServiceRobot/kaia_ws/src/kaiaai_bringup', '-DAMENT_CMAKE_SYMLINK_INSTALL=1', '-DCMAKE_INSTALL_PREFIX=/home/duong/Arduino/ROS2_ServiceRobot/kaia_ws/install/kaiaai_bringup'], 'cwd': '/home/duong/Arduino/ROS2_ServiceRobot/kaia_ws/build/kaiaai_bringup', 'env': OrderedDict([('SHLVL', '0'), ('LD_LIBRARY_PATH', '/home/duong/Arduino/ROS2_ServiceRobot/kaia_ws/install/kaiaai_msgs/lib:/home/duong/Arduino/ROS2_ServiceRobot/uros_ws/install/micro_ros_agent/lib:/home/duong/Arduino/ROS2_ServiceRobot/uros_ws/install/micro_ros_msgs/lib:/home/duong/Arduino/ROS2_ServiceRobot/uros_ws/install/drive_base_msgs/lib:/usr/lib/x86_64-linux-gnu/gazebo-11/plugins:/opt/ros/iron/opt/rviz_ogre_vendor/lib:/opt/ros/iron/lib/x86_64-linux-gnu:/opt/ros/iron/lib'), ('HOME', '/tmp'), ('ROS_PYTHON_VERSION', '3'), ('COLCON_PREFIX_PATH', '/home/duong/Arduino/ROS2_ServiceRobot/uros_ws/install'), ('ROS_DISTRO', 'iron'), ('_', '/usr/bin/colcon'), ('ROS_VERSION', '2'), ('PATH', '/opt/ros/iron/bin:/usr/local/bin:/usr/bin:/bin'), ('LANG', 'C.UTF-8'), ('AMENT_PREFIX_PATH', '/home/duong/Arduino/ROS2_ServiceRobot/kaia_ws/install/kaiaai_telemetry:/home/duong/Arduino/ROS2_ServiceRobot/kaia_ws/install/makerspet_snoopy:/home/duong/Arduino/ROS2_ServiceRobot/kaia_ws/install/makerspet_mini:/home/duong/Arduino/ROS2_ServiceRobot/kaia_ws/install/makerspet_loki:/home/duong/Arduino/ROS2_ServiceRobot/kaia_ws/install/kaiaai_teleop:/home/duong/Arduino/ROS2_ServiceRobot/kaia_ws/install/kaiaai_msgs:/home/duong/Arduino/ROS2_ServiceRobot/kaia_ws/install/kaiaai:/home/duong/Arduino/ROS2_ServiceRobot/uros_ws/install/micro_ros_setup:/home/duong/Arduino/ROS2_ServiceRobot/uros_ws/install/micro_ros_agent:/home/duong/Arduino/ROS2_ServiceRobot/uros_ws/install/micro_ros_msgs:/home/duong/Arduino/ROS2_ServiceRobot/uros_ws/install/drive_base_msgs:/opt/ros/iron'), ('ROS_AUTOMATIC_DISCOVERY_RANGE', 'SUBNET'), ('PWD', '/home/duong/Arduino/ROS2_ServiceRobot/kaia_ws/build/kaiaai_bringup'), ('LC_ALL', 'C.UTF-8'), ('PYTHONPATH', '/home/duong/Arduino/ROS2_ServiceRobot/kaia_ws/build/kaiaai_teleop:/home/duong/Arduino/ROS2_ServiceRobot/kaia_ws/install/kaiaai_teleop/lib/python3.10/site-packages:/home/duong/Arduino/ROS2_ServiceRobot/kaia_ws/install/kaiaai_msgs/lib/python3.10/site-packages:/home/duong/Arduino/ROS2_ServiceRobot/kaia_ws/build/kaiaai:/home/duong/Arduino/ROS2_ServiceRobot/kaia_ws/install/kaiaai/lib/python3.10/site-packages:/home/duong/Arduino/ROS2_ServiceRobot/uros_ws/install/micro_ros_msgs/lib/python3.10/site-packages:/home/duong/Arduino/ROS2_ServiceRobot/uros_ws/install/drive_base_msgs/lib/python3.10/site-packages:/opt/ros/iron/lib/python3.10/site-packages'), ('COLCON', '1'), ('CMAKE_PREFIX_PATH', '/home/duong/Arduino/ROS2_ServiceRobot/kaia_ws/install/kaiaai_telemetry:/home/duong/Arduino/ROS2_ServiceRobot/kaia_ws/install/makerspet_snoopy:/home/duong/Arduino/ROS2_ServiceRobot/kaia_ws/install/makerspet_mini:/home/duong/Arduino/ROS2_ServiceRobot/kaia_ws/install/makerspet_loki:/home/duong/Arduino/ROS2_ServiceRobot/kaia_ws/install/kaiaai_msgs:/home/duong/Arduino/ROS2_ServiceRobot/uros_ws/install/micro_ros_setup:/home/duong/Arduino/ROS2_ServiceRobot/uros_ws/install/micro_ros_agent:/home/duong/Arduino/ROS2_ServiceRobot/uros_ws/install/micro_ros_msgs:/home/duong/Arduino/ROS2_ServiceRobot/uros_ws/install/drive_base_msgs:/opt/ros/iron')]), 'shell': False}
[32.807750] (-) TimerEvent: {}
[32.846237] (kaiaai_bringup) StdoutLine: {'line': b'-- The C compiler identification is GNU 11.4.0\n'}
[32.907878] (-) TimerEvent: {}
[32.911950] (kaiaai_bringup) StdoutLine: {'line': b'-- The CXX compiler identification is GNU 11.4.0\n'}
[32.919737] (kaiaai_bringup) StdoutLine: {'line': b'-- Detecting C compiler ABI info\n'}
[33.008009] (-) TimerEvent: {}
[33.023324] (kaiaai_bringup) StdoutLine: {'line': b'-- Detecting C compiler ABI info - done\n'}
[33.044192] (kaiaai_bringup) StdoutLine: {'line': b'-- Check for working C compiler: /usr/bin/cc - skipped\n'}
[33.044714] (kaiaai_bringup) StdoutLine: {'line': b'-- Detecting C compile features\n'}
[33.045692] (kaiaai_bringup) StdoutLine: {'line': b'-- Detecting C compile features - done\n'}
[33.053229] (kaiaai_bringup) StdoutLine: {'line': b'-- Detecting CXX compiler ABI info\n'}
[33.108146] (-) TimerEvent: {}
[33.125682] (auto_mapper) StdoutLine: {'line': b'[100%] Linking CXX executable auto_mapper\n'}
[33.161574] (kaiaai_bringup) StdoutLine: {'line': b'-- Detecting CXX compiler ABI info - done\n'}
[33.168747] (kaiaai_bringup) StdoutLine: {'line': b'-- Check for working CXX compiler: /usr/bin/c++ - skipped\n'}
[33.169081] (kaiaai_bringup) StdoutLine: {'line': b'-- Detecting CXX compile features\n'}
[33.169336] (kaiaai_bringup) StdoutLine: {'line': b'-- Detecting CXX compile features - done\n'}
[33.173228] (kaiaai_bringup) StdoutLine: {'line': b'-- Found ament_cmake: 2.0.7 (/opt/ros/iron/share/ament_cmake/cmake)\n'}
[33.208291] (-) TimerEvent: {}
[33.308599] (-) TimerEvent: {}
[33.395720] (kaiaai_bringup) StdoutLine: {'line': b'-- Found Python3: /usr/bin/python3.10 (found version "3.10.12") found components: Interpreter \n'}
[33.408719] (-) TimerEvent: {}
[33.464003] (kaiaai_bringup) StdoutLine: {'line': b'-- Override CMake install command with custom implementation using symlinks instead of copying resources\n'}
[33.508883] (-) TimerEvent: {}
[33.539342] (kaiaai_bringup) StdoutLine: {'line': b'-- Found ament_lint_auto: 0.14.4 (/opt/ros/iron/share/ament_lint_auto/cmake)\n'}
[33.609055] (-) TimerEvent: {}
[33.642222] (kaiaai_bringup) StdoutLine: {'line': b"-- Added test 'flake8' to check Python code syntax and style conventions\n"}
[33.642512] (kaiaai_bringup) StdoutLine: {'line': b"-- Configured 'flake8' exclude dirs and/or files: \n"}
[33.643621] (kaiaai_bringup) StdoutLine: {'line': b"-- Added test 'lint_cmake' to check CMake code style\n"}
[33.644651] (kaiaai_bringup) StdoutLine: {'line': b"-- Added test 'pep257' to check Python code against some of the docstring style conventions in PEP 257\n"}
[33.649355] (kaiaai_bringup) StdoutLine: {'line': b"-- Added test 'xmllint' to check XML markup files\n"}
[33.651202] (kaiaai_bringup) StdoutLine: {'line': b'-- Configuring done\n'}
[33.654813] (kaiaai_bringup) StdoutLine: {'line': b'-- Generating done\n'}
[33.656467] (kaiaai_bringup) StdoutLine: {'line': b'-- Build files have been written to: /home/duong/Arduino/ROS2_ServiceRobot/kaia_ws/build/kaiaai_bringup\n'}
[33.661220] (kaiaai_bringup) CommandEnded: {'returncode': 0}
[33.662011] (kaiaai_bringup) JobProgress: {'identifier': 'kaiaai_bringup', 'progress': 'build'}
[33.662469] (kaiaai_bringup) Command: {'cmd': ['/usr/bin/cmake', '--build', '/home/duong/Arduino/ROS2_ServiceRobot/kaia_ws/build/kaiaai_bringup', '--', '-j12', '-l12'], 'cwd': '/home/duong/Arduino/ROS2_ServiceRobot/kaia_ws/build/kaiaai_bringup', 'env': OrderedDict([('SHLVL', '0'), ('LD_LIBRARY_PATH', '/home/duong/Arduino/ROS2_ServiceRobot/kaia_ws/install/kaiaai_msgs/lib:/home/duong/Arduino/ROS2_ServiceRobot/uros_ws/install/micro_ros_agent/lib:/home/duong/Arduino/ROS2_ServiceRobot/uros_ws/install/micro_ros_msgs/lib:/home/duong/Arduino/ROS2_ServiceRobot/uros_ws/install/drive_base_msgs/lib:/usr/lib/x86_64-linux-gnu/gazebo-11/plugins:/opt/ros/iron/opt/rviz_ogre_vendor/lib:/opt/ros/iron/lib/x86_64-linux-gnu:/opt/ros/iron/lib'), ('HOME', '/tmp'), ('ROS_PYTHON_VERSION', '3'), ('COLCON_PREFIX_PATH', '/home/duong/Arduino/ROS2_ServiceRobot/uros_ws/install'), ('ROS_DISTRO', 'iron'), ('_', '/usr/bin/colcon'), ('ROS_VERSION', '2'), ('PATH', '/opt/ros/iron/bin:/usr/local/bin:/usr/bin:/bin'), ('LANG', 'C.UTF-8'), ('AMENT_PREFIX_PATH', '/home/duong/Arduino/ROS2_ServiceRobot/kaia_ws/install/kaiaai_telemetry:/home/duong/Arduino/ROS2_ServiceRobot/kaia_ws/install/makerspet_snoopy:/home/duong/Arduino/ROS2_ServiceRobot/kaia_ws/install/makerspet_mini:/home/duong/Arduino/ROS2_ServiceRobot/kaia_ws/install/makerspet_loki:/home/duong/Arduino/ROS2_ServiceRobot/kaia_ws/install/kaiaai_teleop:/home/duong/Arduino/ROS2_ServiceRobot/kaia_ws/install/kaiaai_msgs:/home/duong/Arduino/ROS2_ServiceRobot/kaia_ws/install/kaiaai:/home/duong/Arduino/ROS2_ServiceRobot/uros_ws/install/micro_ros_setup:/home/duong/Arduino/ROS2_ServiceRobot/uros_ws/install/micro_ros_agent:/home/duong/Arduino/ROS2_ServiceRobot/uros_ws/install/micro_ros_msgs:/home/duong/Arduino/ROS2_ServiceRobot/uros_ws/install/drive_base_msgs:/opt/ros/iron'), ('ROS_AUTOMATIC_DISCOVERY_RANGE', 'SUBNET'), ('PWD', '/home/duong/Arduino/ROS2_ServiceRobot/kaia_ws/build/kaiaai_bringup'), ('LC_ALL', 'C.UTF-8'), ('PYTHONPATH', '/home/duong/Arduino/ROS2_ServiceRobot/kaia_ws/build/kaiaai_teleop:/home/duong/Arduino/ROS2_ServiceRobot/kaia_ws/install/kaiaai_teleop/lib/python3.10/site-packages:/home/duong/Arduino/ROS2_ServiceRobot/kaia_ws/install/kaiaai_msgs/lib/python3.10/site-packages:/home/duong/Arduino/ROS2_ServiceRobot/kaia_ws/build/kaiaai:/home/duong/Arduino/ROS2_ServiceRobot/kaia_ws/install/kaiaai/lib/python3.10/site-packages:/home/duong/Arduino/ROS2_ServiceRobot/uros_ws/install/micro_ros_msgs/lib/python3.10/site-packages:/home/duong/Arduino/ROS2_ServiceRobot/uros_ws/install/drive_base_msgs/lib/python3.10/site-packages:/opt/ros/iron/lib/python3.10/site-packages'), ('COLCON', '1'), ('CMAKE_PREFIX_PATH', '/home/duong/Arduino/ROS2_ServiceRobot/kaia_ws/install/kaiaai_telemetry:/home/duong/Arduino/ROS2_ServiceRobot/kaia_ws/install/makerspet_snoopy:/home/duong/Arduino/ROS2_ServiceRobot/kaia_ws/install/makerspet_mini:/home/duong/Arduino/ROS2_ServiceRobot/kaia_ws/install/makerspet_loki:/home/duong/Arduino/ROS2_ServiceRobot/kaia_ws/install/kaiaai_msgs:/home/duong/Arduino/ROS2_ServiceRobot/uros_ws/install/micro_ros_setup:/home/duong/Arduino/ROS2_ServiceRobot/uros_ws/install/micro_ros_agent:/home/duong/Arduino/ROS2_ServiceRobot/uros_ws/install/micro_ros_msgs:/home/duong/Arduino/ROS2_ServiceRobot/uros_ws/install/drive_base_msgs:/opt/ros/iron')]), 'shell': False}
[33.709220] (-) TimerEvent: {}
[33.740793] (kaiaai_bringup) CommandEnded: {'returncode': 0}
[33.742009] (kaiaai_bringup) JobProgress: {'identifier': 'kaiaai_bringup', 'progress': 'install'}
[33.742540] (kaiaai_bringup) Command: {'cmd': ['/usr/bin/cmake', '--install', '/home/duong/Arduino/ROS2_ServiceRobot/kaia_ws/build/kaiaai_bringup'], 'cwd': '/home/duong/Arduino/ROS2_ServiceRobot/kaia_ws/build/kaiaai_bringup', 'env': OrderedDict([('SHLVL', '0'), ('LD_LIBRARY_PATH', '/home/duong/Arduino/ROS2_ServiceRobot/kaia_ws/install/kaiaai_msgs/lib:/home/duong/Arduino/ROS2_ServiceRobot/uros_ws/install/micro_ros_agent/lib:/home/duong/Arduino/ROS2_ServiceRobot/uros_ws/install/micro_ros_msgs/lib:/home/duong/Arduino/ROS2_ServiceRobot/uros_ws/install/drive_base_msgs/lib:/usr/lib/x86_64-linux-gnu/gazebo-11/plugins:/opt/ros/iron/opt/rviz_ogre_vendor/lib:/opt/ros/iron/lib/x86_64-linux-gnu:/opt/ros/iron/lib'), ('HOME', '/tmp'), ('ROS_PYTHON_VERSION', '3'), ('COLCON_PREFIX_PATH', '/home/duong/Arduino/ROS2_ServiceRobot/uros_ws/install'), ('ROS_DISTRO', 'iron'), ('_', '/usr/bin/colcon'), ('ROS_VERSION', '2'), ('PATH', '/opt/ros/iron/bin:/usr/local/bin:/usr/bin:/bin'), ('LANG', 'C.UTF-8'), ('AMENT_PREFIX_PATH', '/home/duong/Arduino/ROS2_ServiceRobot/kaia_ws/install/kaiaai_telemetry:/home/duong/Arduino/ROS2_ServiceRobot/kaia_ws/install/makerspet_snoopy:/home/duong/Arduino/ROS2_ServiceRobot/kaia_ws/install/makerspet_mini:/home/duong/Arduino/ROS2_ServiceRobot/kaia_ws/install/makerspet_loki:/home/duong/Arduino/ROS2_ServiceRobot/kaia_ws/install/kaiaai_teleop:/home/duong/Arduino/ROS2_ServiceRobot/kaia_ws/install/kaiaai_msgs:/home/duong/Arduino/ROS2_ServiceRobot/kaia_ws/install/kaiaai:/home/duong/Arduino/ROS2_ServiceRobot/uros_ws/install/micro_ros_setup:/home/duong/Arduino/ROS2_ServiceRobot/uros_ws/install/micro_ros_agent:/home/duong/Arduino/ROS2_ServiceRobot/uros_ws/install/micro_ros_msgs:/home/duong/Arduino/ROS2_ServiceRobot/uros_ws/install/drive_base_msgs:/opt/ros/iron'), ('ROS_AUTOMATIC_DISCOVERY_RANGE', 'SUBNET'), ('PWD', '/home/duong/Arduino/ROS2_ServiceRobot/kaia_ws/build/kaiaai_bringup'), ('LC_ALL', 'C.UTF-8'), ('PYTHONPATH', '/home/duong/Arduino/ROS2_ServiceRobot/kaia_ws/build/kaiaai_teleop:/home/duong/Arduino/ROS2_ServiceRobot/kaia_ws/install/kaiaai_teleop/lib/python3.10/site-packages:/home/duong/Arduino/ROS2_ServiceRobot/kaia_ws/install/kaiaai_msgs/lib/python3.10/site-packages:/home/duong/Arduino/ROS2_ServiceRobot/kaia_ws/build/kaiaai:/home/duong/Arduino/ROS2_ServiceRobot/kaia_ws/install/kaiaai/lib/python3.10/site-packages:/home/duong/Arduino/ROS2_ServiceRobot/uros_ws/install/micro_ros_msgs/lib/python3.10/site-packages:/home/duong/Arduino/ROS2_ServiceRobot/uros_ws/install/drive_base_msgs/lib/python3.10/site-packages:/opt/ros/iron/lib/python3.10/site-packages'), ('COLCON', '1'), ('CMAKE_PREFIX_PATH', '/home/duong/Arduino/ROS2_ServiceRobot/kaia_ws/install/kaiaai_telemetry:/home/duong/Arduino/ROS2_ServiceRobot/kaia_ws/install/makerspet_snoopy:/home/duong/Arduino/ROS2_ServiceRobot/kaia_ws/install/makerspet_mini:/home/duong/Arduino/ROS2_ServiceRobot/kaia_ws/install/makerspet_loki:/home/duong/Arduino/ROS2_ServiceRobot/kaia_ws/install/kaiaai_msgs:/home/duong/Arduino/ROS2_ServiceRobot/uros_ws/install/micro_ros_setup:/home/duong/Arduino/ROS2_ServiceRobot/uros_ws/install/micro_ros_agent:/home/duong/Arduino/ROS2_ServiceRobot/uros_ws/install/micro_ros_msgs:/home/duong/Arduino/ROS2_ServiceRobot/uros_ws/install/drive_base_msgs:/opt/ros/iron')]), 'shell': False}
[33.752623] (kaiaai_bringup) StdoutLine: {'line': b'-- Install configuration: ""\n'}
[33.753063] (kaiaai_bringup) StdoutLine: {'line': b'-- Execute custom install script\n'}
[33.753658] (kaiaai_bringup) StdoutLine: {'line': b'-- Symlinking: /home/duong/Arduino/ROS2_ServiceRobot/kaia_ws/install/kaiaai_bringup/share/kaiaai_bringup/launch/cartographer.launch.py\n'}
[33.764434] (kaiaai_bringup) StdoutLine: {'line': b'-- Symlinking: /home/duong/Arduino/ROS2_ServiceRobot/kaia_ws/install/kaiaai_bringup/share/kaiaai_bringup/launch/edit_urdf.launch.py\n'}
[33.775737] (kaiaai_bringup) StdoutLine: {'line': b'-- Symlinking: /home/duong/Arduino/ROS2_ServiceRobot/kaia_ws/install/kaiaai_bringup/share/kaiaai_bringup/launch/explore.launch.py\n'}
[33.787204] (kaiaai_bringup) StdoutLine: {'line': b'-- Symlinking: /home/duong/Arduino/ROS2_ServiceRobot/kaia_ws/install/kaiaai_bringup/share/kaiaai_bringup/launch/inspect_urdf.launch.py\n'}
[33.807904] (kaiaai_bringup) StdoutLine: {'line': b'-- Symlinking: /home/duong/Arduino/ROS2_ServiceRobot/kaia_ws/install/kaiaai_bringup/share/kaiaai_bringup/launch/monitor_robot.launch.py\n'}
[33.809314] (-) TimerEvent: {}
[33.819356] (kaiaai_bringup) StdoutLine: {'line': b'-- Symlinking: /home/duong/Arduino/ROS2_ServiceRobot/kaia_ws/install/kaiaai_bringup/share/kaiaai_bringup/launch/navigation.launch.py\n'}
[33.830581] (kaiaai_bringup) StdoutLine: {'line': b'-- Symlinking: /home/duong/Arduino/ROS2_ServiceRobot/kaia_ws/install/kaiaai_bringup/share/kaiaai_bringup/launch/occupancy_grid.launch.py\n'}
[33.841875] (kaiaai_bringup) StdoutLine: {'line': b'-- Symlinking: /home/duong/Arduino/ROS2_ServiceRobot/kaia_ws/install/kaiaai_bringup/share/kaiaai_bringup/launch/physical.launch.py\n'}
[33.853371] (kaiaai_bringup) StdoutLine: {'line': b'-- Symlinking: /home/duong/Arduino/ROS2_ServiceRobot/kaia_ws/install/kaiaai_bringup/share/kaiaai_bringup/launch/publish_urdf.launch.py\n'}
[33.877470] (kaiaai_bringup) StdoutLine: {'line': b'-- Symlinking: /home/duong/Arduino/ROS2_ServiceRobot/kaia_ws/install/kaiaai_bringup/lib/kaiaai_bringup/watch_urdf.sh\n'}
[33.889773] (kaiaai_bringup) StdoutLine: {'line': b'-- Symlinking: /home/duong/Arduino/ROS2_ServiceRobot/kaia_ws/install/kaiaai_bringup/lib/kaiaai_bringup/upload_robot_description_github.sh\n'}
[33.901224] (kaiaai_bringup) StdoutLine: {'line': b'-- Symlinking: /home/duong/Arduino/ROS2_ServiceRobot/kaia_ws/install/kaiaai_bringup/share/ament_index/resource_index/package_run_dependencies/kaiaai_bringup\n'}
[33.909487] (-) TimerEvent: {}
[33.912929] (kaiaai_bringup) StdoutLine: {'line': b'-- Symlinking: /home/duong/Arduino/ROS2_ServiceRobot/kaia_ws/install/kaiaai_bringup/share/ament_index/resource_index/parent_prefix_path/kaiaai_bringup\n'}
[33.924935] (kaiaai_bringup) StdoutLine: {'line': b'-- Symlinking: /home/duong/Arduino/ROS2_ServiceRobot/kaia_ws/install/kaiaai_bringup/share/kaiaai_bringup/environment/ament_prefix_path.sh\n'}
[33.936622] (kaiaai_bringup) StdoutLine: {'line': b'-- Symlinking: /home/duong/Arduino/ROS2_ServiceRobot/kaia_ws/install/kaiaai_bringup/share/kaiaai_bringup/environment/ament_prefix_path.dsv\n'}
[33.948438] (kaiaai_bringup) StdoutLine: {'line': b'-- Symlinking: /home/duong/Arduino/ROS2_ServiceRobot/kaia_ws/install/kaiaai_bringup/share/kaiaai_bringup/environment/path.sh\n'}
[33.960304] (kaiaai_bringup) StdoutLine: {'line': b'-- Symlinking: /home/duong/Arduino/ROS2_ServiceRobot/kaia_ws/install/kaiaai_bringup/share/kaiaai_bringup/environment/path.dsv\n'}
[33.972090] (kaiaai_bringup) StdoutLine: {'line': b'-- Symlinking: /home/duong/Arduino/ROS2_ServiceRobot/kaia_ws/install/kaiaai_bringup/share/kaiaai_bringup/local_setup.bash\n'}
[33.983442] (kaiaai_bringup) StdoutLine: {'line': b'-- Symlinking: /home/duong/Arduino/ROS2_ServiceRobot/kaia_ws/install/kaiaai_bringup/share/kaiaai_bringup/local_setup.sh\n'}
[33.995065] (kaiaai_bringup) StdoutLine: {'line': b'-- Symlinking: /home/duong/Arduino/ROS2_ServiceRobot/kaia_ws/install/kaiaai_bringup/share/kaiaai_bringup/local_setup.zsh\n'}
[34.006769] (kaiaai_bringup) StdoutLine: {'line': b'-- Symlinking: /home/duong/Arduino/ROS2_ServiceRobot/kaia_ws/install/kaiaai_bringup/share/kaiaai_bringup/local_setup.dsv\n'}
[34.009644] (-) TimerEvent: {}
[34.019137] (kaiaai_bringup) StdoutLine: {'line': b'-- Symlinking: /home/duong/Arduino/ROS2_ServiceRobot/kaia_ws/install/kaiaai_bringup/share/kaiaai_bringup/package.dsv\n'}
[34.031066] (kaiaai_bringup) StdoutLine: {'line': b'-- Symlinking: /home/duong/Arduino/ROS2_ServiceRobot/kaia_ws/install/kaiaai_bringup/share/ament_index/resource_index/packages/kaiaai_bringup\n'}
[34.042285] (kaiaai_bringup) StdoutLine: {'line': b'-- Symlinking: /home/duong/Arduino/ROS2_ServiceRobot/kaia_ws/install/kaiaai_bringup/share/kaiaai_bringup/cmake/kaiaai_bringupConfig.cmake\n'}
[34.053458] (kaiaai_bringup) StdoutLine: {'line': b'-- Symlinking: /home/duong/Arduino/ROS2_ServiceRobot/kaia_ws/install/kaiaai_bringup/share/kaiaai_bringup/cmake/kaiaai_bringupConfig-version.cmake\n'}
[34.064477] (kaiaai_bringup) StdoutLine: {'line': b'-- Symlinking: /home/duong/Arduino/ROS2_ServiceRobot/kaia_ws/install/kaiaai_bringup/share/kaiaai_bringup/package.xml\n'}
[34.079205] (kaiaai_bringup) CommandEnded: {'returncode': 0}
[34.091098] (kaiaai_bringup) JobEnded: {'identifier': 'kaiaai_bringup', 'rc': 0}
[34.109807] (-) TimerEvent: {}
[34.210118] (-) TimerEvent: {}
[34.310430] (-) TimerEvent: {}
[34.410725] (-) TimerEvent: {}
[34.511056] (-) TimerEvent: {}
[34.611384] (-) TimerEvent: {}
[34.711710] (-) TimerEvent: {}
[34.812018] (-) TimerEvent: {}
[34.912301] (-) TimerEvent: {}
[35.012572] (-) TimerEvent: {}
[35.112802] (-) TimerEvent: {}
[35.213067] (-) TimerEvent: {}
[35.313313] (-) TimerEvent: {}
[35.413579] (-) TimerEvent: {}
[35.427625] (auto_mapper) StdoutLine: {'line': b'[100%] Built target auto_mapper\n'}
[35.443535] (auto_mapper) CommandEnded: {'returncode': 0}
[35.444859] (auto_mapper) JobProgress: {'identifier': 'auto_mapper', 'progress': 'install'}
[35.446252] (auto_mapper) Command: {'cmd': ['/usr/bin/cmake', '--install', '/home/duong/Arduino/ROS2_ServiceRobot/kaia_ws/build/auto_mapper'], 'cwd': '/home/duong/Arduino/ROS2_ServiceRobot/kaia_ws/build/auto_mapper', 'env': OrderedDict([('SHLVL', '0'), ('LD_LIBRARY_PATH', '/home/duong/Arduino/ROS2_ServiceRobot/uros_ws/install/micro_ros_agent/lib:/home/duong/Arduino/ROS2_ServiceRobot/uros_ws/install/micro_ros_msgs/lib:/home/duong/Arduino/ROS2_ServiceRobot/uros_ws/install/drive_base_msgs/lib:/usr/lib/x86_64-linux-gnu/gazebo-11/plugins:/opt/ros/iron/opt/rviz_ogre_vendor/lib:/opt/ros/iron/lib/x86_64-linux-gnu:/opt/ros/iron/lib'), ('HOME', '/tmp'), ('ROS_PYTHON_VERSION', '3'), ('COLCON_PREFIX_PATH', '/home/duong/Arduino/ROS2_ServiceRobot/uros_ws/install'), ('ROS_DISTRO', 'iron'), ('_', '/usr/bin/colcon'), ('ROS_VERSION', '2'), ('PATH', '/opt/ros/iron/bin:/usr/local/bin:/usr/bin:/bin'), ('LANG', 'C.UTF-8'), ('AMENT_PREFIX_PATH', '/home/duong/Arduino/ROS2_ServiceRobot/uros_ws/install/micro_ros_setup:/home/duong/Arduino/ROS2_ServiceRobot/uros_ws/install/micro_ros_agent:/home/duong/Arduino/ROS2_ServiceRobot/uros_ws/install/micro_ros_msgs:/home/duong/Arduino/ROS2_ServiceRobot/uros_ws/install/drive_base_msgs:/opt/ros/iron'), ('ROS_AUTOMATIC_DISCOVERY_RANGE', 'SUBNET'), ('PWD', '/home/duong/Arduino/ROS2_ServiceRobot/kaia_ws/build/auto_mapper'), ('LC_ALL', 'C.UTF-8'), ('PYTHONPATH', '/home/duong/Arduino/ROS2_ServiceRobot/uros_ws/install/micro_ros_msgs/lib/python3.10/site-packages:/home/duong/Arduino/ROS2_ServiceRobot/uros_ws/install/drive_base_msgs/lib/python3.10/site-packages:/opt/ros/iron/lib/python3.10/site-packages'), ('COLCON', '1'), ('CMAKE_PREFIX_PATH', '/home/duong/Arduino/ROS2_ServiceRobot/uros_ws/install/micro_ros_setup:/home/duong/Arduino/ROS2_ServiceRobot/uros_ws/install/micro_ros_agent:/home/duong/Arduino/ROS2_ServiceRobot/uros_ws/install/micro_ros_msgs:/home/duong/Arduino/ROS2_ServiceRobot/uros_ws/install/drive_base_msgs:/opt/ros/iron')]), 'shell': False}
[35.466859] (auto_mapper) StdoutLine: {'line': b'-- Install configuration: ""\n'}
[35.467756] (auto_mapper) StdoutLine: {'line': b'-- Execute custom install script\n'}
[35.468140] (auto_mapper) StdoutLine: {'line': b'-- Symlinking: /home/duong/Arduino/ROS2_ServiceRobot/kaia_ws/install/auto_mapper/lib/auto_mapper/auto_mapper\n'}
[35.489187] (auto_mapper) StdoutLine: {'line': b'-- Symlinking: /home/duong/Arduino/ROS2_ServiceRobot/kaia_ws/install/auto_mapper/share/auto_mapper/config/mapper_params_online_async.yaml\n'}
[35.499851] (auto_mapper) StdoutLine: {'line': b'-- Symlinking: /home/duong/Arduino/ROS2_ServiceRobot/kaia_ws/install/auto_mapper/share/auto_mapper/config/nav2_params.yaml\n'}
[35.510094] (auto_mapper) StdoutLine: {'line': b'-- Symlinking: /home/duong/Arduino/ROS2_ServiceRobot/kaia_ws/install/auto_mapper/share/auto_mapper/launch/auto_mapper.launch.py\n'}
[35.513693] (-) TimerEvent: {}
[35.533083] (auto_mapper) StdoutLine: {'line': b'-- Symlinking: /home/duong/Arduino/ROS2_ServiceRobot/kaia_ws/install/auto_mapper/share/auto_mapper/launch/bringup_launch.py\n'}
[35.554917] (auto_mapper) StdoutLine: {'line': b'-- Symlinking: /home/duong/Arduino/ROS2_ServiceRobot/kaia_ws/install/auto_mapper/share/auto_mapper/launch/online_async_launch.py\n'}
[35.566067] (auto_mapper) StdoutLine: {'line': b'-- Symlinking: /home/duong/Arduino/ROS2_ServiceRobot/kaia_ws/install/auto_mapper/share/auto_mapper/rviz/config.rviz\n'}
[35.586496] (auto_mapper) StdoutLine: {'line': b'-- Symlinking: /home/duong/Arduino/ROS2_ServiceRobot/kaia_ws/install/auto_mapper/share/ament_index/resource_index/package_run_dependencies/auto_mapper\n'}
[35.599157] (auto_mapper) StdoutLine: {'line': b'-- Symlinking: /home/duong/Arduino/ROS2_ServiceRobot/kaia_ws/install/auto_mapper/share/ament_index/resource_index/parent_prefix_path/auto_mapper\n'}
[35.613809] (-) TimerEvent: {}
[35.617881] (auto_mapper) StdoutLine: {'line': b'-- Symlinking: /home/duong/Arduino/ROS2_ServiceRobot/kaia_ws/install/auto_mapper/share/auto_mapper/environment/ament_prefix_path.sh\n'}
[35.629339] (auto_mapper) StdoutLine: {'line': b'-- Symlinking: /home/duong/Arduino/ROS2_ServiceRobot/kaia_ws/install/auto_mapper/share/auto_mapper/environment/ament_prefix_path.dsv\n'}
[35.651319] (auto_mapper) StdoutLine: {'line': b'-- Symlinking: /home/duong/Arduino/ROS2_ServiceRobot/kaia_ws/install/auto_mapper/share/auto_mapper/environment/path.sh\n'}
[35.662098] (auto_mapper) StdoutLine: {'line': b'-- Symlinking: /home/duong/Arduino/ROS2_ServiceRobot/kaia_ws/install/auto_mapper/share/auto_mapper/environment/path.dsv\n'}
[35.673274] (auto_mapper) StdoutLine: {'line': b'-- Symlinking: /home/duong/Arduino/ROS2_ServiceRobot/kaia_ws/install/auto_mapper/share/auto_mapper/local_setup.bash\n'}
[35.684366] (auto_mapper) StdoutLine: {'line': b'-- Symlinking: /home/duong/Arduino/ROS2_ServiceRobot/kaia_ws/install/auto_mapper/share/auto_mapper/local_setup.sh\n'}
[35.695389] (auto_mapper) StdoutLine: {'line': b'-- Symlinking: /home/duong/Arduino/ROS2_ServiceRobot/kaia_ws/install/auto_mapper/share/auto_mapper/local_setup.zsh\n'}
[35.706592] (auto_mapper) StdoutLine: {'line': b'-- Symlinking: /home/duong/Arduino/ROS2_ServiceRobot/kaia_ws/install/auto_mapper/share/auto_mapper/local_setup.dsv\n'}
[35.713964] (-) TimerEvent: {}
[35.717627] (auto_mapper) StdoutLine: {'line': b'-- Symlinking: /home/duong/Arduino/ROS2_ServiceRobot/kaia_ws/install/auto_mapper/share/auto_mapper/package.dsv\n'}
[35.738897] (auto_mapper) StdoutLine: {'line': b'-- Symlinking: /home/duong/Arduino/ROS2_ServiceRobot/kaia_ws/install/auto_mapper/share/ament_index/resource_index/packages/auto_mapper\n'}
[35.751084] (auto_mapper) StdoutLine: {'line': b'-- Symlinking: /home/duong/Arduino/ROS2_ServiceRobot/kaia_ws/install/auto_mapper/share/auto_mapper/cmake/auto_mapperConfig.cmake\n'}
[35.762508] (auto_mapper) StdoutLine: {'line': b'-- Symlinking: /home/duong/Arduino/ROS2_ServiceRobot/kaia_ws/install/auto_mapper/share/auto_mapper/cmake/auto_mapperConfig-version.cmake\n'}
[35.774297] (auto_mapper) StdoutLine: {'line': b'-- Symlinking: /home/duong/Arduino/ROS2_ServiceRobot/kaia_ws/install/auto_mapper/share/auto_mapper/package.xml\n'}
[35.790281] (auto_mapper) CommandEnded: {'returncode': 0}
[35.814203] (-) TimerEvent: {}
[35.816263] (auto_mapper) JobEnded: {'identifier': 'auto_mapper', 'rc': 0}
[35.817307] (-) EventReactorShutdown: {}
