[0.154s] DEBUG:colcon:Command line arguments: ['/usr/bin/colcon', '--log-base', 'log', 'build', '--base-paths', 'src', '--build-base', 'build', '--install-base', 'install', '--symlink-install']
[0.155s] DEBUG:colcon:Parsed command line arguments: Namespace(log_base='log', log_level=None, verb_name='build', build_base='/home/duong/Arduino/ROS2_ServiceRobot/kaia_ws/build', install_base='/home/duong/Arduino/ROS2_ServiceRobot/kaia_ws/install', merge_install=False, symlink_install=True, test_result_base=None, continue_on_error=False, executor='parallel', parallel_workers=12, event_handlers=None, ignore_user_meta=False, metas=['./colcon.meta'], base_paths=['src'], packages_ignore=None, packages_ignore_regex=None, paths=None, packages_up_to=None, packages_up_to_regex=None, packages_above=None, packages_above_and_dependencies=None, packages_above_depth=None, packages_select_by_dep=None, packages_skip_by_dep=None, packages_skip_up_to=None, packages_select_build_failed=False, packages_skip_build_finished=False, packages_select_test_failures=False, packages_skip_test_passed=False, packages_select=None, packages_skip=None, packages_select_regex=None, packages_skip_regex=None, packages_start=None, packages_end=None, allow_overriding=[], cmake_args=None, cmake_target=None, cmake_target_skip_unavailable=False, cmake_clean_cache=False, cmake_clean_first=False, cmake_force_configure=False, ament_cmake_args=None, catkin_cmake_args=None, catkin_skip_building_tests=False, mixin_files=None, mixin=None, verb_parser=<colcon_mixin.mixin.mixin_argument.MixinArgumentDecorator object at 0x7dd5535315d0>, verb_extension=<colcon_core.verb.build.BuildVerb object at 0x7dd553531060>, main=<bound method BuildVerb.main of <colcon_core.verb.build.BuildVerb object at 0x7dd553531060>>, mixin_verb=('build',))
[0.409s] Level 1:colcon.colcon_core.package_discovery:discover_packages(colcon_meta) check parameters
[0.409s] Level 1:colcon.colcon_core.package_discovery:discover_packages(recursive) check parameters
[0.409s] Level 1:colcon.colcon_core.package_discovery:discover_packages(ignore) check parameters
[0.409s] Level 1:colcon.colcon_core.package_discovery:discover_packages(path) check parameters
[0.409s] Level 1:colcon.colcon_core.package_discovery:discover_packages(recursive) discover
[0.409s] INFO:colcon.colcon_core.package_discovery:Crawling recursively for packages in '/home/duong/Arduino/ROS2_ServiceRobot/kaia_ws/src'
[0.409s] Level 1:colcon.colcon_core.package_identification:_identify(src) by extensions ['ignore', 'ignore_ament_install']
[0.410s] Level 1:colcon.colcon_core.package_identification:_identify(src) by extension 'ignore'
[0.410s] Level 1:colcon.colcon_core.package_identification:_identify(src) by extension 'ignore_ament_install'
[0.410s] Level 1:colcon.colcon_core.package_identification:_identify(src) by extensions ['colcon_pkg']
[0.410s] Level 1:colcon.colcon_core.package_identification:_identify(src) by extension 'colcon_pkg'
[0.410s] Level 1:colcon.colcon_core.package_identification:_identify(src) by extensions ['colcon_meta']
[0.410s] Level 1:colcon.colcon_core.package_identification:_identify(src) by extension 'colcon_meta'
[0.410s] Level 1:colcon.colcon_core.package_identification:_identify(src) by extensions ['ros']
[0.410s] Level 1:colcon.colcon_core.package_identification:_identify(src) by extension 'ros'
[0.427s] Level 1:colcon.colcon_core.package_identification:_identify(src) by extensions ['cmake', 'python']
[0.427s] Level 1:colcon.colcon_core.package_identification:_identify(src) by extension 'cmake'
[0.427s] Level 1:colcon.colcon_core.package_identification:_identify(src) by extension 'python'
[0.427s] Level 1:colcon.colcon_core.package_identification:_identify(src) by extensions ['python_setup_py']
[0.427s] Level 1:colcon.colcon_core.package_identification:_identify(src) by extension 'python_setup_py'
[0.427s] Level 1:colcon.colcon_core.package_identification:_identify(src/auto_mapper) by extensions ['ignore', 'ignore_ament_install']
[0.427s] Level 1:colcon.colcon_core.package_identification:_identify(src/auto_mapper) by extension 'ignore'
[0.427s] Level 1:colcon.colcon_core.package_identification:_identify(src/auto_mapper) by extension 'ignore_ament_install'
[0.427s] Level 1:colcon.colcon_core.package_identification:_identify(src/auto_mapper) by extensions ['colcon_pkg']
[0.427s] Level 1:colcon.colcon_core.package_identification:_identify(src/auto_mapper) by extension 'colcon_pkg'
[0.427s] Level 1:colcon.colcon_core.package_identification:_identify(src/auto_mapper) by extensions ['colcon_meta']
[0.427s] Level 1:colcon.colcon_core.package_identification:_identify(src/auto_mapper) by extension 'colcon_meta'
[0.427s] Level 1:colcon.colcon_core.package_identification:_identify(src/auto_mapper) by extensions ['ros']
[0.428s] Level 1:colcon.colcon_core.package_identification:_identify(src/auto_mapper) by extension 'ros'
[0.447s] DEBUG:colcon.colcon_core.package_identification:Package 'src/auto_mapper' with type 'ros.ament_cmake' and name 'auto_mapper'
[0.447s] Level 1:colcon.colcon_core.package_identification:_identify(src/kaiaai) by extensions ['ignore', 'ignore_ament_install']
[0.447s] Level 1:colcon.colcon_core.package_identification:_identify(src/kaiaai) by extension 'ignore'
[0.447s] Level 1:colcon.colcon_core.package_identification:_identify(src/kaiaai) by extension 'ignore_ament_install'
[0.447s] Level 1:colcon.colcon_core.package_identification:_identify(src/kaiaai) by extensions ['colcon_pkg']
[0.447s] Level 1:colcon.colcon_core.package_identification:_identify(src/kaiaai) by extension 'colcon_pkg'
[0.447s] Level 1:colcon.colcon_core.package_identification:_identify(src/kaiaai) by extensions ['colcon_meta']
[0.448s] Level 1:colcon.colcon_core.package_identification:_identify(src/kaiaai) by extension 'colcon_meta'
[0.448s] Level 1:colcon.colcon_core.package_identification:_identify(src/kaiaai) by extensions ['ros']
[0.448s] Level 1:colcon.colcon_core.package_identification:_identify(src/kaiaai) by extension 'ros'
[0.448s] DEBUG:colcon.colcon_core.package_identification:Package 'src/kaiaai' with type 'ros.ament_python' and name 'kaiaai'
[0.449s] Level 1:colcon.colcon_core.package_identification:_identify(src/kaiaai_apps) by extensions ['ignore', 'ignore_ament_install']
[0.449s] Level 1:colcon.colcon_core.package_identification:_identify(src/kaiaai_apps) by extension 'ignore'
[0.449s] Level 1:colcon.colcon_core.package_identification:_identify(src/kaiaai_apps) by extension 'ignore_ament_install'
[0.449s] Level 1:colcon.colcon_core.package_identification:_identify(src/kaiaai_apps) by extensions ['colcon_pkg']
[0.449s] Level 1:colcon.colcon_core.package_identification:_identify(src/kaiaai_apps) by extension 'colcon_pkg'
[0.449s] Level 1:colcon.colcon_core.package_identification:_identify(src/kaiaai_apps) by extensions ['colcon_meta']
[0.449s] Level 1:colcon.colcon_core.package_identification:_identify(src/kaiaai_apps) by extension 'colcon_meta'
[0.449s] Level 1:colcon.colcon_core.package_identification:_identify(src/kaiaai_apps) by extensions ['ros']
[0.449s] Level 1:colcon.colcon_core.package_identification:_identify(src/kaiaai_apps) by extension 'ros'
[0.450s] DEBUG:colcon.colcon_core.package_identification:Package 'src/kaiaai_apps' with type 'ros.ament_python' and name 'kaiaai_apps'
[0.450s] Level 1:colcon.colcon_core.package_identification:_identify(src/kaiaai_bringup) by extensions ['ignore', 'ignore_ament_install']
[0.450s] Level 1:colcon.colcon_core.package_identification:_identify(src/kaiaai_bringup) by extension 'ignore'
[0.450s] Level 1:colcon.colcon_core.package_identification:_identify(src/kaiaai_bringup) by extension 'ignore_ament_install'
[0.450s] Level 1:colcon.colcon_core.package_identification:_identify(src/kaiaai_bringup) by extensions ['colcon_pkg']
[0.450s] Level 1:colcon.colcon_core.package_identification:_identify(src/kaiaai_bringup) by extension 'colcon_pkg'
[0.450s] Level 1:colcon.colcon_core.package_identification:_identify(src/kaiaai_bringup) by extensions ['colcon_meta']
[0.450s] Level 1:colcon.colcon_core.package_identification:_identify(src/kaiaai_bringup) by extension 'colcon_meta'
[0.450s] Level 1:colcon.colcon_core.package_identification:_identify(src/kaiaai_bringup) by extensions ['ros']
[0.450s] Level 1:colcon.colcon_core.package_identification:_identify(src/kaiaai_bringup) by extension 'ros'
[0.451s] DEBUG:colcon.colcon_core.package_identification:Package 'src/kaiaai_bringup' with type 'ros.ament_cmake' and name 'kaiaai_bringup'
[0.452s] Level 1:colcon.colcon_core.package_identification:_identify(src/kaiaai_gazebo) by extensions ['ignore', 'ignore_ament_install']
[0.452s] Level 1:colcon.colcon_core.package_identification:_identify(src/kaiaai_gazebo) by extension 'ignore'
[0.452s] Level 1:colcon.colcon_core.package_identification:_identify(src/kaiaai_gazebo) by extension 'ignore_ament_install'
[0.452s] Level 1:colcon.colcon_core.package_identification:_identify(src/kaiaai_gazebo) by extensions ['colcon_pkg']
[0.452s] Level 1:colcon.colcon_core.package_identification:_identify(src/kaiaai_gazebo) by extension 'colcon_pkg'
[0.452s] Level 1:colcon.colcon_core.package_identification:_identify(src/kaiaai_gazebo) by extensions ['colcon_meta']
[0.452s] Level 1:colcon.colcon_core.package_identification:_identify(src/kaiaai_gazebo) by extension 'colcon_meta'
[0.452s] Level 1:colcon.colcon_core.package_identification:_identify(src/kaiaai_gazebo) by extensions ['ros']
[0.452s] Level 1:colcon.colcon_core.package_identification:_identify(src/kaiaai_gazebo) by extension 'ros'
[0.453s] DEBUG:colcon.colcon_core.package_identification:Package 'src/kaiaai_gazebo' with type 'ros.ament_cmake' and name 'kaiaai_gazebo'
[0.453s] Level 1:colcon.colcon_core.package_identification:_identify(src/kaiaai_msgs) by extensions ['ignore', 'ignore_ament_install']
[0.454s] Level 1:colcon.colcon_core.package_identification:_identify(src/kaiaai_msgs) by extension 'ignore'
[0.454s] Level 1:colcon.colcon_core.package_identification:_identify(src/kaiaai_msgs) by extension 'ignore_ament_install'
[0.454s] Level 1:colcon.colcon_core.package_identification:_identify(src/kaiaai_msgs) by extensions ['colcon_pkg']
[0.454s] Level 1:colcon.colcon_core.package_identification:_identify(src/kaiaai_msgs) by extension 'colcon_pkg'
[0.454s] Level 1:colcon.colcon_core.package_identification:_identify(src/kaiaai_msgs) by extensions ['colcon_meta']
[0.454s] Level 1:colcon.colcon_core.package_identification:_identify(src/kaiaai_msgs) by extension 'colcon_meta'
[0.454s] Level 1:colcon.colcon_core.package_identification:_identify(src/kaiaai_msgs) by extensions ['ros']
[0.454s] Level 1:colcon.colcon_core.package_identification:_identify(src/kaiaai_msgs) by extension 'ros'
[0.455s] DEBUG:colcon.colcon_core.package_identification:Package 'src/kaiaai_msgs' with type 'ros.ament_cmake' and name 'kaiaai_msgs'
[0.455s] Level 1:colcon.colcon_core.package_identification:_identify(src/kaiaai_telemetry) by extensions ['ignore', 'ignore_ament_install']
[0.455s] Level 1:colcon.colcon_core.package_identification:_identify(src/kaiaai_telemetry) by extension 'ignore'
[0.455s] Level 1:colcon.colcon_core.package_identification:_identify(src/kaiaai_telemetry) by extension 'ignore_ament_install'
[0.455s] Level 1:colcon.colcon_core.package_identification:_identify(src/kaiaai_telemetry) by extensions ['colcon_pkg']
[0.455s] Level 1:colcon.colcon_core.package_identification:_identify(src/kaiaai_telemetry) by extension 'colcon_pkg'
[0.455s] Level 1:colcon.colcon_core.package_identification:_identify(src/kaiaai_telemetry) by extensions ['colcon_meta']
[0.455s] Level 1:colcon.colcon_core.package_identification:_identify(src/kaiaai_telemetry) by extension 'colcon_meta'
[0.456s] Level 1:colcon.colcon_core.package_identification:_identify(src/kaiaai_telemetry) by extensions ['ros']
[0.456s] Level 1:colcon.colcon_core.package_identification:_identify(src/kaiaai_telemetry) by extension 'ros'
[0.457s] DEBUG:colcon.colcon_core.package_identification:Package 'src/kaiaai_telemetry' with type 'ros.ament_cmake' and name 'kaiaai_telemetry'
[0.457s] Level 1:colcon.colcon_core.package_identification:_identify(src/kaiaai_teleop) by extensions ['ignore', 'ignore_ament_install']
[0.457s] Level 1:colcon.colcon_core.package_identification:_identify(src/kaiaai_teleop) by extension 'ignore'
[0.457s] Level 1:colcon.colcon_core.package_identification:_identify(src/kaiaai_teleop) by extension 'ignore_ament_install'
[0.457s] Level 1:colcon.colcon_core.package_identification:_identify(src/kaiaai_teleop) by extensions ['colcon_pkg']
[0.457s] Level 1:colcon.colcon_core.package_identification:_identify(src/kaiaai_teleop) by extension 'colcon_pkg'
[0.457s] Level 1:colcon.colcon_core.package_identification:_identify(src/kaiaai_teleop) by extensions ['colcon_meta']
[0.457s] Level 1:colcon.colcon_core.package_identification:_identify(src/kaiaai_teleop) by extension 'colcon_meta'
[0.457s] Level 1:colcon.colcon_core.package_identification:_identify(src/kaiaai_teleop) by extensions ['ros']
[0.457s] Level 1:colcon.colcon_core.package_identification:_identify(src/kaiaai_teleop) by extension 'ros'
[0.458s] DEBUG:colcon.colcon_core.package_identification:Package 'src/kaiaai_teleop' with type 'ros.ament_python' and name 'kaiaai_teleop'
[0.459s] Level 1:colcon.colcon_core.package_identification:_identify(src/kaiaai_web) by extensions ['ignore', 'ignore_ament_install']
[0.459s] Level 1:colcon.colcon_core.package_identification:_identify(src/kaiaai_web) by extension 'ignore'
[0.459s] Level 1:colcon.colcon_core.package_identification:_identify(src/kaiaai_web) by extension 'ignore_ament_install'
[0.459s] Level 1:colcon.colcon_core.package_identification:_identify(src/kaiaai_web) by extensions ['colcon_pkg']
[0.459s] Level 1:colcon.colcon_core.package_identification:_identify(src/kaiaai_web) by extension 'colcon_pkg'
[0.459s] Level 1:colcon.colcon_core.package_identification:_identify(src/kaiaai_web) by extensions ['colcon_meta']
[0.459s] Level 1:colcon.colcon_core.package_identification:_identify(src/kaiaai_web) by extension 'colcon_meta'
[0.459s] Level 1:colcon.colcon_core.package_identification:_identify(src/kaiaai_web) by extensions ['ros']
[0.459s] Level 1:colcon.colcon_core.package_identification:_identify(src/kaiaai_web) by extension 'ros'
[0.461s] DEBUG:colcon.colcon_core.package_identification:Package 'src/kaiaai_web' with type 'ros.ament_python' and name 'kaiaai_web'
[0.461s] Level 1:colcon.colcon_core.package_identification:_identify(src/m-explore-ros2) by extensions ['ignore', 'ignore_ament_install']
[0.461s] Level 1:colcon.colcon_core.package_identification:_identify(src/m-explore-ros2) by extension 'ignore'
[0.461s] Level 1:colcon.colcon_core.package_identification:_identify(src/m-explore-ros2) by extension 'ignore_ament_install'
[0.461s] Level 1:colcon.colcon_core.package_identification:_identify(src/m-explore-ros2) by extensions ['colcon_pkg']
[0.461s] Level 1:colcon.colcon_core.package_identification:_identify(src/m-explore-ros2) by extension 'colcon_pkg'
[0.461s] Level 1:colcon.colcon_core.package_identification:_identify(src/m-explore-ros2) by extensions ['colcon_meta']
[0.461s] Level 1:colcon.colcon_core.package_identification:_identify(src/m-explore-ros2) by extension 'colcon_meta'
[0.461s] Level 1:colcon.colcon_core.package_identification:_identify(src/m-explore-ros2) by extensions ['ros']
[0.461s] Level 1:colcon.colcon_core.package_identification:_identify(src/m-explore-ros2) by extension 'ros'
[0.462s] Level 1:colcon.colcon_core.package_identification:_identify(src/m-explore-ros2) by extensions ['cmake', 'python']
[0.462s] Level 1:colcon.colcon_core.package_identification:_identify(src/m-explore-ros2) by extension 'cmake'
[0.462s] Level 1:colcon.colcon_core.package_identification:_identify(src/m-explore-ros2) by extension 'python'
[0.462s] Level 1:colcon.colcon_core.package_identification:_identify(src/m-explore-ros2) by extensions ['python_setup_py']
[0.462s] Level 1:colcon.colcon_core.package_identification:_identify(src/m-explore-ros2) by extension 'python_setup_py'
[0.462s] Level 1:colcon.colcon_core.package_identification:_identify(src/m-explore-ros2/explore) by extensions ['ignore', 'ignore_ament_install']
[0.462s] Level 1:colcon.colcon_core.package_identification:_identify(src/m-explore-ros2/explore) by extension 'ignore'
[0.462s] Level 1:colcon.colcon_core.package_identification:_identify(src/m-explore-ros2/explore) by extension 'ignore_ament_install'
[0.462s] Level 1:colcon.colcon_core.package_identification:_identify(src/m-explore-ros2/explore) by extensions ['colcon_pkg']
[0.462s] Level 1:colcon.colcon_core.package_identification:_identify(src/m-explore-ros2/explore) by extension 'colcon_pkg'
[0.462s] Level 1:colcon.colcon_core.package_identification:_identify(src/m-explore-ros2/explore) by extensions ['colcon_meta']
[0.462s] Level 1:colcon.colcon_core.package_identification:_identify(src/m-explore-ros2/explore) by extension 'colcon_meta'
[0.462s] Level 1:colcon.colcon_core.package_identification:_identify(src/m-explore-ros2/explore) by extensions ['ros']
[0.463s] Level 1:colcon.colcon_core.package_identification:_identify(src/m-explore-ros2/explore) by extension 'ros'
[0.464s] DEBUG:colcon.colcon_core.package_identification:Package 'src/m-explore-ros2/explore' with type 'ros.ament_cmake' and name 'explore_lite'
[0.465s] Level 1:colcon.colcon_core.package_identification:_identify(src/makerspet) by extensions ['ignore', 'ignore_ament_install']
[0.465s] Level 1:colcon.colcon_core.package_identification:_identify(src/makerspet) by extension 'ignore'
[0.465s] Level 1:colcon.colcon_core.package_identification:_identify(src/makerspet) by extension 'ignore_ament_install'
[0.465s] Level 1:colcon.colcon_core.package_identification:_identify(src/makerspet) by extensions ['colcon_pkg']
[0.465s] Level 1:colcon.colcon_core.package_identification:_identify(src/makerspet) by extension 'colcon_pkg'
[0.465s] Level 1:colcon.colcon_core.package_identification:_identify(src/makerspet) by extensions ['colcon_meta']
[0.465s] Level 1:colcon.colcon_core.package_identification:_identify(src/makerspet) by extension 'colcon_meta'
[0.465s] Level 1:colcon.colcon_core.package_identification:_identify(src/makerspet) by extensions ['ros']
[0.465s] Level 1:colcon.colcon_core.package_identification:_identify(src/makerspet) by extension 'ros'
[0.466s] DEBUG:colcon.colcon_core.package_identification:Package 'src/makerspet' with type 'ros.ament_python' and name 'makerspet'
[0.466s] Level 1:colcon.colcon_core.package_identification:_identify(src/makerspet_fido) by extensions ['ignore', 'ignore_ament_install']
[0.466s] Level 1:colcon.colcon_core.package_identification:_identify(src/makerspet_fido) by extension 'ignore'
[0.466s] Level 1:colcon.colcon_core.package_identification:_identify(src/makerspet_fido) by extension 'ignore_ament_install'
[0.466s] Level 1:colcon.colcon_core.package_identification:_identify(src/makerspet_fido) by extensions ['colcon_pkg']
[0.466s] Level 1:colcon.colcon_core.package_identification:_identify(src/makerspet_fido) by extension 'colcon_pkg'
[0.466s] Level 1:colcon.colcon_core.package_identification:_identify(src/makerspet_fido) by extensions ['colcon_meta']
[0.467s] Level 1:colcon.colcon_core.package_identification:_identify(src/makerspet_fido) by extension 'colcon_meta'
[0.467s] Level 1:colcon.colcon_core.package_identification:_identify(src/makerspet_fido) by extensions ['ros']
[0.467s] Level 1:colcon.colcon_core.package_identification:_identify(src/makerspet_fido) by extension 'ros'
[0.467s] DEBUG:colcon.colcon_core.package_identification:Package 'src/makerspet_fido' with type 'ros.ament_cmake' and name 'makerspet_fido'
[0.468s] Level 1:colcon.colcon_core.package_identification:_identify(src/makerspet_loki) by extensions ['ignore', 'ignore_ament_install']
[0.468s] Level 1:colcon.colcon_core.package_identification:_identify(src/makerspet_loki) by extension 'ignore'
[0.468s] Level 1:colcon.colcon_core.package_identification:_identify(src/makerspet_loki) by extension 'ignore_ament_install'
[0.468s] Level 1:colcon.colcon_core.package_identification:_identify(src/makerspet_loki) by extensions ['colcon_pkg']
[0.468s] Level 1:colcon.colcon_core.package_identification:_identify(src/makerspet_loki) by extension 'colcon_pkg'
[0.468s] Level 1:colcon.colcon_core.package_identification:_identify(src/makerspet_loki) by extensions ['colcon_meta']
[0.468s] Level 1:colcon.colcon_core.package_identification:_identify(src/makerspet_loki) by extension 'colcon_meta'
[0.468s] Level 1:colcon.colcon_core.package_identification:_identify(src/makerspet_loki) by extensions ['ros']
[0.468s] Level 1:colcon.colcon_core.package_identification:_identify(src/makerspet_loki) by extension 'ros'
[0.469s] DEBUG:colcon.colcon_core.package_identification:Package 'src/makerspet_loki' with type 'ros.ament_cmake' and name 'makerspet_loki'
[0.469s] Level 1:colcon.colcon_core.package_identification:_identify(src/makerspet_mini) by extensions ['ignore', 'ignore_ament_install']
[0.469s] Level 1:colcon.colcon_core.package_identification:_identify(src/makerspet_mini) by extension 'ignore'
[0.469s] Level 1:colcon.colcon_core.package_identification:_identify(src/makerspet_mini) by extension 'ignore_ament_install'
[0.469s] Level 1:colcon.colcon_core.package_identification:_identify(src/makerspet_mini) by extensions ['colcon_pkg']
[0.469s] Level 1:colcon.colcon_core.package_identification:_identify(src/makerspet_mini) by extension 'colcon_pkg'
[0.469s] Level 1:colcon.colcon_core.package_identification:_identify(src/makerspet_mini) by extensions ['colcon_meta']
[0.469s] Level 1:colcon.colcon_core.package_identification:_identify(src/makerspet_mini) by extension 'colcon_meta'
[0.469s] Level 1:colcon.colcon_core.package_identification:_identify(src/makerspet_mini) by extensions ['ros']
[0.469s] Level 1:colcon.colcon_core.package_identification:_identify(src/makerspet_mini) by extension 'ros'
[0.470s] DEBUG:colcon.colcon_core.package_identification:Package 'src/makerspet_mini' with type 'ros.ament_cmake' and name 'makerspet_mini'
[0.470s] Level 1:colcon.colcon_core.package_identification:_identify(src/makerspet_snoopy) by extensions ['ignore', 'ignore_ament_install']
[0.470s] Level 1:colcon.colcon_core.package_identification:_identify(src/makerspet_snoopy) by extension 'ignore'
[0.470s] Level 1:colcon.colcon_core.package_identification:_identify(src/makerspet_snoopy) by extension 'ignore_ament_install'
[0.470s] Level 1:colcon.colcon_core.package_identification:_identify(src/makerspet_snoopy) by extensions ['colcon_pkg']
[0.471s] Level 1:colcon.colcon_core.package_identification:_identify(src/makerspet_snoopy) by extension 'colcon_pkg'
[0.471s] Level 1:colcon.colcon_core.package_identification:_identify(src/makerspet_snoopy) by extensions ['colcon_meta']
[0.471s] Level 1:colcon.colcon_core.package_identification:_identify(src/makerspet_snoopy) by extension 'colcon_meta'
[0.471s] Level 1:colcon.colcon_core.package_identification:_identify(src/makerspet_snoopy) by extensions ['ros']
[0.471s] Level 1:colcon.colcon_core.package_identification:_identify(src/makerspet_snoopy) by extension 'ros'
[0.471s] DEBUG:colcon.colcon_core.package_identification:Package 'src/makerspet_snoopy' with type 'ros.ament_cmake' and name 'makerspet_snoopy'
[0.472s] Level 1:colcon.colcon_core.package_identification:_identify(src/nav2_wfe) by extensions ['ignore', 'ignore_ament_install']
[0.472s] Level 1:colcon.colcon_core.package_identification:_identify(src/nav2_wfe) by extension 'ignore'
[0.472s] Level 1:colcon.colcon_core.package_identification:_identify(src/nav2_wfe) by extension 'ignore_ament_install'
[0.472s] Level 1:colcon.colcon_core.package_identification:_identify(src/nav2_wfe) by extensions ['colcon_pkg']
[0.472s] Level 1:colcon.colcon_core.package_identification:_identify(src/nav2_wfe) by extension 'colcon_pkg'
[0.472s] Level 1:colcon.colcon_core.package_identification:_identify(src/nav2_wfe) by extensions ['colcon_meta']
[0.472s] Level 1:colcon.colcon_core.package_identification:_identify(src/nav2_wfe) by extension 'colcon_meta'
[0.472s] Level 1:colcon.colcon_core.package_identification:_identify(src/nav2_wfe) by extensions ['ros']
[0.472s] Level 1:colcon.colcon_core.package_identification:_identify(src/nav2_wfe) by extension 'ros'
[0.473s] DEBUG:colcon.colcon_core.package_identification:Package 'src/nav2_wfe' with type 'ros.ament_python' and name 'nav2_wfd'
[0.473s] Level 1:colcon.colcon_core.package_identification:_identify(src/robot_serving_bot) by extensions ['ignore', 'ignore_ament_install']
[0.473s] Level 1:colcon.colcon_core.package_identification:_identify(src/robot_serving_bot) by extension 'ignore'
[0.473s] Level 1:colcon.colcon_core.package_identification:_identify(src/robot_serving_bot) by extension 'ignore_ament_install'
[0.473s] Level 1:colcon.colcon_core.package_identification:_identify(src/robot_serving_bot) by extensions ['colcon_pkg']
[0.473s] Level 1:colcon.colcon_core.package_identification:_identify(src/robot_serving_bot) by extension 'colcon_pkg'
[0.473s] Level 1:colcon.colcon_core.package_identification:_identify(src/robot_serving_bot) by extensions ['colcon_meta']
[0.473s] Level 1:colcon.colcon_core.package_identification:_identify(src/robot_serving_bot) by extension 'colcon_meta'
[0.473s] Level 1:colcon.colcon_core.package_identification:_identify(src/robot_serving_bot) by extensions ['ros']
[0.473s] Level 1:colcon.colcon_core.package_identification:_identify(src/robot_serving_bot) by extension 'ros'
[0.474s] DEBUG:colcon.colcon_core.package_identification:Package 'src/robot_serving_bot' with type 'ros.ament_cmake' and name 'robot_serving_bot'
[0.474s] Level 1:colcon.colcon_core.package_discovery:discover_packages(recursive) using defaults
[0.507s] Level 1:colcon.colcon_core.package_discovery:discover_packages(prefix_path) check parameters
[0.507s] Level 1:colcon.colcon_core.package_discovery:discover_packages(prefix_path) discover
[0.510s] DEBUG:colcon.colcon_installed_package_information.package_discovery:Found 4 installed packages in /home/duong/Arduino/ROS2_ServiceRobot/uros_ws/install
[0.513s] DEBUG:colcon.colcon_installed_package_information.package_discovery:Found 345 installed packages in /opt/ros/iron
[0.515s] Level 1:colcon.colcon_core.package_discovery:discover_packages(prefix_path) using defaults
[0.581s] Level 5:colcon.colcon_core.verb:set package 'auto_mapper' build argument 'cmake_args' from command line to 'None'
[0.581s] Level 5:colcon.colcon_core.verb:set package 'auto_mapper' build argument 'cmake_target' from command line to 'None'
[0.581s] Level 5:colcon.colcon_core.verb:set package 'auto_mapper' build argument 'cmake_target_skip_unavailable' from command line to 'False'
[0.581s] Level 5:colcon.colcon_core.verb:set package 'auto_mapper' build argument 'cmake_clean_cache' from command line to 'False'
[0.581s] Level 5:colcon.colcon_core.verb:set package 'auto_mapper' build argument 'cmake_clean_first' from command line to 'False'
[0.581s] Level 5:colcon.colcon_core.verb:set package 'auto_mapper' build argument 'cmake_force_configure' from command line to 'False'
[0.581s] Level 5:colcon.colcon_core.verb:set package 'auto_mapper' build argument 'ament_cmake_args' from command line to 'None'
[0.581s] Level 5:colcon.colcon_core.verb:set package 'auto_mapper' build argument 'catkin_cmake_args' from command line to 'None'
[0.581s] Level 5:colcon.colcon_core.verb:set package 'auto_mapper' build argument 'catkin_skip_building_tests' from command line to 'False'
[0.581s] DEBUG:colcon.colcon_core.verb:Building package 'auto_mapper' with the following arguments: {'ament_cmake_args': None, 'build_base': '/home/duong/Arduino/ROS2_ServiceRobot/kaia_ws/build/auto_mapper', 'catkin_cmake_args': None, 'catkin_skip_building_tests': False, 'cmake_args': None, 'cmake_clean_cache': False, 'cmake_clean_first': False, 'cmake_force_configure': False, 'cmake_target': None, 'cmake_target_skip_unavailable': False, 'install_base': '/home/duong/Arduino/ROS2_ServiceRobot/kaia_ws/install/auto_mapper', 'merge_install': False, 'path': '/home/duong/Arduino/ROS2_ServiceRobot/kaia_ws/src/auto_mapper', 'symlink_install': True, 'test_result_base': None}
[0.582s] Level 5:colcon.colcon_core.verb:set package 'explore_lite' build argument 'cmake_args' from command line to 'None'
[0.582s] Level 5:colcon.colcon_core.verb:set package 'explore_lite' build argument 'cmake_target' from command line to 'None'
[0.582s] Level 5:colcon.colcon_core.verb:set package 'explore_lite' build argument 'cmake_target_skip_unavailable' from command line to 'False'
[0.582s] Level 5:colcon.colcon_core.verb:set package 'explore_lite' build argument 'cmake_clean_cache' from command line to 'False'
[0.582s] Level 5:colcon.colcon_core.verb:set package 'explore_lite' build argument 'cmake_clean_first' from command line to 'False'
[0.582s] Level 5:colcon.colcon_core.verb:set package 'explore_lite' build argument 'cmake_force_configure' from command line to 'False'
[0.582s] Level 5:colcon.colcon_core.verb:set package 'explore_lite' build argument 'ament_cmake_args' from command line to 'None'
[0.582s] Level 5:colcon.colcon_core.verb:set package 'explore_lite' build argument 'catkin_cmake_args' from command line to 'None'
[0.582s] Level 5:colcon.colcon_core.verb:set package 'explore_lite' build argument 'catkin_skip_building_tests' from command line to 'False'
[0.582s] DEBUG:colcon.colcon_core.verb:Building package 'explore_lite' with the following arguments: {'ament_cmake_args': None, 'build_base': '/home/duong/Arduino/ROS2_ServiceRobot/kaia_ws/build/explore_lite', 'catkin_cmake_args': None, 'catkin_skip_building_tests': False, 'cmake_args': None, 'cmake_clean_cache': False, 'cmake_clean_first': False, 'cmake_force_configure': False, 'cmake_target': None, 'cmake_target_skip_unavailable': False, 'install_base': '/home/duong/Arduino/ROS2_ServiceRobot/kaia_ws/install/explore_lite', 'merge_install': False, 'path': '/home/duong/Arduino/ROS2_ServiceRobot/kaia_ws/src/m-explore-ros2/explore', 'symlink_install': True, 'test_result_base': None}
[0.583s] Level 5:colcon.colcon_core.verb:set package 'kaiaai' build argument 'cmake_args' from command line to 'None'
[0.583s] Level 5:colcon.colcon_core.verb:set package 'kaiaai' build argument 'cmake_target' from command line to 'None'
[0.583s] Level 5:colcon.colcon_core.verb:set package 'kaiaai' build argument 'cmake_target_skip_unavailable' from command line to 'False'
[0.583s] Level 5:colcon.colcon_core.verb:set package 'kaiaai' build argument 'cmake_clean_cache' from command line to 'False'
[0.583s] Level 5:colcon.colcon_core.verb:set package 'kaiaai' build argument 'cmake_clean_first' from command line to 'False'
[0.583s] Level 5:colcon.colcon_core.verb:set package 'kaiaai' build argument 'cmake_force_configure' from command line to 'False'
[0.583s] Level 5:colcon.colcon_core.verb:set package 'kaiaai' build argument 'ament_cmake_args' from command line to 'None'
[0.583s] Level 5:colcon.colcon_core.verb:set package 'kaiaai' build argument 'catkin_cmake_args' from command line to 'None'
[0.583s] Level 5:colcon.colcon_core.verb:set package 'kaiaai' build argument 'catkin_skip_building_tests' from command line to 'False'
[0.583s] DEBUG:colcon.colcon_core.verb:Building package 'kaiaai' with the following arguments: {'ament_cmake_args': None, 'build_base': '/home/duong/Arduino/ROS2_ServiceRobot/kaia_ws/build/kaiaai', 'catkin_cmake_args': None, 'catkin_skip_building_tests': False, 'cmake_args': None, 'cmake_clean_cache': False, 'cmake_clean_first': False, 'cmake_force_configure': False, 'cmake_target': None, 'cmake_target_skip_unavailable': False, 'install_base': '/home/duong/Arduino/ROS2_ServiceRobot/kaia_ws/install/kaiaai', 'merge_install': False, 'path': '/home/duong/Arduino/ROS2_ServiceRobot/kaia_ws/src/kaiaai', 'symlink_install': True, 'test_result_base': None}
[0.583s] Level 5:colcon.colcon_core.verb:set package 'kaiaai_apps' build argument 'cmake_args' from command line to 'None'
[0.583s] Level 5:colcon.colcon_core.verb:set package 'kaiaai_apps' build argument 'cmake_target' from command line to 'None'
[0.583s] Level 5:colcon.colcon_core.verb:set package 'kaiaai_apps' build argument 'cmake_target_skip_unavailable' from command line to 'False'
[0.583s] Level 5:colcon.colcon_core.verb:set package 'kaiaai_apps' build argument 'cmake_clean_cache' from command line to 'False'
[0.583s] Level 5:colcon.colcon_core.verb:set package 'kaiaai_apps' build argument 'cmake_clean_first' from command line to 'False'
[0.583s] Level 5:colcon.colcon_core.verb:set package 'kaiaai_apps' build argument 'cmake_force_configure' from command line to 'False'
[0.583s] Level 5:colcon.colcon_core.verb:set package 'kaiaai_apps' build argument 'ament_cmake_args' from command line to 'None'
[0.583s] Level 5:colcon.colcon_core.verb:set package 'kaiaai_apps' build argument 'catkin_cmake_args' from command line to 'None'
[0.584s] Level 5:colcon.colcon_core.verb:set package 'kaiaai_apps' build argument 'catkin_skip_building_tests' from command line to 'False'
[0.584s] DEBUG:colcon.colcon_core.verb:Building package 'kaiaai_apps' with the following arguments: {'ament_cmake_args': None, 'build_base': '/home/duong/Arduino/ROS2_ServiceRobot/kaia_ws/build/kaiaai_apps', 'catkin_cmake_args': None, 'catkin_skip_building_tests': False, 'cmake_args': None, 'cmake_clean_cache': False, 'cmake_clean_first': False, 'cmake_force_configure': False, 'cmake_target': None, 'cmake_target_skip_unavailable': False, 'install_base': '/home/duong/Arduino/ROS2_ServiceRobot/kaia_ws/install/kaiaai_apps', 'merge_install': False, 'path': '/home/duong/Arduino/ROS2_ServiceRobot/kaia_ws/src/kaiaai_apps', 'symlink_install': True, 'test_result_base': None}
[0.584s] Level 5:colcon.colcon_core.verb:set package 'kaiaai_msgs' build argument 'cmake_args' from command line to 'None'
[0.584s] Level 5:colcon.colcon_core.verb:set package 'kaiaai_msgs' build argument 'cmake_target' from command line to 'None'
[0.584s] Level 5:colcon.colcon_core.verb:set package 'kaiaai_msgs' build argument 'cmake_target_skip_unavailable' from command line to 'False'
[0.584s] Level 5:colcon.colcon_core.verb:set package 'kaiaai_msgs' build argument 'cmake_clean_cache' from command line to 'False'
[0.584s] Level 5:colcon.colcon_core.verb:set package 'kaiaai_msgs' build argument 'cmake_clean_first' from command line to 'False'
[0.584s] Level 5:colcon.colcon_core.verb:set package 'kaiaai_msgs' build argument 'cmake_force_configure' from command line to 'False'
[0.584s] Level 5:colcon.colcon_core.verb:set package 'kaiaai_msgs' build argument 'ament_cmake_args' from command line to 'None'
[0.584s] Level 5:colcon.colcon_core.verb:set package 'kaiaai_msgs' build argument 'catkin_cmake_args' from command line to 'None'
[0.584s] Level 5:colcon.colcon_core.verb:set package 'kaiaai_msgs' build argument 'catkin_skip_building_tests' from command line to 'False'
[0.584s] DEBUG:colcon.colcon_core.verb:Building package 'kaiaai_msgs' with the following arguments: {'ament_cmake_args': None, 'build_base': '/home/duong/Arduino/ROS2_ServiceRobot/kaia_ws/build/kaiaai_msgs', 'catkin_cmake_args': None, 'catkin_skip_building_tests': False, 'cmake_args': None, 'cmake_clean_cache': False, 'cmake_clean_first': False, 'cmake_force_configure': False, 'cmake_target': None, 'cmake_target_skip_unavailable': False, 'install_base': '/home/duong/Arduino/ROS2_ServiceRobot/kaia_ws/install/kaiaai_msgs', 'merge_install': False, 'path': '/home/duong/Arduino/ROS2_ServiceRobot/kaia_ws/src/kaiaai_msgs', 'symlink_install': True, 'test_result_base': None}
[0.585s] Level 5:colcon.colcon_core.verb:set package 'kaiaai_teleop' build argument 'cmake_args' from command line to 'None'
[0.585s] Level 5:colcon.colcon_core.verb:set package 'kaiaai_teleop' build argument 'cmake_target' from command line to 'None'
[0.585s] Level 5:colcon.colcon_core.verb:set package 'kaiaai_teleop' build argument 'cmake_target_skip_unavailable' from command line to 'False'
[0.585s] Level 5:colcon.colcon_core.verb:set package 'kaiaai_teleop' build argument 'cmake_clean_cache' from command line to 'False'
[0.585s] Level 5:colcon.colcon_core.verb:set package 'kaiaai_teleop' build argument 'cmake_clean_first' from command line to 'False'
[0.585s] Level 5:colcon.colcon_core.verb:set package 'kaiaai_teleop' build argument 'cmake_force_configure' from command line to 'False'
[0.585s] Level 5:colcon.colcon_core.verb:set package 'kaiaai_teleop' build argument 'ament_cmake_args' from command line to 'None'
[0.585s] Level 5:colcon.colcon_core.verb:set package 'kaiaai_teleop' build argument 'catkin_cmake_args' from command line to 'None'
[0.585s] Level 5:colcon.colcon_core.verb:set package 'kaiaai_teleop' build argument 'catkin_skip_building_tests' from command line to 'False'
[0.585s] DEBUG:colcon.colcon_core.verb:Building package 'kaiaai_teleop' with the following arguments: {'ament_cmake_args': None, 'build_base': '/home/duong/Arduino/ROS2_ServiceRobot/kaia_ws/build/kaiaai_teleop', 'catkin_cmake_args': None, 'catkin_skip_building_tests': False, 'cmake_args': None, 'cmake_clean_cache': False, 'cmake_clean_first': False, 'cmake_force_configure': False, 'cmake_target': None, 'cmake_target_skip_unavailable': False, 'install_base': '/home/duong/Arduino/ROS2_ServiceRobot/kaia_ws/install/kaiaai_teleop', 'merge_install': False, 'path': '/home/duong/Arduino/ROS2_ServiceRobot/kaia_ws/src/kaiaai_teleop', 'symlink_install': True, 'test_result_base': None}
[0.585s] Level 5:colcon.colcon_core.verb:set package 'kaiaai_web' build argument 'cmake_args' from command line to 'None'
[0.585s] Level 5:colcon.colcon_core.verb:set package 'kaiaai_web' build argument 'cmake_target' from command line to 'None'
[0.585s] Level 5:colcon.colcon_core.verb:set package 'kaiaai_web' build argument 'cmake_target_skip_unavailable' from command line to 'False'
[0.585s] Level 5:colcon.colcon_core.verb:set package 'kaiaai_web' build argument 'cmake_clean_cache' from command line to 'False'
[0.586s] Level 5:colcon.colcon_core.verb:set package 'kaiaai_web' build argument 'cmake_clean_first' from command line to 'False'
[0.586s] Level 5:colcon.colcon_core.verb:set package 'kaiaai_web' build argument 'cmake_force_configure' from command line to 'False'
[0.586s] Level 5:colcon.colcon_core.verb:set package 'kaiaai_web' build argument 'ament_cmake_args' from command line to 'None'
[0.586s] Level 5:colcon.colcon_core.verb:set package 'kaiaai_web' build argument 'catkin_cmake_args' from command line to 'None'
[0.586s] Level 5:colcon.colcon_core.verb:set package 'kaiaai_web' build argument 'catkin_skip_building_tests' from command line to 'False'
[0.586s] DEBUG:colcon.colcon_core.verb:Building package 'kaiaai_web' with the following arguments: {'ament_cmake_args': None, 'build_base': '/home/duong/Arduino/ROS2_ServiceRobot/kaia_ws/build/kaiaai_web', 'catkin_cmake_args': None, 'catkin_skip_building_tests': False, 'cmake_args': None, 'cmake_clean_cache': False, 'cmake_clean_first': False, 'cmake_force_configure': False, 'cmake_target': None, 'cmake_target_skip_unavailable': False, 'install_base': '/home/duong/Arduino/ROS2_ServiceRobot/kaia_ws/install/kaiaai_web', 'merge_install': False, 'path': '/home/duong/Arduino/ROS2_ServiceRobot/kaia_ws/src/kaiaai_web', 'symlink_install': True, 'test_result_base': None}
[0.586s] Level 5:colcon.colcon_core.verb:set package 'makerspet_fido' build argument 'cmake_args' from command line to 'None'
[0.586s] Level 5:colcon.colcon_core.verb:set package 'makerspet_fido' build argument 'cmake_target' from command line to 'None'
[0.586s] Level 5:colcon.colcon_core.verb:set package 'makerspet_fido' build argument 'cmake_target_skip_unavailable' from command line to 'False'
[0.586s] Level 5:colcon.colcon_core.verb:set package 'makerspet_fido' build argument 'cmake_clean_cache' from command line to 'False'
[0.586s] Level 5:colcon.colcon_core.verb:set package 'makerspet_fido' build argument 'cmake_clean_first' from command line to 'False'
[0.586s] Level 5:colcon.colcon_core.verb:set package 'makerspet_fido' build argument 'cmake_force_configure' from command line to 'False'
[0.586s] Level 5:colcon.colcon_core.verb:set package 'makerspet_fido' build argument 'ament_cmake_args' from command line to 'None'
[0.586s] Level 5:colcon.colcon_core.verb:set package 'makerspet_fido' build argument 'catkin_cmake_args' from command line to 'None'
[0.586s] Level 5:colcon.colcon_core.verb:set package 'makerspet_fido' build argument 'catkin_skip_building_tests' from command line to 'False'
[0.586s] DEBUG:colcon.colcon_core.verb:Building package 'makerspet_fido' with the following arguments: {'ament_cmake_args': None, 'build_base': '/home/duong/Arduino/ROS2_ServiceRobot/kaia_ws/build/makerspet_fido', 'catkin_cmake_args': None, 'catkin_skip_building_tests': False, 'cmake_args': None, 'cmake_clean_cache': False, 'cmake_clean_first': False, 'cmake_force_configure': False, 'cmake_target': None, 'cmake_target_skip_unavailable': False, 'install_base': '/home/duong/Arduino/ROS2_ServiceRobot/kaia_ws/install/makerspet_fido', 'merge_install': False, 'path': '/home/duong/Arduino/ROS2_ServiceRobot/kaia_ws/src/makerspet_fido', 'symlink_install': True, 'test_result_base': None}
[0.587s] Level 5:colcon.colcon_core.verb:set package 'makerspet_loki' build argument 'cmake_args' from command line to 'None'
[0.587s] Level 5:colcon.colcon_core.verb:set package 'makerspet_loki' build argument 'cmake_target' from command line to 'None'
[0.587s] Level 5:colcon.colcon_core.verb:set package 'makerspet_loki' build argument 'cmake_target_skip_unavailable' from command line to 'False'
[0.587s] Level 5:colcon.colcon_core.verb:set package 'makerspet_loki' build argument 'cmake_clean_cache' from command line to 'False'
[0.587s] Level 5:colcon.colcon_core.verb:set package 'makerspet_loki' build argument 'cmake_clean_first' from command line to 'False'
[0.587s] Level 5:colcon.colcon_core.verb:set package 'makerspet_loki' build argument 'cmake_force_configure' from command line to 'False'
[0.587s] Level 5:colcon.colcon_core.verb:set package 'makerspet_loki' build argument 'ament_cmake_args' from command line to 'None'
[0.587s] Level 5:colcon.colcon_core.verb:set package 'makerspet_loki' build argument 'catkin_cmake_args' from command line to 'None'
[0.587s] Level 5:colcon.colcon_core.verb:set package 'makerspet_loki' build argument 'catkin_skip_building_tests' from command line to 'False'
[0.587s] DEBUG:colcon.colcon_core.verb:Building package 'makerspet_loki' with the following arguments: {'ament_cmake_args': None, 'build_base': '/home/duong/Arduino/ROS2_ServiceRobot/kaia_ws/build/makerspet_loki', 'catkin_cmake_args': None, 'catkin_skip_building_tests': False, 'cmake_args': None, 'cmake_clean_cache': False, 'cmake_clean_first': False, 'cmake_force_configure': False, 'cmake_target': None, 'cmake_target_skip_unavailable': False, 'install_base': '/home/duong/Arduino/ROS2_ServiceRobot/kaia_ws/install/makerspet_loki', 'merge_install': False, 'path': '/home/duong/Arduino/ROS2_ServiceRobot/kaia_ws/src/makerspet_loki', 'symlink_install': True, 'test_result_base': None}
[0.587s] Level 5:colcon.colcon_core.verb:set package 'makerspet_mini' build argument 'cmake_args' from command line to 'None'
[0.588s] Level 5:colcon.colcon_core.verb:set package 'makerspet_mini' build argument 'cmake_target' from command line to 'None'
[0.588s] Level 5:colcon.colcon_core.verb:set package 'makerspet_mini' build argument 'cmake_target_skip_unavailable' from command line to 'False'
[0.588s] Level 5:colcon.colcon_core.verb:set package 'makerspet_mini' build argument 'cmake_clean_cache' from command line to 'False'
[0.588s] Level 5:colcon.colcon_core.verb:set package 'makerspet_mini' build argument 'cmake_clean_first' from command line to 'False'
[0.588s] Level 5:colcon.colcon_core.verb:set package 'makerspet_mini' build argument 'cmake_force_configure' from command line to 'False'
[0.588s] Level 5:colcon.colcon_core.verb:set package 'makerspet_mini' build argument 'ament_cmake_args' from command line to 'None'
[0.588s] Level 5:colcon.colcon_core.verb:set package 'makerspet_mini' build argument 'catkin_cmake_args' from command line to 'None'
[0.588s] Level 5:colcon.colcon_core.verb:set package 'makerspet_mini' build argument 'catkin_skip_building_tests' from command line to 'False'
[0.588s] DEBUG:colcon.colcon_core.verb:Building package 'makerspet_mini' with the following arguments: {'ament_cmake_args': None, 'build_base': '/home/duong/Arduino/ROS2_ServiceRobot/kaia_ws/build/makerspet_mini', 'catkin_cmake_args': None, 'catkin_skip_building_tests': False, 'cmake_args': None, 'cmake_clean_cache': False, 'cmake_clean_first': False, 'cmake_force_configure': False, 'cmake_target': None, 'cmake_target_skip_unavailable': False, 'install_base': '/home/duong/Arduino/ROS2_ServiceRobot/kaia_ws/install/makerspet_mini', 'merge_install': False, 'path': '/home/duong/Arduino/ROS2_ServiceRobot/kaia_ws/src/makerspet_mini', 'symlink_install': True, 'test_result_base': None}
[0.588s] Level 5:colcon.colcon_core.verb:set package 'makerspet_snoopy' build argument 'cmake_args' from command line to 'None'
[0.588s] Level 5:colcon.colcon_core.verb:set package 'makerspet_snoopy' build argument 'cmake_target' from command line to 'None'
[0.588s] Level 5:colcon.colcon_core.verb:set package 'makerspet_snoopy' build argument 'cmake_target_skip_unavailable' from command line to 'False'
[0.588s] Level 5:colcon.colcon_core.verb:set package 'makerspet_snoopy' build argument 'cmake_clean_cache' from command line to 'False'
[0.588s] Level 5:colcon.colcon_core.verb:set package 'makerspet_snoopy' build argument 'cmake_clean_first' from command line to 'False'
[0.588s] Level 5:colcon.colcon_core.verb:set package 'makerspet_snoopy' build argument 'cmake_force_configure' from command line to 'False'
[0.588s] Level 5:colcon.colcon_core.verb:set package 'makerspet_snoopy' build argument 'ament_cmake_args' from command line to 'None'
[0.588s] Level 5:colcon.colcon_core.verb:set package 'makerspet_snoopy' build argument 'catkin_cmake_args' from command line to 'None'
[0.588s] Level 5:colcon.colcon_core.verb:set package 'makerspet_snoopy' build argument 'catkin_skip_building_tests' from command line to 'False'
[0.589s] DEBUG:colcon.colcon_core.verb:Building package 'makerspet_snoopy' with the following arguments: {'ament_cmake_args': None, 'build_base': '/home/duong/Arduino/ROS2_ServiceRobot/kaia_ws/build/makerspet_snoopy', 'catkin_cmake_args': None, 'catkin_skip_building_tests': False, 'cmake_args': None, 'cmake_clean_cache': False, 'cmake_clean_first': False, 'cmake_force_configure': False, 'cmake_target': None, 'cmake_target_skip_unavailable': False, 'install_base': '/home/duong/Arduino/ROS2_ServiceRobot/kaia_ws/install/makerspet_snoopy', 'merge_install': False, 'path': '/home/duong/Arduino/ROS2_ServiceRobot/kaia_ws/src/makerspet_snoopy', 'symlink_install': True, 'test_result_base': None}
[0.589s] Level 5:colcon.colcon_core.verb:set package 'nav2_wfd' build argument 'cmake_args' from command line to 'None'
[0.589s] Level 5:colcon.colcon_core.verb:set package 'nav2_wfd' build argument 'cmake_target' from command line to 'None'
[0.589s] Level 5:colcon.colcon_core.verb:set package 'nav2_wfd' build argument 'cmake_target_skip_unavailable' from command line to 'False'
[0.589s] Level 5:colcon.colcon_core.verb:set package 'nav2_wfd' build argument 'cmake_clean_cache' from command line to 'False'
[0.589s] Level 5:colcon.colcon_core.verb:set package 'nav2_wfd' build argument 'cmake_clean_first' from command line to 'False'
[0.589s] Level 5:colcon.colcon_core.verb:set package 'nav2_wfd' build argument 'cmake_force_configure' from command line to 'False'
[0.589s] Level 5:colcon.colcon_core.verb:set package 'nav2_wfd' build argument 'ament_cmake_args' from command line to 'None'
[0.589s] Level 5:colcon.colcon_core.verb:set package 'nav2_wfd' build argument 'catkin_cmake_args' from command line to 'None'
[0.589s] Level 5:colcon.colcon_core.verb:set package 'nav2_wfd' build argument 'catkin_skip_building_tests' from command line to 'False'
[0.589s] DEBUG:colcon.colcon_core.verb:Building package 'nav2_wfd' with the following arguments: {'ament_cmake_args': None, 'build_base': '/home/duong/Arduino/ROS2_ServiceRobot/kaia_ws/build/nav2_wfd', 'catkin_cmake_args': None, 'catkin_skip_building_tests': False, 'cmake_args': None, 'cmake_clean_cache': False, 'cmake_clean_first': False, 'cmake_force_configure': False, 'cmake_target': None, 'cmake_target_skip_unavailable': False, 'install_base': '/home/duong/Arduino/ROS2_ServiceRobot/kaia_ws/install/nav2_wfd', 'merge_install': False, 'path': '/home/duong/Arduino/ROS2_ServiceRobot/kaia_ws/src/nav2_wfe', 'symlink_install': True, 'test_result_base': None}
[0.590s] Level 5:colcon.colcon_core.verb:set package 'robot_serving_bot' build argument 'cmake_args' from command line to 'None'
[0.590s] Level 5:colcon.colcon_core.verb:set package 'robot_serving_bot' build argument 'cmake_target' from command line to 'None'
[0.590s] Level 5:colcon.colcon_core.verb:set package 'robot_serving_bot' build argument 'cmake_target_skip_unavailable' from command line to 'False'
[0.590s] Level 5:colcon.colcon_core.verb:set package 'robot_serving_bot' build argument 'cmake_clean_cache' from command line to 'False'
[0.590s] Level 5:colcon.colcon_core.verb:set package 'robot_serving_bot' build argument 'cmake_clean_first' from command line to 'False'
[0.590s] Level 5:colcon.colcon_core.verb:set package 'robot_serving_bot' build argument 'cmake_force_configure' from command line to 'False'
[0.590s] Level 5:colcon.colcon_core.verb:set package 'robot_serving_bot' build argument 'ament_cmake_args' from command line to 'None'
[0.590s] Level 5:colcon.colcon_core.verb:set package 'robot_serving_bot' build argument 'catkin_cmake_args' from command line to 'None'
[0.590s] Level 5:colcon.colcon_core.verb:set package 'robot_serving_bot' build argument 'catkin_skip_building_tests' from command line to 'False'
[0.590s] DEBUG:colcon.colcon_core.verb:Building package 'robot_serving_bot' with the following arguments: {'ament_cmake_args': None, 'build_base': '/home/duong/Arduino/ROS2_ServiceRobot/kaia_ws/build/robot_serving_bot', 'catkin_cmake_args': None, 'catkin_skip_building_tests': False, 'cmake_args': None, 'cmake_clean_cache': False, 'cmake_clean_first': False, 'cmake_force_configure': False, 'cmake_target': None, 'cmake_target_skip_unavailable': False, 'install_base': '/home/duong/Arduino/ROS2_ServiceRobot/kaia_ws/install/robot_serving_bot', 'merge_install': False, 'path': '/home/duong/Arduino/ROS2_ServiceRobot/kaia_ws/src/robot_serving_bot', 'symlink_install': True, 'test_result_base': None}
[0.590s] Level 5:colcon.colcon_core.verb:set package 'kaiaai_gazebo' build argument 'cmake_args' from command line to 'None'
[0.590s] Level 5:colcon.colcon_core.verb:set package 'kaiaai_gazebo' build argument 'cmake_target' from command line to 'None'
[0.590s] Level 5:colcon.colcon_core.verb:set package 'kaiaai_gazebo' build argument 'cmake_target_skip_unavailable' from command line to 'False'
[0.590s] Level 5:colcon.colcon_core.verb:set package 'kaiaai_gazebo' build argument 'cmake_clean_cache' from command line to 'False'
[0.590s] Level 5:colcon.colcon_core.verb:set package 'kaiaai_gazebo' build argument 'cmake_clean_first' from command line to 'False'
[0.590s] Level 5:colcon.colcon_core.verb:set package 'kaiaai_gazebo' build argument 'cmake_force_configure' from command line to 'False'
[0.591s] Level 5:colcon.colcon_core.verb:set package 'kaiaai_gazebo' build argument 'ament_cmake_args' from command line to 'None'
[0.591s] Level 5:colcon.colcon_core.verb:set package 'kaiaai_gazebo' build argument 'catkin_cmake_args' from command line to 'None'
[0.591s] Level 5:colcon.colcon_core.verb:set package 'kaiaai_gazebo' build argument 'catkin_skip_building_tests' from command line to 'False'
[0.591s] DEBUG:colcon.colcon_core.verb:Building package 'kaiaai_gazebo' with the following arguments: {'ament_cmake_args': None, 'build_base': '/home/duong/Arduino/ROS2_ServiceRobot/kaia_ws/build/kaiaai_gazebo', 'catkin_cmake_args': None, 'catkin_skip_building_tests': False, 'cmake_args': None, 'cmake_clean_cache': False, 'cmake_clean_first': False, 'cmake_force_configure': False, 'cmake_target': None, 'cmake_target_skip_unavailable': False, 'install_base': '/home/duong/Arduino/ROS2_ServiceRobot/kaia_ws/install/kaiaai_gazebo', 'merge_install': False, 'path': '/home/duong/Arduino/ROS2_ServiceRobot/kaia_ws/src/kaiaai_gazebo', 'symlink_install': True, 'test_result_base': None}
[0.591s] Level 5:colcon.colcon_core.verb:set package 'kaiaai_telemetry' build argument 'cmake_args' from command line to 'None'
[0.591s] Level 5:colcon.colcon_core.verb:set package 'kaiaai_telemetry' build argument 'cmake_target' from command line to 'None'
[0.591s] Level 5:colcon.colcon_core.verb:set package 'kaiaai_telemetry' build argument 'cmake_target_skip_unavailable' from command line to 'False'
[0.591s] Level 5:colcon.colcon_core.verb:set package 'kaiaai_telemetry' build argument 'cmake_clean_cache' from command line to 'False'
[0.591s] Level 5:colcon.colcon_core.verb:set package 'kaiaai_telemetry' build argument 'cmake_clean_first' from command line to 'False'
[0.591s] Level 5:colcon.colcon_core.verb:set package 'kaiaai_telemetry' build argument 'cmake_force_configure' from command line to 'False'
[0.591s] Level 5:colcon.colcon_core.verb:set package 'kaiaai_telemetry' build argument 'ament_cmake_args' from command line to 'None'
[0.591s] Level 5:colcon.colcon_core.verb:set package 'kaiaai_telemetry' build argument 'catkin_cmake_args' from command line to 'None'
[0.591s] Level 5:colcon.colcon_core.verb:set package 'kaiaai_telemetry' build argument 'catkin_skip_building_tests' from command line to 'False'
[0.591s] DEBUG:colcon.colcon_core.verb:Building package 'kaiaai_telemetry' with the following arguments: {'ament_cmake_args': None, 'build_base': '/home/duong/Arduino/ROS2_ServiceRobot/kaia_ws/build/kaiaai_telemetry', 'catkin_cmake_args': None, 'catkin_skip_building_tests': False, 'cmake_args': None, 'cmake_clean_cache': False, 'cmake_clean_first': False, 'cmake_force_configure': False, 'cmake_target': None, 'cmake_target_skip_unavailable': False, 'install_base': '/home/duong/Arduino/ROS2_ServiceRobot/kaia_ws/install/kaiaai_telemetry', 'merge_install': False, 'path': '/home/duong/Arduino/ROS2_ServiceRobot/kaia_ws/src/kaiaai_telemetry', 'symlink_install': True, 'test_result_base': None}
[0.592s] Level 5:colcon.colcon_core.verb:set package 'makerspet' build argument 'cmake_args' from command line to 'None'
[0.592s] Level 5:colcon.colcon_core.verb:set package 'makerspet' build argument 'cmake_target' from command line to 'None'
[0.592s] Level 5:colcon.colcon_core.verb:set package 'makerspet' build argument 'cmake_target_skip_unavailable' from command line to 'False'
[0.592s] Level 5:colcon.colcon_core.verb:set package 'makerspet' build argument 'cmake_clean_cache' from command line to 'False'
[0.592s] Level 5:colcon.colcon_core.verb:set package 'makerspet' build argument 'cmake_clean_first' from command line to 'False'
[0.592s] Level 5:colcon.colcon_core.verb:set package 'makerspet' build argument 'cmake_force_configure' from command line to 'False'
[0.592s] Level 5:colcon.colcon_core.verb:set package 'makerspet' build argument 'ament_cmake_args' from command line to 'None'
[0.592s] Level 5:colcon.colcon_core.verb:set package 'makerspet' build argument 'catkin_cmake_args' from command line to 'None'
[0.592s] Level 5:colcon.colcon_core.verb:set package 'makerspet' build argument 'catkin_skip_building_tests' from command line to 'False'
[0.592s] DEBUG:colcon.colcon_core.verb:Building package 'makerspet' with the following arguments: {'ament_cmake_args': None, 'build_base': '/home/duong/Arduino/ROS2_ServiceRobot/kaia_ws/build/makerspet', 'catkin_cmake_args': None, 'catkin_skip_building_tests': False, 'cmake_args': None, 'cmake_clean_cache': False, 'cmake_clean_first': False, 'cmake_force_configure': False, 'cmake_target': None, 'cmake_target_skip_unavailable': False, 'install_base': '/home/duong/Arduino/ROS2_ServiceRobot/kaia_ws/install/makerspet', 'merge_install': False, 'path': '/home/duong/Arduino/ROS2_ServiceRobot/kaia_ws/src/makerspet', 'symlink_install': True, 'test_result_base': None}
[0.593s] Level 5:colcon.colcon_core.verb:set package 'kaiaai_bringup' build argument 'cmake_args' from command line to 'None'
[0.593s] Level 5:colcon.colcon_core.verb:set package 'kaiaai_bringup' build argument 'cmake_target' from command line to 'None'
[0.593s] Level 5:colcon.colcon_core.verb:set package 'kaiaai_bringup' build argument 'cmake_target_skip_unavailable' from command line to 'False'
[0.593s] Level 5:colcon.colcon_core.verb:set package 'kaiaai_bringup' build argument 'cmake_clean_cache' from command line to 'False'
[0.593s] Level 5:colcon.colcon_core.verb:set package 'kaiaai_bringup' build argument 'cmake_clean_first' from command line to 'False'
[0.593s] Level 5:colcon.colcon_core.verb:set package 'kaiaai_bringup' build argument 'cmake_force_configure' from command line to 'False'
[0.593s] Level 5:colcon.colcon_core.verb:set package 'kaiaai_bringup' build argument 'ament_cmake_args' from command line to 'None'
[0.593s] Level 5:colcon.colcon_core.verb:set package 'kaiaai_bringup' build argument 'catkin_cmake_args' from command line to 'None'
[0.593s] Level 5:colcon.colcon_core.verb:set package 'kaiaai_bringup' build argument 'catkin_skip_building_tests' from command line to 'False'
[0.593s] DEBUG:colcon.colcon_core.verb:Building package 'kaiaai_bringup' with the following arguments: {'ament_cmake_args': None, 'build_base': '/home/duong/Arduino/ROS2_ServiceRobot/kaia_ws/build/kaiaai_bringup', 'catkin_cmake_args': None, 'catkin_skip_building_tests': False, 'cmake_args': None, 'cmake_clean_cache': False, 'cmake_clean_first': False, 'cmake_force_configure': False, 'cmake_target': None, 'cmake_target_skip_unavailable': False, 'install_base': '/home/duong/Arduino/ROS2_ServiceRobot/kaia_ws/install/kaiaai_bringup', 'merge_install': False, 'path': '/home/duong/Arduino/ROS2_ServiceRobot/kaia_ws/src/kaiaai_bringup', 'symlink_install': True, 'test_result_base': None}
[0.593s] INFO:colcon.colcon_core.executor:Executing jobs using 'parallel' executor
[0.595s] DEBUG:colcon.colcon_parallel_executor.executor.parallel:run_until_complete
[0.596s] INFO:colcon.colcon_ros.task.ament_python.build:Building ROS package in '/home/duong/Arduino/ROS2_ServiceRobot/kaia_ws/src/kaiaai' with build type 'ament_python'
[0.596s] Level 1:colcon.colcon_core.shell:create_environment_hook('kaiaai', 'ament_prefix_path')
[0.600s] INFO:colcon.colcon_core.plugin_system:Skipping extension 'colcon_core.shell.bat': Not used on non-Windows systems
[0.600s] INFO:colcon.colcon_core.shell:Creating environment hook '/home/duong/Arduino/ROS2_ServiceRobot/kaia_ws/install/kaiaai/share/kaiaai/hook/ament_prefix_path.ps1'
[0.601s] INFO:colcon.colcon_core.shell:Creating environment descriptor '/home/duong/Arduino/ROS2_ServiceRobot/kaia_ws/install/kaiaai/share/kaiaai/hook/ament_prefix_path.dsv'
[0.602s] INFO:colcon.colcon_core.shell:Creating environment hook '/home/duong/Arduino/ROS2_ServiceRobot/kaia_ws/install/kaiaai/share/kaiaai/hook/ament_prefix_path.sh'
[0.603s] INFO:colcon.colcon_core.shell:Skip shell extension 'powershell' for command environment: Not usable outside of PowerShell
[0.603s] DEBUG:colcon.colcon_core.shell:Skip shell extension 'dsv' for command environment
[0.608s] INFO:colcon.colcon_ros.task.ament_cmake.build:Building ROS package in '/home/duong/Arduino/ROS2_ServiceRobot/kaia_ws/src/kaiaai_msgs' with build type 'ament_cmake'
[0.609s] INFO:colcon.colcon_cmake.task.cmake.build:Building CMake package in '/home/duong/Arduino/ROS2_ServiceRobot/kaia_ws/src/kaiaai_msgs'
[0.609s] INFO:colcon.colcon_core.shell:Skip shell extension 'powershell' for command environment: Not usable outside of PowerShell
[0.609s] DEBUG:colcon.colcon_core.shell:Skip shell extension 'dsv' for command environment
[0.615s] INFO:colcon.colcon_ros.task.ament_python.build:Building ROS package in '/home/duong/Arduino/ROS2_ServiceRobot/kaia_ws/src/kaiaai_teleop' with build type 'ament_python'
[0.615s] Level 1:colcon.colcon_core.shell:create_environment_hook('kaiaai_teleop', 'ament_prefix_path')
[0.615s] INFO:colcon.colcon_core.shell:Creating environment hook '/home/duong/Arduino/ROS2_ServiceRobot/kaia_ws/install/kaiaai_teleop/share/kaiaai_teleop/hook/ament_prefix_path.ps1'
[0.617s] INFO:colcon.colcon_core.shell:Creating environment descriptor '/home/duong/Arduino/ROS2_ServiceRobot/kaia_ws/install/kaiaai_teleop/share/kaiaai_teleop/hook/ament_prefix_path.dsv'
[0.617s] INFO:colcon.colcon_core.shell:Creating environment hook '/home/duong/Arduino/ROS2_ServiceRobot/kaia_ws/install/kaiaai_teleop/share/kaiaai_teleop/hook/ament_prefix_path.sh'
[0.618s] INFO:colcon.colcon_core.shell:Skip shell extension 'powershell' for command environment: Not usable outside of PowerShell
[0.618s] DEBUG:colcon.colcon_core.shell:Skip shell extension 'dsv' for command environment
[0.623s] INFO:colcon.colcon_ros.task.ament_cmake.build:Building ROS package in '/home/duong/Arduino/ROS2_ServiceRobot/kaia_ws/src/makerspet_loki' with build type 'ament_cmake'
[0.624s] INFO:colcon.colcon_cmake.task.cmake.build:Building CMake package in '/home/duong/Arduino/ROS2_ServiceRobot/kaia_ws/src/makerspet_loki'
[0.624s] INFO:colcon.colcon_core.shell:Skip shell extension 'powershell' for command environment: Not usable outside of PowerShell
[0.624s] DEBUG:colcon.colcon_core.shell:Skip shell extension 'dsv' for command environment
[0.630s] INFO:colcon.colcon_ros.task.ament_cmake.build:Building ROS package in '/home/duong/Arduino/ROS2_ServiceRobot/kaia_ws/src/makerspet_mini' with build type 'ament_cmake'
[0.630s] INFO:colcon.colcon_cmake.task.cmake.build:Building CMake package in '/home/duong/Arduino/ROS2_ServiceRobot/kaia_ws/src/makerspet_mini'
[0.630s] INFO:colcon.colcon_core.shell:Skip shell extension 'powershell' for command environment: Not usable outside of PowerShell
[0.630s] DEBUG:colcon.colcon_core.shell:Skip shell extension 'dsv' for command environment
[0.636s] INFO:colcon.colcon_ros.task.ament_cmake.build:Building ROS package in '/home/duong/Arduino/ROS2_ServiceRobot/kaia_ws/src/makerspet_snoopy' with build type 'ament_cmake'
[0.636s] INFO:colcon.colcon_cmake.task.cmake.build:Building CMake package in '/home/duong/Arduino/ROS2_ServiceRobot/kaia_ws/src/makerspet_snoopy'
[0.636s] INFO:colcon.colcon_core.shell:Skip shell extension 'powershell' for command environment: Not usable outside of PowerShell
[0.637s] DEBUG:colcon.colcon_core.shell:Skip shell extension 'dsv' for command environment
[0.642s] INFO:colcon.colcon_ros.task.ament_cmake.build:Building ROS package in '/home/duong/Arduino/ROS2_ServiceRobot/kaia_ws/src/auto_mapper' with build type 'ament_cmake'
[0.642s] INFO:colcon.colcon_cmake.task.cmake.build:Building CMake package in '/home/duong/Arduino/ROS2_ServiceRobot/kaia_ws/src/auto_mapper'
[0.643s] INFO:colcon.colcon_core.shell:Skip shell extension 'powershell' for command environment: Not usable outside of PowerShell
[0.643s] DEBUG:colcon.colcon_core.shell:Skip shell extension 'dsv' for command environment
[0.649s] INFO:colcon.colcon_ros.task.ament_cmake.build:Building ROS package in '/home/duong/Arduino/ROS2_ServiceRobot/kaia_ws/src/m-explore-ros2/explore' with build type 'ament_cmake'
[0.649s] INFO:colcon.colcon_cmake.task.cmake.build:Building CMake package in '/home/duong/Arduino/ROS2_ServiceRobot/kaia_ws/src/m-explore-ros2/explore'
[0.649s] INFO:colcon.colcon_core.shell:Skip shell extension 'powershell' for command environment: Not usable outside of PowerShell
[0.649s] DEBUG:colcon.colcon_core.shell:Skip shell extension 'dsv' for command environment
[0.655s] INFO:colcon.colcon_ros.task.ament_python.build:Building ROS package in '/home/duong/Arduino/ROS2_ServiceRobot/kaia_ws/src/kaiaai_apps' with build type 'ament_python'
[0.655s] Level 1:colcon.colcon_core.shell:create_environment_hook('kaiaai_apps', 'ament_prefix_path')
[0.656s] INFO:colcon.colcon_core.shell:Creating environment hook '/home/duong/Arduino/ROS2_ServiceRobot/kaia_ws/install/kaiaai_apps/share/kaiaai_apps/hook/ament_prefix_path.ps1'
[0.657s] INFO:colcon.colcon_core.shell:Creating environment descriptor '/home/duong/Arduino/ROS2_ServiceRobot/kaia_ws/install/kaiaai_apps/share/kaiaai_apps/hook/ament_prefix_path.dsv'
[0.658s] INFO:colcon.colcon_core.shell:Creating environment hook '/home/duong/Arduino/ROS2_ServiceRobot/kaia_ws/install/kaiaai_apps/share/kaiaai_apps/hook/ament_prefix_path.sh'
[0.658s] INFO:colcon.colcon_core.shell:Skip shell extension 'powershell' for command environment: Not usable outside of PowerShell
[0.659s] DEBUG:colcon.colcon_core.shell:Skip shell extension 'dsv' for command environment
[0.665s] INFO:colcon.colcon_ros.task.ament_python.build:Building ROS package in '/home/duong/Arduino/ROS2_ServiceRobot/kaia_ws/src/kaiaai_web' with build type 'ament_python'
[0.665s] Level 1:colcon.colcon_core.shell:create_environment_hook('kaiaai_web', 'ament_prefix_path')
[0.666s] INFO:colcon.colcon_core.shell:Creating environment hook '/home/duong/Arduino/ROS2_ServiceRobot/kaia_ws/install/kaiaai_web/share/kaiaai_web/hook/ament_prefix_path.ps1'
[0.667s] INFO:colcon.colcon_core.shell:Creating environment descriptor '/home/duong/Arduino/ROS2_ServiceRobot/kaia_ws/install/kaiaai_web/share/kaiaai_web/hook/ament_prefix_path.dsv'
[0.667s] INFO:colcon.colcon_core.shell:Creating environment hook '/home/duong/Arduino/ROS2_ServiceRobot/kaia_ws/install/kaiaai_web/share/kaiaai_web/hook/ament_prefix_path.sh'
[0.668s] INFO:colcon.colcon_core.shell:Skip shell extension 'powershell' for command environment: Not usable outside of PowerShell
[0.668s] DEBUG:colcon.colcon_core.shell:Skip shell extension 'dsv' for command environment
[0.674s] INFO:colcon.colcon_ros.task.ament_cmake.build:Building ROS package in '/home/duong/Arduino/ROS2_ServiceRobot/kaia_ws/src/makerspet_fido' with build type 'ament_cmake'
[0.674s] INFO:colcon.colcon_cmake.task.cmake.build:Building CMake package in '/home/duong/Arduino/ROS2_ServiceRobot/kaia_ws/src/makerspet_fido'
[0.675s] INFO:colcon.colcon_core.shell:Skip shell extension 'powershell' for command environment: Not usable outside of PowerShell
[0.675s] DEBUG:colcon.colcon_core.shell:Skip shell extension 'dsv' for command environment
[0.681s] INFO:colcon.colcon_ros.task.ament_python.build:Building ROS package in '/home/duong/Arduino/ROS2_ServiceRobot/kaia_ws/src/nav2_wfe' with build type 'ament_python'
[0.681s] Level 1:colcon.colcon_core.shell:create_environment_hook('nav2_wfd', 'ament_prefix_path')
[0.681s] INFO:colcon.colcon_core.shell:Creating environment hook '/home/duong/Arduino/ROS2_ServiceRobot/kaia_ws/install/nav2_wfd/share/nav2_wfd/hook/ament_prefix_path.ps1'
[0.682s] INFO:colcon.colcon_core.shell:Creating environment descriptor '/home/duong/Arduino/ROS2_ServiceRobot/kaia_ws/install/nav2_wfd/share/nav2_wfd/hook/ament_prefix_path.dsv'
[0.683s] INFO:colcon.colcon_core.shell:Creating environment hook '/home/duong/Arduino/ROS2_ServiceRobot/kaia_ws/install/nav2_wfd/share/nav2_wfd/hook/ament_prefix_path.sh'
[0.683s] INFO:colcon.colcon_core.shell:Skip shell extension 'powershell' for command environment: Not usable outside of PowerShell
[0.684s] DEBUG:colcon.colcon_core.shell:Skip shell extension 'dsv' for command environment
[1.065s] INFO:colcon.colcon_core.task.python.build:Building Python package in '/home/duong/Arduino/ROS2_ServiceRobot/kaia_ws/src/kaiaai'
[1.066s] INFO:colcon.colcon_core.shell:Skip shell extension 'powershell' for command environment: Not usable outside of PowerShell
[1.066s] DEBUG:colcon.colcon_core.shell:Skip shell extension 'dsv' for command environment
[1.076s] DEBUG:colcon.colcon_core.event_handler.log_command:Invoking command in '/home/duong/Arduino/ROS2_ServiceRobot/kaia_ws/build/kaiaai_msgs': CMAKE_PREFIX_PATH=${CMAKE_PREFIX_PATH}:/opt/ros/iron /usr/bin/cmake /home/duong/Arduino/ROS2_ServiceRobot/kaia_ws/src/kaiaai_msgs -DAMENT_CMAKE_SYMLINK_INSTALL=1 -DCMAKE_INSTALL_PREFIX=/home/duong/Arduino/ROS2_ServiceRobot/kaia_ws/install/kaiaai_msgs
[1.465s] INFO:colcon.colcon_core.task.python.build:Building Python package in '/home/duong/Arduino/ROS2_ServiceRobot/kaia_ws/src/kaiaai_teleop'
[1.466s] INFO:colcon.colcon_core.shell:Skip shell extension 'powershell' for command environment: Not usable outside of PowerShell
[1.466s] DEBUG:colcon.colcon_core.shell:Skip shell extension 'dsv' for command environment
[1.479s] DEBUG:colcon.colcon_core.event_handler.log_command:Invoking command in '/home/duong/Arduino/ROS2_ServiceRobot/kaia_ws/build/makerspet_loki': CMAKE_PREFIX_PATH=${CMAKE_PREFIX_PATH}:/opt/ros/iron /usr/bin/cmake /home/duong/Arduino/ROS2_ServiceRobot/kaia_ws/src/makerspet_loki -DAMENT_CMAKE_SYMLINK_INSTALL=1 -DCMAKE_INSTALL_PREFIX=/home/duong/Arduino/ROS2_ServiceRobot/kaia_ws/install/makerspet_loki
[1.484s] DEBUG:colcon.colcon_core.event_handler.log_command:Invoking command in '/home/duong/Arduino/ROS2_ServiceRobot/kaia_ws/build/makerspet_mini': CMAKE_PREFIX_PATH=${CMAKE_PREFIX_PATH}:/opt/ros/iron /usr/bin/cmake /home/duong/Arduino/ROS2_ServiceRobot/kaia_ws/src/makerspet_mini -DAMENT_CMAKE_SYMLINK_INSTALL=1 -DCMAKE_INSTALL_PREFIX=/home/duong/Arduino/ROS2_ServiceRobot/kaia_ws/install/makerspet_mini
[1.488s] DEBUG:colcon.colcon_core.event_handler.log_command:Invoking command in '/home/duong/Arduino/ROS2_ServiceRobot/kaia_ws/build/makerspet_snoopy': CMAKE_PREFIX_PATH=${CMAKE_PREFIX_PATH}:/opt/ros/iron /usr/bin/cmake /home/duong/Arduino/ROS2_ServiceRobot/kaia_ws/src/makerspet_snoopy -DAMENT_CMAKE_SYMLINK_INSTALL=1 -DCMAKE_INSTALL_PREFIX=/home/duong/Arduino/ROS2_ServiceRobot/kaia_ws/install/makerspet_snoopy
[1.491s] DEBUG:colcon.colcon_core.event_handler.log_command:Invoking command in '/home/duong/Arduino/ROS2_ServiceRobot/kaia_ws/build/auto_mapper': CMAKE_PREFIX_PATH=${CMAKE_PREFIX_PATH}:/opt/ros/iron /usr/bin/cmake /home/duong/Arduino/ROS2_ServiceRobot/kaia_ws/src/auto_mapper -DAMENT_CMAKE_SYMLINK_INSTALL=1 -DCMAKE_INSTALL_PREFIX=/home/duong/Arduino/ROS2_ServiceRobot/kaia_ws/install/auto_mapper
[1.494s] DEBUG:colcon.colcon_core.event_handler.log_command:Invoking command in '/home/duong/Arduino/ROS2_ServiceRobot/kaia_ws/build/explore_lite': CMAKE_PREFIX_PATH=${CMAKE_PREFIX_PATH}:/opt/ros/iron /usr/bin/cmake /home/duong/Arduino/ROS2_ServiceRobot/kaia_ws/src/m-explore-ros2/explore -DAMENT_CMAKE_SYMLINK_INSTALL=1 -DCMAKE_INSTALL_PREFIX=/home/duong/Arduino/ROS2_ServiceRobot/kaia_ws/install/explore_lite
[2.017s] INFO:colcon.colcon_core.task.python.build:Building Python package in '/home/duong/Arduino/ROS2_ServiceRobot/kaia_ws/src/kaiaai_apps'
[2.018s] INFO:colcon.colcon_core.shell:Skip shell extension 'powershell' for command environment: Not usable outside of PowerShell
[2.019s] DEBUG:colcon.colcon_core.shell:Skip shell extension 'dsv' for command environment
[2.603s] INFO:colcon.colcon_core.task.python.build:Building Python package in '/home/duong/Arduino/ROS2_ServiceRobot/kaia_ws/src/kaiaai_web'
[2.604s] INFO:colcon.colcon_core.shell:Skip shell extension 'powershell' for command environment: Not usable outside of PowerShell
[2.604s] DEBUG:colcon.colcon_core.shell:Skip shell extension 'dsv' for command environment
[2.628s] DEBUG:colcon.colcon_core.event_handler.log_command:Invoking command in '/home/duong/Arduino/ROS2_ServiceRobot/kaia_ws/build/makerspet_fido': CMAKE_PREFIX_PATH=${CMAKE_PREFIX_PATH}:/opt/ros/iron /usr/bin/cmake /home/duong/Arduino/ROS2_ServiceRobot/kaia_ws/src/makerspet_fido -DAMENT_CMAKE_SYMLINK_INSTALL=1 -DCMAKE_INSTALL_PREFIX=/home/duong/Arduino/ROS2_ServiceRobot/kaia_ws/install/makerspet_fido
[3.099s] INFO:colcon.colcon_core.task.python.build:Building Python package in '/home/duong/Arduino/ROS2_ServiceRobot/kaia_ws/src/nav2_wfe'
[3.099s] INFO:colcon.colcon_core.shell:Skip shell extension 'powershell' for command environment: Not usable outside of PowerShell
[3.099s] DEBUG:colcon.colcon_core.shell:Skip shell extension 'dsv' for command environment
[3.125s] DEBUG:colcon.colcon_core.event_handler.log_command:Invoked command in '/home/duong/Arduino/ROS2_ServiceRobot/kaia_ws/build/makerspet_loki' returned '0': CMAKE_PREFIX_PATH=${CMAKE_PREFIX_PATH}:/opt/ros/iron /usr/bin/cmake /home/duong/Arduino/ROS2_ServiceRobot/kaia_ws/src/makerspet_loki -DAMENT_CMAKE_SYMLINK_INSTALL=1 -DCMAKE_INSTALL_PREFIX=/home/duong/Arduino/ROS2_ServiceRobot/kaia_ws/install/makerspet_loki
[3.125s] DEBUG:colcon.colcon_core.event_handler.log_command:Invoking command in '/home/duong/Arduino/ROS2_ServiceRobot/kaia_ws/build/makerspet_loki': CMAKE_PREFIX_PATH=${CMAKE_PREFIX_PATH}:/opt/ros/iron /usr/bin/cmake --build /home/duong/Arduino/ROS2_ServiceRobot/kaia_ws/build/makerspet_loki -- -j12 -l12
[3.129s] DEBUG:colcon.colcon_core.event_handler.log_command:Invoked command in '/home/duong/Arduino/ROS2_ServiceRobot/kaia_ws/build/makerspet_mini' returned '0': CMAKE_PREFIX_PATH=${CMAKE_PREFIX_PATH}:/opt/ros/iron /usr/bin/cmake /home/duong/Arduino/ROS2_ServiceRobot/kaia_ws/src/makerspet_mini -DAMENT_CMAKE_SYMLINK_INSTALL=1 -DCMAKE_INSTALL_PREFIX=/home/duong/Arduino/ROS2_ServiceRobot/kaia_ws/install/makerspet_mini
[3.130s] DEBUG:colcon.colcon_core.event_handler.log_command:Invoking command in '/home/duong/Arduino/ROS2_ServiceRobot/kaia_ws/build/makerspet_mini': CMAKE_PREFIX_PATH=${CMAKE_PREFIX_PATH}:/opt/ros/iron /usr/bin/cmake --build /home/duong/Arduino/ROS2_ServiceRobot/kaia_ws/build/makerspet_mini -- -j12 -l12
[3.138s] DEBUG:colcon.colcon_core.event_handler.log_command:Invoked command in '/home/duong/Arduino/ROS2_ServiceRobot/kaia_ws/build/makerspet_snoopy' returned '0': CMAKE_PREFIX_PATH=${CMAKE_PREFIX_PATH}:/opt/ros/iron /usr/bin/cmake /home/duong/Arduino/ROS2_ServiceRobot/kaia_ws/src/makerspet_snoopy -DAMENT_CMAKE_SYMLINK_INSTALL=1 -DCMAKE_INSTALL_PREFIX=/home/duong/Arduino/ROS2_ServiceRobot/kaia_ws/install/makerspet_snoopy
[3.138s] DEBUG:colcon.colcon_core.event_handler.log_command:Invoking command in '/home/duong/Arduino/ROS2_ServiceRobot/kaia_ws/build/makerspet_snoopy': CMAKE_PREFIX_PATH=${CMAKE_PREFIX_PATH}:/opt/ros/iron /usr/bin/cmake --build /home/duong/Arduino/ROS2_ServiceRobot/kaia_ws/build/makerspet_snoopy -- -j12 -l12
[3.250s] DEBUG:colcon.colcon_core.event_handler.log_command:Invoked command in '/home/duong/Arduino/ROS2_ServiceRobot/kaia_ws/build/makerspet_snoopy' returned '0': CMAKE_PREFIX_PATH=${CMAKE_PREFIX_PATH}:/opt/ros/iron /usr/bin/cmake --build /home/duong/Arduino/ROS2_ServiceRobot/kaia_ws/build/makerspet_snoopy -- -j12 -l12
[3.275s] DEBUG:colcon.colcon_core.event_handler.log_command:Invoking command in '/home/duong/Arduino/ROS2_ServiceRobot/kaia_ws/build/makerspet_snoopy': CMAKE_PREFIX_PATH=${CMAKE_PREFIX_PATH}:/opt/ros/iron /usr/bin/cmake --install /home/duong/Arduino/ROS2_ServiceRobot/kaia_ws/build/makerspet_snoopy
[3.282s] DEBUG:colcon.colcon_core.event_handler.log_command:Invoked command in '/home/duong/Arduino/ROS2_ServiceRobot/kaia_ws/build/makerspet_mini' returned '0': CMAKE_PREFIX_PATH=${CMAKE_PREFIX_PATH}:/opt/ros/iron /usr/bin/cmake --build /home/duong/Arduino/ROS2_ServiceRobot/kaia_ws/build/makerspet_mini -- -j12 -l12
[3.283s] DEBUG:colcon.colcon_core.event_handler.log_command:Invoking command in '/home/duong/Arduino/ROS2_ServiceRobot/kaia_ws/build/makerspet_mini': CMAKE_PREFIX_PATH=${CMAKE_PREFIX_PATH}:/opt/ros/iron /usr/bin/cmake --install /home/duong/Arduino/ROS2_ServiceRobot/kaia_ws/build/makerspet_mini
[3.290s] DEBUG:colcon.colcon_core.event_handler.log_command:Invoked command in '/home/duong/Arduino/ROS2_ServiceRobot/kaia_ws/build/makerspet_loki' returned '0': CMAKE_PREFIX_PATH=${CMAKE_PREFIX_PATH}:/opt/ros/iron /usr/bin/cmake --build /home/duong/Arduino/ROS2_ServiceRobot/kaia_ws/build/makerspet_loki -- -j12 -l12
[3.291s] DEBUG:colcon.colcon_core.event_handler.log_command:Invoking command in '/home/duong/Arduino/ROS2_ServiceRobot/kaia_ws/build/makerspet_loki': CMAKE_PREFIX_PATH=${CMAKE_PREFIX_PATH}:/opt/ros/iron /usr/bin/cmake --install /home/duong/Arduino/ROS2_ServiceRobot/kaia_ws/build/makerspet_loki
[3.936s] DEBUG:colcon.colcon_core.event_handler.log_command:Invoking command in '/home/duong/Arduino/ROS2_ServiceRobot/kaia_ws/build/nav2_wfd': PYTHONPATH=/home/duong/Arduino/ROS2_ServiceRobot/kaia_ws/build/nav2_wfd/prefix_override:/usr/lib/python3/dist-packages/colcon_core/task/python/colcon_distutils_commands:/home/duong/Arduino/ROS2_ServiceRobot/kaia_ws/install/nav2_wfd/lib/python3.10/site-packages:${PYTHONPATH} /usr/bin/python3 -W ignore:setup.py install is deprecated -W ignore:easy_install command is deprecated setup.py develop --editable --build-directory /home/duong/Arduino/ROS2_ServiceRobot/kaia_ws/build/nav2_wfd/build --no-deps symlink_data
[3.949s] DEBUG:colcon.colcon_core.event_handler.log_command:Invoking command in '/home/duong/Arduino/ROS2_ServiceRobot/kaia_ws/build/kaiaai': PYTHONPATH=/home/duong/Arduino/ROS2_ServiceRobot/kaia_ws/build/kaiaai/prefix_override:/usr/lib/python3/dist-packages/colcon_core/task/python/colcon_distutils_commands:/home/duong/Arduino/ROS2_ServiceRobot/kaia_ws/install/kaiaai/lib/python3.10/site-packages:${PYTHONPATH} /usr/bin/python3 -W ignore:setup.py install is deprecated -W ignore:easy_install command is deprecated setup.py develop --editable --build-directory /home/duong/Arduino/ROS2_ServiceRobot/kaia_ws/build/kaiaai/build --no-deps symlink_data
[3.957s] DEBUG:colcon.colcon_core.event_handler.log_command:Invoking command in '/home/duong/Arduino/ROS2_ServiceRobot/kaia_ws/build/kaiaai_web': PYTHONPATH=/home/duong/Arduino/ROS2_ServiceRobot/kaia_ws/build/kaiaai_web/prefix_override:/usr/lib/python3/dist-packages/colcon_core/task/python/colcon_distutils_commands:/home/duong/Arduino/ROS2_ServiceRobot/kaia_ws/install/kaiaai_web/lib/python3.10/site-packages:${PYTHONPATH} /usr/bin/python3 -W ignore:setup.py install is deprecated -W ignore:easy_install command is deprecated setup.py develop --editable --build-directory /home/duong/Arduino/ROS2_ServiceRobot/kaia_ws/build/kaiaai_web/build --no-deps symlink_data
[3.982s] DEBUG:colcon.colcon_core.event_handler.log_command:Invoking command in '/home/duong/Arduino/ROS2_ServiceRobot/kaia_ws/build/kaiaai_apps': PYTHONPATH=/home/duong/Arduino/ROS2_ServiceRobot/kaia_ws/build/kaiaai_apps/prefix_override:/usr/lib/python3/dist-packages/colcon_core/task/python/colcon_distutils_commands:/home/duong/Arduino/ROS2_ServiceRobot/kaia_ws/install/kaiaai_apps/lib/python3.10/site-packages:${PYTHONPATH} /usr/bin/python3 -W ignore:setup.py install is deprecated -W ignore:easy_install command is deprecated setup.py develop --editable --build-directory /home/duong/Arduino/ROS2_ServiceRobot/kaia_ws/build/kaiaai_apps/build --no-deps symlink_data
[3.990s] DEBUG:colcon.colcon_core.event_handler.log_command:Invoking command in '/home/duong/Arduino/ROS2_ServiceRobot/kaia_ws/build/kaiaai_teleop': PYTHONPATH=/home/duong/Arduino/ROS2_ServiceRobot/kaia_ws/build/kaiaai_teleop/prefix_override:/usr/lib/python3/dist-packages/colcon_core/task/python/colcon_distutils_commands:/home/duong/Arduino/ROS2_ServiceRobot/kaia_ws/install/kaiaai_teleop/lib/python3.10/site-packages:${PYTHONPATH} /usr/bin/python3 -W ignore:setup.py install is deprecated -W ignore:easy_install command is deprecated setup.py develop --editable --build-directory /home/duong/Arduino/ROS2_ServiceRobot/kaia_ws/build/kaiaai_teleop/build --no-deps symlink_data
[4.296s] Level 1:colcon.colcon_core.environment:create_environment_scripts_only(makerspet_mini)
[4.296s] DEBUG:colcon.colcon_core.event_handler.log_command:Invoked command in '/home/duong/Arduino/ROS2_ServiceRobot/kaia_ws/build/makerspet_mini' returned '0': CMAKE_PREFIX_PATH=${CMAKE_PREFIX_PATH}:/opt/ros/iron /usr/bin/cmake --install /home/duong/Arduino/ROS2_ServiceRobot/kaia_ws/build/makerspet_mini
[4.309s] Level 1:colcon.colcon_core.environment:checking '/home/duong/Arduino/ROS2_ServiceRobot/kaia_ws/install/makerspet_mini' for CMake module files
[4.310s] Level 1:colcon.colcon_core.environment:checking '/home/duong/Arduino/ROS2_ServiceRobot/kaia_ws/install/makerspet_mini' for CMake config files
[4.311s] Level 1:colcon.colcon_core.shell:create_environment_hook('makerspet_mini', 'cmake_prefix_path')
[4.311s] INFO:colcon.colcon_core.shell:Creating environment hook '/home/duong/Arduino/ROS2_ServiceRobot/kaia_ws/install/makerspet_mini/share/makerspet_mini/hook/cmake_prefix_path.ps1'
[4.315s] INFO:colcon.colcon_core.shell:Creating environment descriptor '/home/duong/Arduino/ROS2_ServiceRobot/kaia_ws/install/makerspet_mini/share/makerspet_mini/hook/cmake_prefix_path.dsv'
[4.316s] INFO:colcon.colcon_core.shell:Creating environment hook '/home/duong/Arduino/ROS2_ServiceRobot/kaia_ws/install/makerspet_mini/share/makerspet_mini/hook/cmake_prefix_path.sh'
[4.320s] Level 1:colcon.colcon_core.environment:checking '/home/duong/Arduino/ROS2_ServiceRobot/kaia_ws/install/makerspet_mini/bin'
[4.320s] Level 1:colcon.colcon_core.environment:checking '/home/duong/Arduino/ROS2_ServiceRobot/kaia_ws/install/makerspet_mini/lib/pkgconfig/makerspet_mini.pc'
[4.320s] Level 1:colcon.colcon_core.environment:checking '/home/duong/Arduino/ROS2_ServiceRobot/kaia_ws/install/makerspet_mini/lib/python3.10/site-packages'
[4.321s] Level 1:colcon.colcon_core.environment:checking '/home/duong/Arduino/ROS2_ServiceRobot/kaia_ws/install/makerspet_mini/bin'
[4.322s] INFO:colcon.colcon_core.shell:Creating package script '/home/duong/Arduino/ROS2_ServiceRobot/kaia_ws/install/makerspet_mini/share/makerspet_mini/package.ps1'
[4.324s] INFO:colcon.colcon_core.shell:Creating package descriptor '/home/duong/Arduino/ROS2_ServiceRobot/kaia_ws/install/makerspet_mini/share/makerspet_mini/package.dsv'
[4.325s] INFO:colcon.colcon_core.shell:Creating package script '/home/duong/Arduino/ROS2_ServiceRobot/kaia_ws/install/makerspet_mini/share/makerspet_mini/package.sh'
[4.327s] INFO:colcon.colcon_core.shell:Creating package script '/home/duong/Arduino/ROS2_ServiceRobot/kaia_ws/install/makerspet_mini/share/makerspet_mini/package.bash'
[4.329s] INFO:colcon.colcon_core.shell:Creating package script '/home/duong/Arduino/ROS2_ServiceRobot/kaia_ws/install/makerspet_mini/share/makerspet_mini/package.zsh'
[4.330s] Level 1:colcon.colcon_core.environment:create_file_with_runtime_dependencies(/home/duong/Arduino/ROS2_ServiceRobot/kaia_ws/install/makerspet_mini/share/colcon-core/packages/makerspet_mini)
[4.332s] Level 1:colcon.colcon_core.environment:create_environment_scripts_only(makerspet_mini)
[4.332s] Level 1:colcon.colcon_core.environment:checking '/home/duong/Arduino/ROS2_ServiceRobot/kaia_ws/install/makerspet_mini' for CMake module files
[4.333s] Level 1:colcon.colcon_core.environment:checking '/home/duong/Arduino/ROS2_ServiceRobot/kaia_ws/install/makerspet_mini' for CMake config files
[4.335s] Level 1:colcon.colcon_core.shell:create_environment_hook('makerspet_mini', 'cmake_prefix_path')
[4.335s] INFO:colcon.colcon_core.shell:Creating environment hook '/home/duong/Arduino/ROS2_ServiceRobot/kaia_ws/install/makerspet_mini/share/makerspet_mini/hook/cmake_prefix_path.ps1'
[4.336s] INFO:colcon.colcon_core.shell:Creating environment descriptor '/home/duong/Arduino/ROS2_ServiceRobot/kaia_ws/install/makerspet_mini/share/makerspet_mini/hook/cmake_prefix_path.dsv'
[4.337s] INFO:colcon.colcon_core.shell:Creating environment hook '/home/duong/Arduino/ROS2_ServiceRobot/kaia_ws/install/makerspet_mini/share/makerspet_mini/hook/cmake_prefix_path.sh'
[4.339s] Level 1:colcon.colcon_core.environment:checking '/home/duong/Arduino/ROS2_ServiceRobot/kaia_ws/install/makerspet_mini/bin'
[4.339s] Level 1:colcon.colcon_core.environment:checking '/home/duong/Arduino/ROS2_ServiceRobot/kaia_ws/install/makerspet_mini/lib/pkgconfig/makerspet_mini.pc'
[4.340s] Level 1:colcon.colcon_core.environment:checking '/home/duong/Arduino/ROS2_ServiceRobot/kaia_ws/install/makerspet_mini/lib/python3.10/site-packages'
[4.341s] Level 1:colcon.colcon_core.environment:checking '/home/duong/Arduino/ROS2_ServiceRobot/kaia_ws/install/makerspet_mini/bin'
[4.342s] INFO:colcon.colcon_core.shell:Creating package script '/home/duong/Arduino/ROS2_ServiceRobot/kaia_ws/install/makerspet_mini/share/makerspet_mini/package.ps1'
[4.344s] INFO:colcon.colcon_core.shell:Creating package descriptor '/home/duong/Arduino/ROS2_ServiceRobot/kaia_ws/install/makerspet_mini/share/makerspet_mini/package.dsv'
[4.345s] INFO:colcon.colcon_core.shell:Creating package script '/home/duong/Arduino/ROS2_ServiceRobot/kaia_ws/install/makerspet_mini/share/makerspet_mini/package.sh'
[4.346s] INFO:colcon.colcon_core.shell:Creating package script '/home/duong/Arduino/ROS2_ServiceRobot/kaia_ws/install/makerspet_mini/share/makerspet_mini/package.bash'
[4.347s] INFO:colcon.colcon_core.shell:Creating package script '/home/duong/Arduino/ROS2_ServiceRobot/kaia_ws/install/makerspet_mini/share/makerspet_mini/package.zsh'
[4.348s] Level 1:colcon.colcon_core.environment:create_file_with_runtime_dependencies(/home/duong/Arduino/ROS2_ServiceRobot/kaia_ws/install/makerspet_mini/share/colcon-core/packages/makerspet_mini)
[4.350s] INFO:colcon.colcon_ros.task.ament_cmake.build:Building ROS package in '/home/duong/Arduino/ROS2_ServiceRobot/kaia_ws/src/robot_serving_bot' with build type 'ament_cmake'
[4.350s] INFO:colcon.colcon_cmake.task.cmake.build:Building CMake package in '/home/duong/Arduino/ROS2_ServiceRobot/kaia_ws/src/robot_serving_bot'
[4.351s] INFO:colcon.colcon_core.shell:Skip shell extension 'powershell' for command environment: Not usable outside of PowerShell
[4.351s] DEBUG:colcon.colcon_core.shell:Skip shell extension 'dsv' for command environment
[4.368s] DEBUG:colcon.colcon_core.event_handler.log_command:Invoked command in '/home/duong/Arduino/ROS2_ServiceRobot/kaia_ws/build/makerspet_fido' returned '0': CMAKE_PREFIX_PATH=${CMAKE_PREFIX_PATH}:/opt/ros/iron /usr/bin/cmake /home/duong/Arduino/ROS2_ServiceRobot/kaia_ws/src/makerspet_fido -DAMENT_CMAKE_SYMLINK_INSTALL=1 -DCMAKE_INSTALL_PREFIX=/home/duong/Arduino/ROS2_ServiceRobot/kaia_ws/install/makerspet_fido
[4.369s] DEBUG:colcon.colcon_core.event_handler.log_command:Invoking command in '/home/duong/Arduino/ROS2_ServiceRobot/kaia_ws/build/makerspet_fido': CMAKE_PREFIX_PATH=${CMAKE_PREFIX_PATH}:/opt/ros/iron /usr/bin/cmake --build /home/duong/Arduino/ROS2_ServiceRobot/kaia_ws/build/makerspet_fido -- -j12 -l12
[4.371s] Level 1:colcon.colcon_core.environment:create_environment_scripts_only(makerspet_loki)
[4.371s] Level 1:colcon.colcon_core.environment:checking '/home/duong/Arduino/ROS2_ServiceRobot/kaia_ws/install/makerspet_loki' for CMake module files
[4.372s] Level 1:colcon.colcon_core.environment:checking '/home/duong/Arduino/ROS2_ServiceRobot/kaia_ws/install/makerspet_loki' for CMake config files
[4.374s] DEBUG:colcon.colcon_core.event_handler.log_command:Invoked command in '/home/duong/Arduino/ROS2_ServiceRobot/kaia_ws/build/makerspet_loki' returned '0': CMAKE_PREFIX_PATH=${CMAKE_PREFIX_PATH}:/opt/ros/iron /usr/bin/cmake --install /home/duong/Arduino/ROS2_ServiceRobot/kaia_ws/build/makerspet_loki
[4.375s] Level 1:colcon.colcon_core.shell:create_environment_hook('makerspet_loki', 'cmake_prefix_path')
[4.376s] INFO:colcon.colcon_core.shell:Creating environment hook '/home/duong/Arduino/ROS2_ServiceRobot/kaia_ws/install/makerspet_loki/share/makerspet_loki/hook/cmake_prefix_path.ps1'
[4.377s] INFO:colcon.colcon_core.shell:Creating environment descriptor '/home/duong/Arduino/ROS2_ServiceRobot/kaia_ws/install/makerspet_loki/share/makerspet_loki/hook/cmake_prefix_path.dsv'
[4.378s] INFO:colcon.colcon_core.shell:Creating environment hook '/home/duong/Arduino/ROS2_ServiceRobot/kaia_ws/install/makerspet_loki/share/makerspet_loki/hook/cmake_prefix_path.sh'
[4.380s] Level 1:colcon.colcon_core.environment:checking '/home/duong/Arduino/ROS2_ServiceRobot/kaia_ws/install/makerspet_loki/bin'
[4.380s] Level 1:colcon.colcon_core.environment:checking '/home/duong/Arduino/ROS2_ServiceRobot/kaia_ws/install/makerspet_loki/lib/pkgconfig/makerspet_loki.pc'
[4.380s] Level 1:colcon.colcon_core.environment:checking '/home/duong/Arduino/ROS2_ServiceRobot/kaia_ws/install/makerspet_loki/lib/python3.10/site-packages'
[4.381s] Level 1:colcon.colcon_core.environment:checking '/home/duong/Arduino/ROS2_ServiceRobot/kaia_ws/install/makerspet_loki/bin'
[4.382s] INFO:colcon.colcon_core.shell:Creating package script '/home/duong/Arduino/ROS2_ServiceRobot/kaia_ws/install/makerspet_loki/share/makerspet_loki/package.ps1'
[4.384s] INFO:colcon.colcon_core.shell:Creating package descriptor '/home/duong/Arduino/ROS2_ServiceRobot/kaia_ws/install/makerspet_loki/share/makerspet_loki/package.dsv'
[4.386s] INFO:colcon.colcon_core.shell:Creating package script '/home/duong/Arduino/ROS2_ServiceRobot/kaia_ws/install/makerspet_loki/share/makerspet_loki/package.sh'
[4.387s] INFO:colcon.colcon_core.shell:Creating package script '/home/duong/Arduino/ROS2_ServiceRobot/kaia_ws/install/makerspet_loki/share/makerspet_loki/package.bash'
[4.388s] INFO:colcon.colcon_core.shell:Creating package script '/home/duong/Arduino/ROS2_ServiceRobot/kaia_ws/install/makerspet_loki/share/makerspet_loki/package.zsh'
[4.389s] Level 1:colcon.colcon_core.environment:create_file_with_runtime_dependencies(/home/duong/Arduino/ROS2_ServiceRobot/kaia_ws/install/makerspet_loki/share/colcon-core/packages/makerspet_loki)
[4.390s] Level 1:colcon.colcon_core.environment:create_environment_scripts_only(makerspet_loki)
[4.390s] Level 1:colcon.colcon_core.environment:checking '/home/duong/Arduino/ROS2_ServiceRobot/kaia_ws/install/makerspet_loki' for CMake module files
[4.391s] Level 1:colcon.colcon_core.environment:checking '/home/duong/Arduino/ROS2_ServiceRobot/kaia_ws/install/makerspet_loki' for CMake config files
[4.393s] Level 1:colcon.colcon_core.shell:create_environment_hook('makerspet_loki', 'cmake_prefix_path')
[4.394s] INFO:colcon.colcon_core.shell:Creating environment hook '/home/duong/Arduino/ROS2_ServiceRobot/kaia_ws/install/makerspet_loki/share/makerspet_loki/hook/cmake_prefix_path.ps1'
[4.397s] INFO:colcon.colcon_core.shell:Creating environment descriptor '/home/duong/Arduino/ROS2_ServiceRobot/kaia_ws/install/makerspet_loki/share/makerspet_loki/hook/cmake_prefix_path.dsv'
[4.398s] INFO:colcon.colcon_core.shell:Creating environment hook '/home/duong/Arduino/ROS2_ServiceRobot/kaia_ws/install/makerspet_loki/share/makerspet_loki/hook/cmake_prefix_path.sh'
[4.399s] Level 1:colcon.colcon_core.environment:checking '/home/duong/Arduino/ROS2_ServiceRobot/kaia_ws/install/makerspet_loki/bin'
[4.400s] Level 1:colcon.colcon_core.environment:checking '/home/duong/Arduino/ROS2_ServiceRobot/kaia_ws/install/makerspet_loki/lib/pkgconfig/makerspet_loki.pc'
[4.400s] Level 1:colcon.colcon_core.environment:checking '/home/duong/Arduino/ROS2_ServiceRobot/kaia_ws/install/makerspet_loki/lib/python3.10/site-packages'
[4.401s] Level 1:colcon.colcon_core.environment:checking '/home/duong/Arduino/ROS2_ServiceRobot/kaia_ws/install/makerspet_loki/bin'
[4.401s] INFO:colcon.colcon_core.shell:Creating package script '/home/duong/Arduino/ROS2_ServiceRobot/kaia_ws/install/makerspet_loki/share/makerspet_loki/package.ps1'
[4.403s] INFO:colcon.colcon_core.shell:Creating package descriptor '/home/duong/Arduino/ROS2_ServiceRobot/kaia_ws/install/makerspet_loki/share/makerspet_loki/package.dsv'
[4.404s] INFO:colcon.colcon_core.shell:Creating package script '/home/duong/Arduino/ROS2_ServiceRobot/kaia_ws/install/makerspet_loki/share/makerspet_loki/package.sh'
[4.405s] INFO:colcon.colcon_core.shell:Creating package script '/home/duong/Arduino/ROS2_ServiceRobot/kaia_ws/install/makerspet_loki/share/makerspet_loki/package.bash'
[4.406s] INFO:colcon.colcon_core.shell:Creating package script '/home/duong/Arduino/ROS2_ServiceRobot/kaia_ws/install/makerspet_loki/share/makerspet_loki/package.zsh'
[4.408s] Level 1:colcon.colcon_core.environment:create_file_with_runtime_dependencies(/home/duong/Arduino/ROS2_ServiceRobot/kaia_ws/install/makerspet_loki/share/colcon-core/packages/makerspet_loki)
[4.415s] DEBUG:colcon.colcon_core.event_handler.log_command:Invoking command in '/home/duong/Arduino/ROS2_ServiceRobot/kaia_ws/build/robot_serving_bot': CMAKE_PREFIX_PATH=${CMAKE_PREFIX_PATH}:/opt/ros/iron /usr/bin/cmake /home/duong/Arduino/ROS2_ServiceRobot/kaia_ws/src/robot_serving_bot -DAMENT_CMAKE_SYMLINK_INSTALL=1 -DCMAKE_INSTALL_PREFIX=/home/duong/Arduino/ROS2_ServiceRobot/kaia_ws/install/robot_serving_bot
[4.467s] DEBUG:colcon.colcon_core.event_handler.log_command:Invoked command in '/home/duong/Arduino/ROS2_ServiceRobot/kaia_ws/build/makerspet_fido' returned '0': CMAKE_PREFIX_PATH=${CMAKE_PREFIX_PATH}:/opt/ros/iron /usr/bin/cmake --build /home/duong/Arduino/ROS2_ServiceRobot/kaia_ws/build/makerspet_fido -- -j12 -l12
[4.475s] DEBUG:colcon.colcon_core.event_handler.log_command:Invoking command in '/home/duong/Arduino/ROS2_ServiceRobot/kaia_ws/build/makerspet_fido': CMAKE_PREFIX_PATH=${CMAKE_PREFIX_PATH}:/opt/ros/iron /usr/bin/cmake --install /home/duong/Arduino/ROS2_ServiceRobot/kaia_ws/build/makerspet_fido
[4.757s] Level 1:colcon.colcon_core.environment:create_environment_scripts_only(makerspet_snoopy)
[4.758s] DEBUG:colcon.colcon_core.event_handler.log_command:Invoked command in '/home/duong/Arduino/ROS2_ServiceRobot/kaia_ws/build/makerspet_snoopy' returned '0': CMAKE_PREFIX_PATH=${CMAKE_PREFIX_PATH}:/opt/ros/iron /usr/bin/cmake --install /home/duong/Arduino/ROS2_ServiceRobot/kaia_ws/build/makerspet_snoopy
[4.758s] Level 1:colcon.colcon_core.environment:checking '/home/duong/Arduino/ROS2_ServiceRobot/kaia_ws/install/makerspet_snoopy' for CMake module files
[4.759s] Level 1:colcon.colcon_core.environment:checking '/home/duong/Arduino/ROS2_ServiceRobot/kaia_ws/install/makerspet_snoopy' for CMake config files
[4.760s] Level 1:colcon.colcon_core.shell:create_environment_hook('makerspet_snoopy', 'cmake_prefix_path')
[4.761s] INFO:colcon.colcon_core.shell:Creating environment hook '/home/duong/Arduino/ROS2_ServiceRobot/kaia_ws/install/makerspet_snoopy/share/makerspet_snoopy/hook/cmake_prefix_path.ps1'
[4.761s] INFO:colcon.colcon_core.shell:Creating environment descriptor '/home/duong/Arduino/ROS2_ServiceRobot/kaia_ws/install/makerspet_snoopy/share/makerspet_snoopy/hook/cmake_prefix_path.dsv'
[4.763s] INFO:colcon.colcon_core.shell:Creating environment hook '/home/duong/Arduino/ROS2_ServiceRobot/kaia_ws/install/makerspet_snoopy/share/makerspet_snoopy/hook/cmake_prefix_path.sh'
[4.765s] Level 1:colcon.colcon_core.environment:checking '/home/duong/Arduino/ROS2_ServiceRobot/kaia_ws/install/makerspet_snoopy/bin'
[4.765s] Level 1:colcon.colcon_core.environment:checking '/home/duong/Arduino/ROS2_ServiceRobot/kaia_ws/install/makerspet_snoopy/lib/pkgconfig/makerspet_snoopy.pc'
[4.766s] Level 1:colcon.colcon_core.environment:checking '/home/duong/Arduino/ROS2_ServiceRobot/kaia_ws/install/makerspet_snoopy/lib/python3.10/site-packages'
[4.766s] Level 1:colcon.colcon_core.environment:checking '/home/duong/Arduino/ROS2_ServiceRobot/kaia_ws/install/makerspet_snoopy/bin'
[4.767s] INFO:colcon.colcon_core.shell:Creating package script '/home/duong/Arduino/ROS2_ServiceRobot/kaia_ws/install/makerspet_snoopy/share/makerspet_snoopy/package.ps1'
[4.768s] INFO:colcon.colcon_core.shell:Creating package descriptor '/home/duong/Arduino/ROS2_ServiceRobot/kaia_ws/install/makerspet_snoopy/share/makerspet_snoopy/package.dsv'
[4.769s] INFO:colcon.colcon_core.shell:Creating package script '/home/duong/Arduino/ROS2_ServiceRobot/kaia_ws/install/makerspet_snoopy/share/makerspet_snoopy/package.sh'
[4.769s] INFO:colcon.colcon_core.shell:Creating package script '/home/duong/Arduino/ROS2_ServiceRobot/kaia_ws/install/makerspet_snoopy/share/makerspet_snoopy/package.bash'
[4.770s] INFO:colcon.colcon_core.shell:Creating package script '/home/duong/Arduino/ROS2_ServiceRobot/kaia_ws/install/makerspet_snoopy/share/makerspet_snoopy/package.zsh'
[4.771s] Level 1:colcon.colcon_core.environment:create_file_with_runtime_dependencies(/home/duong/Arduino/ROS2_ServiceRobot/kaia_ws/install/makerspet_snoopy/share/colcon-core/packages/makerspet_snoopy)
[4.772s] Level 1:colcon.colcon_core.environment:create_environment_scripts_only(makerspet_snoopy)
[4.773s] Level 1:colcon.colcon_core.environment:checking '/home/duong/Arduino/ROS2_ServiceRobot/kaia_ws/install/makerspet_snoopy' for CMake module files
[4.774s] Level 1:colcon.colcon_core.environment:checking '/home/duong/Arduino/ROS2_ServiceRobot/kaia_ws/install/makerspet_snoopy' for CMake config files
[4.775s] Level 1:colcon.colcon_core.shell:create_environment_hook('makerspet_snoopy', 'cmake_prefix_path')
[4.776s] INFO:colcon.colcon_core.shell:Creating environment hook '/home/duong/Arduino/ROS2_ServiceRobot/kaia_ws/install/makerspet_snoopy/share/makerspet_snoopy/hook/cmake_prefix_path.ps1'
[4.777s] INFO:colcon.colcon_core.shell:Creating environment descriptor '/home/duong/Arduino/ROS2_ServiceRobot/kaia_ws/install/makerspet_snoopy/share/makerspet_snoopy/hook/cmake_prefix_path.dsv'
[4.777s] INFO:colcon.colcon_core.shell:Creating environment hook '/home/duong/Arduino/ROS2_ServiceRobot/kaia_ws/install/makerspet_snoopy/share/makerspet_snoopy/hook/cmake_prefix_path.sh'
[4.779s] Level 1:colcon.colcon_core.environment:checking '/home/duong/Arduino/ROS2_ServiceRobot/kaia_ws/install/makerspet_snoopy/bin'
[4.779s] Level 1:colcon.colcon_core.environment:checking '/home/duong/Arduino/ROS2_ServiceRobot/kaia_ws/install/makerspet_snoopy/lib/pkgconfig/makerspet_snoopy.pc'
[4.780s] Level 1:colcon.colcon_core.environment:checking '/home/duong/Arduino/ROS2_ServiceRobot/kaia_ws/install/makerspet_snoopy/lib/python3.10/site-packages'
[4.781s] Level 1:colcon.colcon_core.environment:checking '/home/duong/Arduino/ROS2_ServiceRobot/kaia_ws/install/makerspet_snoopy/bin'
[4.783s] INFO:colcon.colcon_core.shell:Creating package script '/home/duong/Arduino/ROS2_ServiceRobot/kaia_ws/install/makerspet_snoopy/share/makerspet_snoopy/package.ps1'
[4.785s] INFO:colcon.colcon_core.shell:Creating package descriptor '/home/duong/Arduino/ROS2_ServiceRobot/kaia_ws/install/makerspet_snoopy/share/makerspet_snoopy/package.dsv'
[4.786s] INFO:colcon.colcon_core.shell:Creating package script '/home/duong/Arduino/ROS2_ServiceRobot/kaia_ws/install/makerspet_snoopy/share/makerspet_snoopy/package.sh'
[4.788s] INFO:colcon.colcon_core.shell:Creating package script '/home/duong/Arduino/ROS2_ServiceRobot/kaia_ws/install/makerspet_snoopy/share/makerspet_snoopy/package.bash'
[4.789s] INFO:colcon.colcon_core.shell:Creating package script '/home/duong/Arduino/ROS2_ServiceRobot/kaia_ws/install/makerspet_snoopy/share/makerspet_snoopy/package.zsh'
[4.790s] Level 1:colcon.colcon_core.environment:create_file_with_runtime_dependencies(/home/duong/Arduino/ROS2_ServiceRobot/kaia_ws/install/makerspet_snoopy/share/colcon-core/packages/makerspet_snoopy)
[4.986s] Level 1:colcon.colcon_core.shell:create_environment_hook('nav2_wfd', 'pythonpath_develop')
[4.987s] INFO:colcon.colcon_core.shell:Creating environment hook '/home/duong/Arduino/ROS2_ServiceRobot/kaia_ws/build/nav2_wfd/share/nav2_wfd/hook/pythonpath_develop.ps1'
[4.988s] DEBUG:colcon.colcon_core.event_handler.log_command:Invoked command in '/home/duong/Arduino/ROS2_ServiceRobot/kaia_ws/build/nav2_wfd' returned '0': PYTHONPATH=/home/duong/Arduino/ROS2_ServiceRobot/kaia_ws/build/nav2_wfd/prefix_override:/usr/lib/python3/dist-packages/colcon_core/task/python/colcon_distutils_commands:/home/duong/Arduino/ROS2_ServiceRobot/kaia_ws/install/nav2_wfd/lib/python3.10/site-packages:${PYTHONPATH} /usr/bin/python3 -W ignore:setup.py install is deprecated -W ignore:easy_install command is deprecated setup.py develop --editable --build-directory /home/duong/Arduino/ROS2_ServiceRobot/kaia_ws/build/nav2_wfd/build --no-deps symlink_data
[4.988s] INFO:colcon.colcon_core.shell:Creating environment descriptor '/home/duong/Arduino/ROS2_ServiceRobot/kaia_ws/build/nav2_wfd/share/nav2_wfd/hook/pythonpath_develop.dsv'
[4.989s] INFO:colcon.colcon_core.shell:Creating environment hook '/home/duong/Arduino/ROS2_ServiceRobot/kaia_ws/build/nav2_wfd/share/nav2_wfd/hook/pythonpath_develop.sh'
[4.990s] Level 1:colcon.colcon_core.environment:checking '/home/duong/Arduino/ROS2_ServiceRobot/kaia_ws/install/nav2_wfd' for CMake module files
[4.991s] Level 1:colcon.colcon_core.environment:checking '/home/duong/Arduino/ROS2_ServiceRobot/kaia_ws/install/nav2_wfd' for CMake config files
[4.991s] Level 1:colcon.colcon_core.environment:checking '/home/duong/Arduino/ROS2_ServiceRobot/kaia_ws/install/nav2_wfd/lib'
[4.992s] Level 1:colcon.colcon_core.environment:checking '/home/duong/Arduino/ROS2_ServiceRobot/kaia_ws/install/nav2_wfd/bin'
[4.992s] Level 1:colcon.colcon_core.environment:checking '/home/duong/Arduino/ROS2_ServiceRobot/kaia_ws/install/nav2_wfd/lib/pkgconfig/nav2_wfd.pc'
[4.992s] Level 1:colcon.colcon_core.environment:checking '/home/duong/Arduino/ROS2_ServiceRobot/kaia_ws/install/nav2_wfd/lib/python3.10/site-packages'
[4.992s] Level 1:colcon.colcon_core.shell:create_environment_hook('nav2_wfd', 'pythonpath')
[4.992s] INFO:colcon.colcon_core.shell:Creating environment hook '/home/duong/Arduino/ROS2_ServiceRobot/kaia_ws/install/nav2_wfd/share/nav2_wfd/hook/pythonpath.ps1'
[4.993s] INFO:colcon.colcon_core.shell:Creating environment descriptor '/home/duong/Arduino/ROS2_ServiceRobot/kaia_ws/install/nav2_wfd/share/nav2_wfd/hook/pythonpath.dsv'
[4.994s] INFO:colcon.colcon_core.shell:Creating environment hook '/home/duong/Arduino/ROS2_ServiceRobot/kaia_ws/install/nav2_wfd/share/nav2_wfd/hook/pythonpath.sh'
[4.995s] Level 1:colcon.colcon_core.environment:checking '/home/duong/Arduino/ROS2_ServiceRobot/kaia_ws/install/nav2_wfd/bin'
[4.995s] Level 1:colcon.colcon_core.environment:create_environment_scripts_only(nav2_wfd)
[4.997s] INFO:colcon.colcon_core.shell:Creating package script '/home/duong/Arduino/ROS2_ServiceRobot/kaia_ws/install/nav2_wfd/share/nav2_wfd/package.ps1'
[4.999s] INFO:colcon.colcon_core.shell:Creating package descriptor '/home/duong/Arduino/ROS2_ServiceRobot/kaia_ws/install/nav2_wfd/share/nav2_wfd/package.dsv'
[5.000s] INFO:colcon.colcon_core.shell:Creating package script '/home/duong/Arduino/ROS2_ServiceRobot/kaia_ws/install/nav2_wfd/share/nav2_wfd/package.sh'
[5.000s] INFO:colcon.colcon_core.shell:Creating package script '/home/duong/Arduino/ROS2_ServiceRobot/kaia_ws/install/nav2_wfd/share/nav2_wfd/package.bash'
[5.001s] INFO:colcon.colcon_core.shell:Creating package script '/home/duong/Arduino/ROS2_ServiceRobot/kaia_ws/install/nav2_wfd/share/nav2_wfd/package.zsh'
[5.001s] Level 1:colcon.colcon_core.environment:create_file_with_runtime_dependencies(/home/duong/Arduino/ROS2_ServiceRobot/kaia_ws/install/nav2_wfd/share/colcon-core/packages/nav2_wfd)
[5.031s] Level 1:colcon.colcon_core.shell:create_environment_hook('kaiaai', 'pythonpath_develop')
[5.032s] INFO:colcon.colcon_core.shell:Creating environment hook '/home/duong/Arduino/ROS2_ServiceRobot/kaia_ws/build/kaiaai/share/kaiaai/hook/pythonpath_develop.ps1'
[5.033s] DEBUG:colcon.colcon_core.event_handler.log_command:Invoked command in '/home/duong/Arduino/ROS2_ServiceRobot/kaia_ws/build/kaiaai' returned '0': PYTHONPATH=/home/duong/Arduino/ROS2_ServiceRobot/kaia_ws/build/kaiaai/prefix_override:/usr/lib/python3/dist-packages/colcon_core/task/python/colcon_distutils_commands:/home/duong/Arduino/ROS2_ServiceRobot/kaia_ws/install/kaiaai/lib/python3.10/site-packages:${PYTHONPATH} /usr/bin/python3 -W ignore:setup.py install is deprecated -W ignore:easy_install command is deprecated setup.py develop --editable --build-directory /home/duong/Arduino/ROS2_ServiceRobot/kaia_ws/build/kaiaai/build --no-deps symlink_data
[5.034s] INFO:colcon.colcon_core.shell:Creating environment descriptor '/home/duong/Arduino/ROS2_ServiceRobot/kaia_ws/build/kaiaai/share/kaiaai/hook/pythonpath_develop.dsv'
[5.035s] INFO:colcon.colcon_core.shell:Creating environment hook '/home/duong/Arduino/ROS2_ServiceRobot/kaia_ws/build/kaiaai/share/kaiaai/hook/pythonpath_develop.sh'
[5.036s] Level 1:colcon.colcon_core.environment:checking '/home/duong/Arduino/ROS2_ServiceRobot/kaia_ws/install/kaiaai' for CMake module files
[5.037s] Level 1:colcon.colcon_core.environment:checking '/home/duong/Arduino/ROS2_ServiceRobot/kaia_ws/install/kaiaai' for CMake config files
[5.038s] Level 1:colcon.colcon_core.environment:checking '/home/duong/Arduino/ROS2_ServiceRobot/kaia_ws/install/kaiaai/lib'
[5.038s] Level 1:colcon.colcon_core.environment:checking '/home/duong/Arduino/ROS2_ServiceRobot/kaia_ws/install/kaiaai/bin'
[5.038s] Level 1:colcon.colcon_core.environment:checking '/home/duong/Arduino/ROS2_ServiceRobot/kaia_ws/install/kaiaai/lib/pkgconfig/kaiaai.pc'
[5.039s] Level 1:colcon.colcon_core.environment:checking '/home/duong/Arduino/ROS2_ServiceRobot/kaia_ws/install/kaiaai/lib/python3.10/site-packages'
[5.039s] Level 1:colcon.colcon_core.shell:create_environment_hook('kaiaai', 'pythonpath')
[5.040s] INFO:colcon.colcon_core.shell:Creating environment hook '/home/duong/Arduino/ROS2_ServiceRobot/kaia_ws/install/kaiaai/share/kaiaai/hook/pythonpath.ps1'
[5.041s] INFO:colcon.colcon_core.shell:Creating environment descriptor '/home/duong/Arduino/ROS2_ServiceRobot/kaia_ws/install/kaiaai/share/kaiaai/hook/pythonpath.dsv'
[5.041s] INFO:colcon.colcon_core.shell:Creating environment hook '/home/duong/Arduino/ROS2_ServiceRobot/kaia_ws/install/kaiaai/share/kaiaai/hook/pythonpath.sh'
[5.043s] Level 1:colcon.colcon_core.environment:checking '/home/duong/Arduino/ROS2_ServiceRobot/kaia_ws/install/kaiaai/bin'
[5.043s] Level 1:colcon.colcon_core.environment:create_environment_scripts_only(kaiaai)
[5.044s] INFO:colcon.colcon_core.shell:Creating package script '/home/duong/Arduino/ROS2_ServiceRobot/kaia_ws/install/kaiaai/share/kaiaai/package.ps1'
[5.045s] INFO:colcon.colcon_core.shell:Creating package descriptor '/home/duong/Arduino/ROS2_ServiceRobot/kaia_ws/install/kaiaai/share/kaiaai/package.dsv'
[5.047s] INFO:colcon.colcon_core.shell:Creating package script '/home/duong/Arduino/ROS2_ServiceRobot/kaia_ws/install/kaiaai/share/kaiaai/package.sh'
[5.049s] INFO:colcon.colcon_core.shell:Creating package script '/home/duong/Arduino/ROS2_ServiceRobot/kaia_ws/install/kaiaai/share/kaiaai/package.bash'
[5.050s] INFO:colcon.colcon_core.shell:Creating package script '/home/duong/Arduino/ROS2_ServiceRobot/kaia_ws/install/kaiaai/share/kaiaai/package.zsh'
[5.051s] Level 1:colcon.colcon_core.environment:create_file_with_runtime_dependencies(/home/duong/Arduino/ROS2_ServiceRobot/kaia_ws/install/kaiaai/share/colcon-core/packages/kaiaai)
[5.052s] INFO:colcon.colcon_ros.task.ament_cmake.build:Building ROS package in '/home/duong/Arduino/ROS2_ServiceRobot/kaia_ws/src/kaiaai_gazebo' with build type 'ament_cmake'
[5.052s] INFO:colcon.colcon_cmake.task.cmake.build:Building CMake package in '/home/duong/Arduino/ROS2_ServiceRobot/kaia_ws/src/kaiaai_gazebo'
[5.052s] INFO:colcon.colcon_core.shell:Skip shell extension 'powershell' for command environment: Not usable outside of PowerShell
[5.053s] DEBUG:colcon.colcon_core.shell:Skip shell extension 'dsv' for command environment
[5.064s] INFO:colcon.colcon_ros.task.ament_python.build:Building ROS package in '/home/duong/Arduino/ROS2_ServiceRobot/kaia_ws/src/makerspet' with build type 'ament_python'
[5.064s] Level 1:colcon.colcon_core.shell:create_environment_hook('makerspet', 'ament_prefix_path')
[5.065s] INFO:colcon.colcon_core.shell:Creating environment hook '/home/duong/Arduino/ROS2_ServiceRobot/kaia_ws/install/makerspet/share/makerspet/hook/ament_prefix_path.ps1'
[5.066s] INFO:colcon.colcon_core.shell:Creating environment descriptor '/home/duong/Arduino/ROS2_ServiceRobot/kaia_ws/install/makerspet/share/makerspet/hook/ament_prefix_path.dsv'
[5.067s] INFO:colcon.colcon_core.shell:Creating environment hook '/home/duong/Arduino/ROS2_ServiceRobot/kaia_ws/install/makerspet/share/makerspet/hook/ament_prefix_path.sh'
[5.068s] INFO:colcon.colcon_core.shell:Skip shell extension 'powershell' for command environment: Not usable outside of PowerShell
[5.069s] DEBUG:colcon.colcon_core.shell:Skip shell extension 'dsv' for command environment
[5.096s] DEBUG:colcon.colcon_core.event_handler.log_command:Invoking command in '/home/duong/Arduino/ROS2_ServiceRobot/kaia_ws/build/kaiaai_gazebo': AMENT_PREFIX_PATH=/home/duong/Arduino/ROS2_ServiceRobot/kaia_ws/install/kaiaai:${AMENT_PREFIX_PATH} CMAKE_PREFIX_PATH=${CMAKE_PREFIX_PATH}:/opt/ros/iron PYTHONPATH=/home/duong/Arduino/ROS2_ServiceRobot/kaia_ws/build/kaiaai:/home/duong/Arduino/ROS2_ServiceRobot/kaia_ws/install/kaiaai/lib/python3.10/site-packages:${PYTHONPATH} /usr/bin/cmake /home/duong/Arduino/ROS2_ServiceRobot/kaia_ws/src/kaiaai_gazebo -DAMENT_CMAKE_SYMLINK_INSTALL=1 -DCMAKE_INSTALL_PREFIX=/home/duong/Arduino/ROS2_ServiceRobot/kaia_ws/install/kaiaai_gazebo
[5.590s] INFO:colcon.colcon_core.task.python.build:Building Python package in '/home/duong/Arduino/ROS2_ServiceRobot/kaia_ws/src/makerspet'
[5.590s] INFO:colcon.colcon_core.shell:Skip shell extension 'powershell' for command environment: Not usable outside of PowerShell
[5.590s] DEBUG:colcon.colcon_core.shell:Skip shell extension 'dsv' for command environment
[5.598s] Level 1:colcon.colcon_core.shell:create_environment_hook('kaiaai_web', 'pythonpath_develop')
[5.599s] INFO:colcon.colcon_core.shell:Creating environment hook '/home/duong/Arduino/ROS2_ServiceRobot/kaia_ws/build/kaiaai_web/share/kaiaai_web/hook/pythonpath_develop.ps1'
[5.601s] INFO:colcon.colcon_core.shell:Creating environment descriptor '/home/duong/Arduino/ROS2_ServiceRobot/kaia_ws/build/kaiaai_web/share/kaiaai_web/hook/pythonpath_develop.dsv'
[5.602s] INFO:colcon.colcon_core.shell:Creating environment hook '/home/duong/Arduino/ROS2_ServiceRobot/kaia_ws/build/kaiaai_web/share/kaiaai_web/hook/pythonpath_develop.sh'
[5.603s] Level 1:colcon.colcon_core.environment:checking '/home/duong/Arduino/ROS2_ServiceRobot/kaia_ws/install/kaiaai_web' for CMake module files
[5.605s] Level 1:colcon.colcon_core.environment:checking '/home/duong/Arduino/ROS2_ServiceRobot/kaia_ws/install/kaiaai_web' for CMake config files
[5.607s] Level 1:colcon.colcon_core.environment:checking '/home/duong/Arduino/ROS2_ServiceRobot/kaia_ws/install/kaiaai_web/lib'
[5.607s] Level 1:colcon.colcon_core.environment:checking '/home/duong/Arduino/ROS2_ServiceRobot/kaia_ws/install/kaiaai_web/bin'
[5.608s] Level 1:colcon.colcon_core.environment:checking '/home/duong/Arduino/ROS2_ServiceRobot/kaia_ws/install/kaiaai_web/lib/pkgconfig/kaiaai_web.pc'
[5.608s] Level 1:colcon.colcon_core.environment:checking '/home/duong/Arduino/ROS2_ServiceRobot/kaia_ws/install/kaiaai_web/lib/python3.10/site-packages'
[5.608s] Level 1:colcon.colcon_core.shell:create_environment_hook('kaiaai_web', 'pythonpath')
[5.609s] INFO:colcon.colcon_core.shell:Creating environment hook '/home/duong/Arduino/ROS2_ServiceRobot/kaia_ws/install/kaiaai_web/share/kaiaai_web/hook/pythonpath.ps1'
[5.609s] DEBUG:colcon.colcon_core.event_handler.log_command:Invoked command in '/home/duong/Arduino/ROS2_ServiceRobot/kaia_ws/build/kaiaai_web' returned '0': PYTHONPATH=/home/duong/Arduino/ROS2_ServiceRobot/kaia_ws/build/kaiaai_web/prefix_override:/usr/lib/python3/dist-packages/colcon_core/task/python/colcon_distutils_commands:/home/duong/Arduino/ROS2_ServiceRobot/kaia_ws/install/kaiaai_web/lib/python3.10/site-packages:${PYTHONPATH} /usr/bin/python3 -W ignore:setup.py install is deprecated -W ignore:easy_install command is deprecated setup.py develop --editable --build-directory /home/duong/Arduino/ROS2_ServiceRobot/kaia_ws/build/kaiaai_web/build --no-deps symlink_data
[5.610s] INFO:colcon.colcon_core.shell:Creating environment descriptor '/home/duong/Arduino/ROS2_ServiceRobot/kaia_ws/install/kaiaai_web/share/kaiaai_web/hook/pythonpath.dsv'
[5.610s] INFO:colcon.colcon_core.shell:Creating environment hook '/home/duong/Arduino/ROS2_ServiceRobot/kaia_ws/install/kaiaai_web/share/kaiaai_web/hook/pythonpath.sh'
[5.612s] Level 1:colcon.colcon_core.environment:checking '/home/duong/Arduino/ROS2_ServiceRobot/kaia_ws/install/kaiaai_web/bin'
[5.612s] Level 1:colcon.colcon_core.environment:create_environment_scripts_only(kaiaai_web)
[5.613s] INFO:colcon.colcon_core.shell:Creating package script '/home/duong/Arduino/ROS2_ServiceRobot/kaia_ws/install/kaiaai_web/share/kaiaai_web/package.ps1'
[5.615s] INFO:colcon.colcon_core.shell:Creating package descriptor '/home/duong/Arduino/ROS2_ServiceRobot/kaia_ws/install/kaiaai_web/share/kaiaai_web/package.dsv'
[5.616s] INFO:colcon.colcon_core.shell:Creating package script '/home/duong/Arduino/ROS2_ServiceRobot/kaia_ws/install/kaiaai_web/share/kaiaai_web/package.sh'
[5.617s] INFO:colcon.colcon_core.shell:Creating package script '/home/duong/Arduino/ROS2_ServiceRobot/kaia_ws/install/kaiaai_web/share/kaiaai_web/package.bash'
[5.618s] INFO:colcon.colcon_core.shell:Creating package script '/home/duong/Arduino/ROS2_ServiceRobot/kaia_ws/install/kaiaai_web/share/kaiaai_web/package.zsh'
[5.618s] Level 1:colcon.colcon_core.environment:create_file_with_runtime_dependencies(/home/duong/Arduino/ROS2_ServiceRobot/kaia_ws/install/kaiaai_web/share/colcon-core/packages/kaiaai_web)
[5.619s] Level 1:colcon.colcon_core.shell:create_environment_hook('kaiaai_apps', 'pythonpath_develop')
[5.620s] INFO:colcon.colcon_core.shell:Creating environment hook '/home/duong/Arduino/ROS2_ServiceRobot/kaia_ws/build/kaiaai_apps/share/kaiaai_apps/hook/pythonpath_develop.ps1'
[5.621s] DEBUG:colcon.colcon_core.event_handler.log_command:Invoked command in '/home/duong/Arduino/ROS2_ServiceRobot/kaia_ws/build/kaiaai_apps' returned '0': PYTHONPATH=/home/duong/Arduino/ROS2_ServiceRobot/kaia_ws/build/kaiaai_apps/prefix_override:/usr/lib/python3/dist-packages/colcon_core/task/python/colcon_distutils_commands:/home/duong/Arduino/ROS2_ServiceRobot/kaia_ws/install/kaiaai_apps/lib/python3.10/site-packages:${PYTHONPATH} /usr/bin/python3 -W ignore:setup.py install is deprecated -W ignore:easy_install command is deprecated setup.py develop --editable --build-directory /home/duong/Arduino/ROS2_ServiceRobot/kaia_ws/build/kaiaai_apps/build --no-deps symlink_data
[5.622s] INFO:colcon.colcon_core.shell:Creating environment descriptor '/home/duong/Arduino/ROS2_ServiceRobot/kaia_ws/build/kaiaai_apps/share/kaiaai_apps/hook/pythonpath_develop.dsv'
[5.623s] INFO:colcon.colcon_core.shell:Creating environment hook '/home/duong/Arduino/ROS2_ServiceRobot/kaia_ws/build/kaiaai_apps/share/kaiaai_apps/hook/pythonpath_develop.sh'
[5.624s] Level 1:colcon.colcon_core.environment:checking '/home/duong/Arduino/ROS2_ServiceRobot/kaia_ws/install/kaiaai_apps' for CMake module files
[5.625s] Level 1:colcon.colcon_core.environment:checking '/home/duong/Arduino/ROS2_ServiceRobot/kaia_ws/install/kaiaai_apps' for CMake config files
[5.627s] Level 1:colcon.colcon_core.environment:checking '/home/duong/Arduino/ROS2_ServiceRobot/kaia_ws/install/kaiaai_apps/lib'
[5.627s] Level 1:colcon.colcon_core.environment:checking '/home/duong/Arduino/ROS2_ServiceRobot/kaia_ws/install/kaiaai_apps/bin'
[5.627s] Level 1:colcon.colcon_core.environment:checking '/home/duong/Arduino/ROS2_ServiceRobot/kaia_ws/install/kaiaai_apps/lib/pkgconfig/kaiaai_apps.pc'
[5.628s] Level 1:colcon.colcon_core.environment:checking '/home/duong/Arduino/ROS2_ServiceRobot/kaia_ws/install/kaiaai_apps/lib/python3.10/site-packages'
[5.628s] Level 1:colcon.colcon_core.shell:create_environment_hook('kaiaai_apps', 'pythonpath')
[5.628s] INFO:colcon.colcon_core.shell:Creating environment hook '/home/duong/Arduino/ROS2_ServiceRobot/kaia_ws/install/kaiaai_apps/share/kaiaai_apps/hook/pythonpath.ps1'
[5.630s] INFO:colcon.colcon_core.shell:Creating environment descriptor '/home/duong/Arduino/ROS2_ServiceRobot/kaia_ws/install/kaiaai_apps/share/kaiaai_apps/hook/pythonpath.dsv'
[5.631s] INFO:colcon.colcon_core.shell:Creating environment hook '/home/duong/Arduino/ROS2_ServiceRobot/kaia_ws/install/kaiaai_apps/share/kaiaai_apps/hook/pythonpath.sh'
[5.632s] Level 1:colcon.colcon_core.environment:checking '/home/duong/Arduino/ROS2_ServiceRobot/kaia_ws/install/kaiaai_apps/bin'
[5.632s] Level 1:colcon.colcon_core.environment:create_environment_scripts_only(kaiaai_apps)
[5.633s] INFO:colcon.colcon_core.shell:Creating package script '/home/duong/Arduino/ROS2_ServiceRobot/kaia_ws/install/kaiaai_apps/share/kaiaai_apps/package.ps1'
[5.635s] INFO:colcon.colcon_core.shell:Creating package descriptor '/home/duong/Arduino/ROS2_ServiceRobot/kaia_ws/install/kaiaai_apps/share/kaiaai_apps/package.dsv'
[5.636s] INFO:colcon.colcon_core.shell:Creating package script '/home/duong/Arduino/ROS2_ServiceRobot/kaia_ws/install/kaiaai_apps/share/kaiaai_apps/package.sh'
[5.637s] INFO:colcon.colcon_core.shell:Creating package script '/home/duong/Arduino/ROS2_ServiceRobot/kaia_ws/install/kaiaai_apps/share/kaiaai_apps/package.bash'
[5.638s] INFO:colcon.colcon_core.shell:Creating package script '/home/duong/Arduino/ROS2_ServiceRobot/kaia_ws/install/kaiaai_apps/share/kaiaai_apps/package.zsh'
[5.638s] Level 1:colcon.colcon_core.environment:create_file_with_runtime_dependencies(/home/duong/Arduino/ROS2_ServiceRobot/kaia_ws/install/kaiaai_apps/share/colcon-core/packages/kaiaai_apps)
[5.639s] Level 1:colcon.colcon_core.shell:create_environment_hook('kaiaai_teleop', 'pythonpath_develop')
[5.640s] INFO:colcon.colcon_core.shell:Creating environment hook '/home/duong/Arduino/ROS2_ServiceRobot/kaia_ws/build/kaiaai_teleop/share/kaiaai_teleop/hook/pythonpath_develop.ps1'
[5.642s] DEBUG:colcon.colcon_core.event_handler.log_command:Invoked command in '/home/duong/Arduino/ROS2_ServiceRobot/kaia_ws/build/kaiaai_teleop' returned '0': PYTHONPATH=/home/duong/Arduino/ROS2_ServiceRobot/kaia_ws/build/kaiaai_teleop/prefix_override:/usr/lib/python3/dist-packages/colcon_core/task/python/colcon_distutils_commands:/home/duong/Arduino/ROS2_ServiceRobot/kaia_ws/install/kaiaai_teleop/lib/python3.10/site-packages:${PYTHONPATH} /usr/bin/python3 -W ignore:setup.py install is deprecated -W ignore:easy_install command is deprecated setup.py develop --editable --build-directory /home/duong/Arduino/ROS2_ServiceRobot/kaia_ws/build/kaiaai_teleop/build --no-deps symlink_data
[5.642s] INFO:colcon.colcon_core.shell:Creating environment descriptor '/home/duong/Arduino/ROS2_ServiceRobot/kaia_ws/build/kaiaai_teleop/share/kaiaai_teleop/hook/pythonpath_develop.dsv'
[5.643s] INFO:colcon.colcon_core.shell:Creating environment hook '/home/duong/Arduino/ROS2_ServiceRobot/kaia_ws/build/kaiaai_teleop/share/kaiaai_teleop/hook/pythonpath_develop.sh'
[5.644s] Level 1:colcon.colcon_core.environment:checking '/home/duong/Arduino/ROS2_ServiceRobot/kaia_ws/install/kaiaai_teleop' for CMake module files
[5.644s] Level 1:colcon.colcon_core.environment:checking '/home/duong/Arduino/ROS2_ServiceRobot/kaia_ws/install/kaiaai_teleop' for CMake config files
[5.645s] Level 1:colcon.colcon_core.environment:checking '/home/duong/Arduino/ROS2_ServiceRobot/kaia_ws/install/kaiaai_teleop/lib'
[5.645s] Level 1:colcon.colcon_core.environment:checking '/home/duong/Arduino/ROS2_ServiceRobot/kaia_ws/install/kaiaai_teleop/bin'
[5.646s] Level 1:colcon.colcon_core.environment:checking '/home/duong/Arduino/ROS2_ServiceRobot/kaia_ws/install/kaiaai_teleop/lib/pkgconfig/kaiaai_teleop.pc'
[5.646s] Level 1:colcon.colcon_core.environment:checking '/home/duong/Arduino/ROS2_ServiceRobot/kaia_ws/install/kaiaai_teleop/lib/python3.10/site-packages'
[5.646s] Level 1:colcon.colcon_core.shell:create_environment_hook('kaiaai_teleop', 'pythonpath')
[5.647s] INFO:colcon.colcon_core.shell:Creating environment hook '/home/duong/Arduino/ROS2_ServiceRobot/kaia_ws/install/kaiaai_teleop/share/kaiaai_teleop/hook/pythonpath.ps1'
[5.647s] INFO:colcon.colcon_core.shell:Creating environment descriptor '/home/duong/Arduino/ROS2_ServiceRobot/kaia_ws/install/kaiaai_teleop/share/kaiaai_teleop/hook/pythonpath.dsv'
[5.648s] INFO:colcon.colcon_core.shell:Creating environment hook '/home/duong/Arduino/ROS2_ServiceRobot/kaia_ws/install/kaiaai_teleop/share/kaiaai_teleop/hook/pythonpath.sh'
[5.649s] Level 1:colcon.colcon_core.environment:checking '/home/duong/Arduino/ROS2_ServiceRobot/kaia_ws/install/kaiaai_teleop/bin'
[5.649s] Level 1:colcon.colcon_core.environment:create_environment_scripts_only(kaiaai_teleop)
[5.650s] INFO:colcon.colcon_core.shell:Creating package script '/home/duong/Arduino/ROS2_ServiceRobot/kaia_ws/install/kaiaai_teleop/share/kaiaai_teleop/package.ps1'
[5.651s] INFO:colcon.colcon_core.shell:Creating package descriptor '/home/duong/Arduino/ROS2_ServiceRobot/kaia_ws/install/kaiaai_teleop/share/kaiaai_teleop/package.dsv'
[5.652s] INFO:colcon.colcon_core.shell:Creating package script '/home/duong/Arduino/ROS2_ServiceRobot/kaia_ws/install/kaiaai_teleop/share/kaiaai_teleop/package.sh'
[5.652s] INFO:colcon.colcon_core.shell:Creating package script '/home/duong/Arduino/ROS2_ServiceRobot/kaia_ws/install/kaiaai_teleop/share/kaiaai_teleop/package.bash'
[5.653s] INFO:colcon.colcon_core.shell:Creating package script '/home/duong/Arduino/ROS2_ServiceRobot/kaia_ws/install/kaiaai_teleop/share/kaiaai_teleop/package.zsh'
[5.653s] Level 1:colcon.colcon_core.environment:create_file_with_runtime_dependencies(/home/duong/Arduino/ROS2_ServiceRobot/kaia_ws/install/kaiaai_teleop/share/colcon-core/packages/kaiaai_teleop)
[5.654s] Level 1:colcon.colcon_core.environment:create_environment_scripts_only(makerspet_fido)
[5.655s] Level 1:colcon.colcon_core.environment:checking '/home/duong/Arduino/ROS2_ServiceRobot/kaia_ws/install/makerspet_fido' for CMake module files
[5.656s] DEBUG:colcon.colcon_core.event_handler.log_command:Invoked command in '/home/duong/Arduino/ROS2_ServiceRobot/kaia_ws/build/makerspet_fido' returned '0': CMAKE_PREFIX_PATH=${CMAKE_PREFIX_PATH}:/opt/ros/iron /usr/bin/cmake --install /home/duong/Arduino/ROS2_ServiceRobot/kaia_ws/build/makerspet_fido
[5.657s] Level 1:colcon.colcon_core.environment:checking '/home/duong/Arduino/ROS2_ServiceRobot/kaia_ws/install/makerspet_fido' for CMake config files
[5.658s] Level 1:colcon.colcon_core.shell:create_environment_hook('makerspet_fido', 'cmake_prefix_path')
[5.658s] INFO:colcon.colcon_core.shell:Creating environment hook '/home/duong/Arduino/ROS2_ServiceRobot/kaia_ws/install/makerspet_fido/share/makerspet_fido/hook/cmake_prefix_path.ps1'
[5.659s] INFO:colcon.colcon_core.shell:Creating environment descriptor '/home/duong/Arduino/ROS2_ServiceRobot/kaia_ws/install/makerspet_fido/share/makerspet_fido/hook/cmake_prefix_path.dsv'
[5.659s] INFO:colcon.colcon_core.shell:Creating environment hook '/home/duong/Arduino/ROS2_ServiceRobot/kaia_ws/install/makerspet_fido/share/makerspet_fido/hook/cmake_prefix_path.sh'
[5.660s] Level 1:colcon.colcon_core.environment:checking '/home/duong/Arduino/ROS2_ServiceRobot/kaia_ws/install/makerspet_fido/bin'
[5.660s] Level 1:colcon.colcon_core.environment:checking '/home/duong/Arduino/ROS2_ServiceRobot/kaia_ws/install/makerspet_fido/lib/pkgconfig/makerspet_fido.pc'
[5.661s] Level 1:colcon.colcon_core.environment:checking '/home/duong/Arduino/ROS2_ServiceRobot/kaia_ws/install/makerspet_fido/lib/python3.10/site-packages'
[5.661s] Level 1:colcon.colcon_core.environment:checking '/home/duong/Arduino/ROS2_ServiceRobot/kaia_ws/install/makerspet_fido/bin'
[5.662s] INFO:colcon.colcon_core.shell:Creating package script '/home/duong/Arduino/ROS2_ServiceRobot/kaia_ws/install/makerspet_fido/share/makerspet_fido/package.ps1'
[5.663s] INFO:colcon.colcon_core.shell:Creating package descriptor '/home/duong/Arduino/ROS2_ServiceRobot/kaia_ws/install/makerspet_fido/share/makerspet_fido/package.dsv'
[5.664s] INFO:colcon.colcon_core.shell:Creating package script '/home/duong/Arduino/ROS2_ServiceRobot/kaia_ws/install/makerspet_fido/share/makerspet_fido/package.sh'
[5.665s] INFO:colcon.colcon_core.shell:Creating package script '/home/duong/Arduino/ROS2_ServiceRobot/kaia_ws/install/makerspet_fido/share/makerspet_fido/package.bash'
[5.665s] INFO:colcon.colcon_core.shell:Creating package script '/home/duong/Arduino/ROS2_ServiceRobot/kaia_ws/install/makerspet_fido/share/makerspet_fido/package.zsh'
[5.666s] Level 1:colcon.colcon_core.environment:create_file_with_runtime_dependencies(/home/duong/Arduino/ROS2_ServiceRobot/kaia_ws/install/makerspet_fido/share/colcon-core/packages/makerspet_fido)
[5.667s] Level 1:colcon.colcon_core.environment:create_environment_scripts_only(makerspet_fido)
[5.667s] Level 1:colcon.colcon_core.environment:checking '/home/duong/Arduino/ROS2_ServiceRobot/kaia_ws/install/makerspet_fido' for CMake module files
[5.668s] Level 1:colcon.colcon_core.environment:checking '/home/duong/Arduino/ROS2_ServiceRobot/kaia_ws/install/makerspet_fido' for CMake config files
[5.669s] Level 1:colcon.colcon_core.shell:create_environment_hook('makerspet_fido', 'cmake_prefix_path')
[5.670s] INFO:colcon.colcon_core.shell:Creating environment hook '/home/duong/Arduino/ROS2_ServiceRobot/kaia_ws/install/makerspet_fido/share/makerspet_fido/hook/cmake_prefix_path.ps1'
[5.671s] INFO:colcon.colcon_core.shell:Creating environment descriptor '/home/duong/Arduino/ROS2_ServiceRobot/kaia_ws/install/makerspet_fido/share/makerspet_fido/hook/cmake_prefix_path.dsv'
[5.671s] INFO:colcon.colcon_core.shell:Creating environment hook '/home/duong/Arduino/ROS2_ServiceRobot/kaia_ws/install/makerspet_fido/share/makerspet_fido/hook/cmake_prefix_path.sh'
[5.672s] Level 1:colcon.colcon_core.environment:checking '/home/duong/Arduino/ROS2_ServiceRobot/kaia_ws/install/makerspet_fido/bin'
[5.672s] Level 1:colcon.colcon_core.environment:checking '/home/duong/Arduino/ROS2_ServiceRobot/kaia_ws/install/makerspet_fido/lib/pkgconfig/makerspet_fido.pc'
[5.673s] Level 1:colcon.colcon_core.environment:checking '/home/duong/Arduino/ROS2_ServiceRobot/kaia_ws/install/makerspet_fido/lib/python3.10/site-packages'
[5.673s] Level 1:colcon.colcon_core.environment:checking '/home/duong/Arduino/ROS2_ServiceRobot/kaia_ws/install/makerspet_fido/bin'
[5.674s] INFO:colcon.colcon_core.shell:Creating package script '/home/duong/Arduino/ROS2_ServiceRobot/kaia_ws/install/makerspet_fido/share/makerspet_fido/package.ps1'
[5.675s] INFO:colcon.colcon_core.shell:Creating package descriptor '/home/duong/Arduino/ROS2_ServiceRobot/kaia_ws/install/makerspet_fido/share/makerspet_fido/package.dsv'
[5.676s] INFO:colcon.colcon_core.shell:Creating package script '/home/duong/Arduino/ROS2_ServiceRobot/kaia_ws/install/makerspet_fido/share/makerspet_fido/package.sh'
[5.677s] INFO:colcon.colcon_core.shell:Creating package script '/home/duong/Arduino/ROS2_ServiceRobot/kaia_ws/install/makerspet_fido/share/makerspet_fido/package.bash'
[5.678s] INFO:colcon.colcon_core.shell:Creating package script '/home/duong/Arduino/ROS2_ServiceRobot/kaia_ws/install/makerspet_fido/share/makerspet_fido/package.zsh'
[5.679s] Level 1:colcon.colcon_core.environment:create_file_with_runtime_dependencies(/home/duong/Arduino/ROS2_ServiceRobot/kaia_ws/install/makerspet_fido/share/colcon-core/packages/makerspet_fido)
[5.683s] DEBUG:colcon.colcon_core.event_handler.log_command:Invoked command in '/home/duong/Arduino/ROS2_ServiceRobot/kaia_ws/build/kaiaai_msgs' returned '0': CMAKE_PREFIX_PATH=${CMAKE_PREFIX_PATH}:/opt/ros/iron /usr/bin/cmake /home/duong/Arduino/ROS2_ServiceRobot/kaia_ws/src/kaiaai_msgs -DAMENT_CMAKE_SYMLINK_INSTALL=1 -DCMAKE_INSTALL_PREFIX=/home/duong/Arduino/ROS2_ServiceRobot/kaia_ws/install/kaiaai_msgs
[5.683s] DEBUG:colcon.colcon_core.event_handler.log_command:Invoking command in '/home/duong/Arduino/ROS2_ServiceRobot/kaia_ws/build/kaiaai_msgs': CMAKE_PREFIX_PATH=${CMAKE_PREFIX_PATH}:/opt/ros/iron /usr/bin/cmake --build /home/duong/Arduino/ROS2_ServiceRobot/kaia_ws/build/kaiaai_msgs -- -j12 -l12
[6.126s] DEBUG:colcon.colcon_core.event_handler.log_command:Invoked command in '/home/duong/Arduino/ROS2_ServiceRobot/kaia_ws/build/robot_serving_bot' returned '0': CMAKE_PREFIX_PATH=${CMAKE_PREFIX_PATH}:/opt/ros/iron /usr/bin/cmake /home/duong/Arduino/ROS2_ServiceRobot/kaia_ws/src/robot_serving_bot -DAMENT_CMAKE_SYMLINK_INSTALL=1 -DCMAKE_INSTALL_PREFIX=/home/duong/Arduino/ROS2_ServiceRobot/kaia_ws/install/robot_serving_bot
[6.127s] DEBUG:colcon.colcon_core.event_handler.log_command:Invoking command in '/home/duong/Arduino/ROS2_ServiceRobot/kaia_ws/build/robot_serving_bot': CMAKE_PREFIX_PATH=${CMAKE_PREFIX_PATH}:/opt/ros/iron /usr/bin/cmake --build /home/duong/Arduino/ROS2_ServiceRobot/kaia_ws/build/robot_serving_bot -- -j12 -l12
[6.205s] DEBUG:colcon.colcon_core.event_handler.log_command:Invoked command in '/home/duong/Arduino/ROS2_ServiceRobot/kaia_ws/build/robot_serving_bot' returned '0': CMAKE_PREFIX_PATH=${CMAKE_PREFIX_PATH}:/opt/ros/iron /usr/bin/cmake --build /home/duong/Arduino/ROS2_ServiceRobot/kaia_ws/build/robot_serving_bot -- -j12 -l12
[6.207s] DEBUG:colcon.colcon_core.event_handler.log_command:Invoking command in '/home/duong/Arduino/ROS2_ServiceRobot/kaia_ws/build/robot_serving_bot': CMAKE_PREFIX_PATH=${CMAKE_PREFIX_PATH}:/opt/ros/iron /usr/bin/cmake --install /home/duong/Arduino/ROS2_ServiceRobot/kaia_ws/build/robot_serving_bot
[6.313s] DEBUG:colcon.colcon_core.event_handler.log_command:Invoking command in '/home/duong/Arduino/ROS2_ServiceRobot/kaia_ws/build/makerspet': AMENT_PREFIX_PATH=/home/duong/Arduino/ROS2_ServiceRobot/kaia_ws/install/kaiaai:${AMENT_PREFIX_PATH} PYTHONPATH=/home/duong/Arduino/ROS2_ServiceRobot/kaia_ws/build/makerspet/prefix_override:/usr/lib/python3/dist-packages/colcon_core/task/python/colcon_distutils_commands:/home/duong/Arduino/ROS2_ServiceRobot/kaia_ws/install/makerspet/lib/python3.10/site-packages:/home/duong/Arduino/ROS2_ServiceRobot/kaia_ws/build/kaiaai:/home/duong/Arduino/ROS2_ServiceRobot/kaia_ws/install/kaiaai/lib/python3.10/site-packages:${PYTHONPATH} /usr/bin/python3 -W ignore:setup.py install is deprecated -W ignore:easy_install command is deprecated setup.py develop --editable --build-directory /home/duong/Arduino/ROS2_ServiceRobot/kaia_ws/build/makerspet/build --no-deps symlink_data
[6.976s] Level 1:colcon.colcon_core.environment:create_environment_scripts_only(robot_serving_bot)
[6.976s] Level 1:colcon.colcon_core.environment:checking '/home/duong/Arduino/ROS2_ServiceRobot/kaia_ws/install/robot_serving_bot' for CMake module files
[6.977s] DEBUG:colcon.colcon_core.event_handler.log_command:Invoked command in '/home/duong/Arduino/ROS2_ServiceRobot/kaia_ws/build/robot_serving_bot' returned '0': CMAKE_PREFIX_PATH=${CMAKE_PREFIX_PATH}:/opt/ros/iron /usr/bin/cmake --install /home/duong/Arduino/ROS2_ServiceRobot/kaia_ws/build/robot_serving_bot
[6.978s] Level 1:colcon.colcon_core.environment:checking '/home/duong/Arduino/ROS2_ServiceRobot/kaia_ws/install/robot_serving_bot' for CMake config files
[6.979s] Level 1:colcon.colcon_core.shell:create_environment_hook('robot_serving_bot', 'cmake_prefix_path')
[6.979s] INFO:colcon.colcon_core.shell:Creating environment hook '/home/duong/Arduino/ROS2_ServiceRobot/kaia_ws/install/robot_serving_bot/share/robot_serving_bot/hook/cmake_prefix_path.ps1'
[6.980s] INFO:colcon.colcon_core.shell:Creating environment descriptor '/home/duong/Arduino/ROS2_ServiceRobot/kaia_ws/install/robot_serving_bot/share/robot_serving_bot/hook/cmake_prefix_path.dsv'
[6.981s] INFO:colcon.colcon_core.shell:Creating environment hook '/home/duong/Arduino/ROS2_ServiceRobot/kaia_ws/install/robot_serving_bot/share/robot_serving_bot/hook/cmake_prefix_path.sh'
[6.982s] Level 1:colcon.colcon_core.environment:checking '/home/duong/Arduino/ROS2_ServiceRobot/kaia_ws/install/robot_serving_bot/bin'
[6.982s] Level 1:colcon.colcon_core.environment:checking '/home/duong/Arduino/ROS2_ServiceRobot/kaia_ws/install/robot_serving_bot/lib/pkgconfig/robot_serving_bot.pc'
[6.982s] Level 1:colcon.colcon_core.environment:checking '/home/duong/Arduino/ROS2_ServiceRobot/kaia_ws/install/robot_serving_bot/lib/python3.10/site-packages'
[6.983s] Level 1:colcon.colcon_core.environment:checking '/home/duong/Arduino/ROS2_ServiceRobot/kaia_ws/install/robot_serving_bot/bin'
[6.983s] INFO:colcon.colcon_core.shell:Creating package script '/home/duong/Arduino/ROS2_ServiceRobot/kaia_ws/install/robot_serving_bot/share/robot_serving_bot/package.ps1'
[6.984s] INFO:colcon.colcon_core.shell:Creating package descriptor '/home/duong/Arduino/ROS2_ServiceRobot/kaia_ws/install/robot_serving_bot/share/robot_serving_bot/package.dsv'
[6.985s] INFO:colcon.colcon_core.shell:Creating package script '/home/duong/Arduino/ROS2_ServiceRobot/kaia_ws/install/robot_serving_bot/share/robot_serving_bot/package.sh'
[6.986s] INFO:colcon.colcon_core.shell:Creating package script '/home/duong/Arduino/ROS2_ServiceRobot/kaia_ws/install/robot_serving_bot/share/robot_serving_bot/package.bash'
[6.986s] INFO:colcon.colcon_core.shell:Creating package script '/home/duong/Arduino/ROS2_ServiceRobot/kaia_ws/install/robot_serving_bot/share/robot_serving_bot/package.zsh'
[6.987s] Level 1:colcon.colcon_core.environment:create_file_with_runtime_dependencies(/home/duong/Arduino/ROS2_ServiceRobot/kaia_ws/install/robot_serving_bot/share/colcon-core/packages/robot_serving_bot)
[6.988s] Level 1:colcon.colcon_core.environment:create_environment_scripts_only(robot_serving_bot)
[6.988s] Level 1:colcon.colcon_core.environment:checking '/home/duong/Arduino/ROS2_ServiceRobot/kaia_ws/install/robot_serving_bot' for CMake module files
[6.989s] Level 1:colcon.colcon_core.environment:checking '/home/duong/Arduino/ROS2_ServiceRobot/kaia_ws/install/robot_serving_bot' for CMake config files
[6.990s] Level 1:colcon.colcon_core.shell:create_environment_hook('robot_serving_bot', 'cmake_prefix_path')
[6.991s] INFO:colcon.colcon_core.shell:Creating environment hook '/home/duong/Arduino/ROS2_ServiceRobot/kaia_ws/install/robot_serving_bot/share/robot_serving_bot/hook/cmake_prefix_path.ps1'
[6.992s] INFO:colcon.colcon_core.shell:Creating environment descriptor '/home/duong/Arduino/ROS2_ServiceRobot/kaia_ws/install/robot_serving_bot/share/robot_serving_bot/hook/cmake_prefix_path.dsv'
[6.992s] INFO:colcon.colcon_core.shell:Creating environment hook '/home/duong/Arduino/ROS2_ServiceRobot/kaia_ws/install/robot_serving_bot/share/robot_serving_bot/hook/cmake_prefix_path.sh'
[6.993s] Level 1:colcon.colcon_core.environment:checking '/home/duong/Arduino/ROS2_ServiceRobot/kaia_ws/install/robot_serving_bot/bin'
[6.994s] Level 1:colcon.colcon_core.environment:checking '/home/duong/Arduino/ROS2_ServiceRobot/kaia_ws/install/robot_serving_bot/lib/pkgconfig/robot_serving_bot.pc'
[6.994s] Level 1:colcon.colcon_core.environment:checking '/home/duong/Arduino/ROS2_ServiceRobot/kaia_ws/install/robot_serving_bot/lib/python3.10/site-packages'
[6.995s] Level 1:colcon.colcon_core.environment:checking '/home/duong/Arduino/ROS2_ServiceRobot/kaia_ws/install/robot_serving_bot/bin'
[6.995s] INFO:colcon.colcon_core.shell:Creating package script '/home/duong/Arduino/ROS2_ServiceRobot/kaia_ws/install/robot_serving_bot/share/robot_serving_bot/package.ps1'
[6.996s] INFO:colcon.colcon_core.shell:Creating package descriptor '/home/duong/Arduino/ROS2_ServiceRobot/kaia_ws/install/robot_serving_bot/share/robot_serving_bot/package.dsv'
[6.997s] INFO:colcon.colcon_core.shell:Creating package script '/home/duong/Arduino/ROS2_ServiceRobot/kaia_ws/install/robot_serving_bot/share/robot_serving_bot/package.sh'
[6.999s] INFO:colcon.colcon_core.shell:Creating package script '/home/duong/Arduino/ROS2_ServiceRobot/kaia_ws/install/robot_serving_bot/share/robot_serving_bot/package.bash'
[6.999s] INFO:colcon.colcon_core.shell:Creating package script '/home/duong/Arduino/ROS2_ServiceRobot/kaia_ws/install/robot_serving_bot/share/robot_serving_bot/package.zsh'
[7.000s] Level 1:colcon.colcon_core.environment:create_file_with_runtime_dependencies(/home/duong/Arduino/ROS2_ServiceRobot/kaia_ws/install/robot_serving_bot/share/colcon-core/packages/robot_serving_bot)
[7.225s] Level 1:colcon.colcon_core.shell:create_environment_hook('makerspet', 'pythonpath_develop')
[7.226s] INFO:colcon.colcon_core.shell:Creating environment hook '/home/duong/Arduino/ROS2_ServiceRobot/kaia_ws/build/makerspet/share/makerspet/hook/pythonpath_develop.ps1'
[7.227s] DEBUG:colcon.colcon_core.event_handler.log_command:Invoked command in '/home/duong/Arduino/ROS2_ServiceRobot/kaia_ws/build/makerspet' returned '0': AMENT_PREFIX_PATH=/home/duong/Arduino/ROS2_ServiceRobot/kaia_ws/install/kaiaai:${AMENT_PREFIX_PATH} PYTHONPATH=/home/duong/Arduino/ROS2_ServiceRobot/kaia_ws/build/makerspet/prefix_override:/usr/lib/python3/dist-packages/colcon_core/task/python/colcon_distutils_commands:/home/duong/Arduino/ROS2_ServiceRobot/kaia_ws/install/makerspet/lib/python3.10/site-packages:/home/duong/Arduino/ROS2_ServiceRobot/kaia_ws/build/kaiaai:/home/duong/Arduino/ROS2_ServiceRobot/kaia_ws/install/kaiaai/lib/python3.10/site-packages:${PYTHONPATH} /usr/bin/python3 -W ignore:setup.py install is deprecated -W ignore:easy_install command is deprecated setup.py develop --editable --build-directory /home/duong/Arduino/ROS2_ServiceRobot/kaia_ws/build/makerspet/build --no-deps symlink_data
[7.228s] INFO:colcon.colcon_core.shell:Creating environment descriptor '/home/duong/Arduino/ROS2_ServiceRobot/kaia_ws/build/makerspet/share/makerspet/hook/pythonpath_develop.dsv'
[7.229s] INFO:colcon.colcon_core.shell:Creating environment hook '/home/duong/Arduino/ROS2_ServiceRobot/kaia_ws/build/makerspet/share/makerspet/hook/pythonpath_develop.sh'
[7.230s] Level 1:colcon.colcon_core.environment:checking '/home/duong/Arduino/ROS2_ServiceRobot/kaia_ws/install/makerspet' for CMake module files
[7.231s] Level 1:colcon.colcon_core.environment:checking '/home/duong/Arduino/ROS2_ServiceRobot/kaia_ws/install/makerspet' for CMake config files
[7.232s] Level 1:colcon.colcon_core.environment:checking '/home/duong/Arduino/ROS2_ServiceRobot/kaia_ws/install/makerspet/lib'
[7.232s] Level 1:colcon.colcon_core.environment:checking '/home/duong/Arduino/ROS2_ServiceRobot/kaia_ws/install/makerspet/bin'
[7.232s] Level 1:colcon.colcon_core.environment:checking '/home/duong/Arduino/ROS2_ServiceRobot/kaia_ws/install/makerspet/lib/pkgconfig/makerspet.pc'
[7.233s] Level 1:colcon.colcon_core.environment:checking '/home/duong/Arduino/ROS2_ServiceRobot/kaia_ws/install/makerspet/lib/python3.10/site-packages'
[7.233s] Level 1:colcon.colcon_core.shell:create_environment_hook('makerspet', 'pythonpath')
[7.233s] INFO:colcon.colcon_core.shell:Creating environment hook '/home/duong/Arduino/ROS2_ServiceRobot/kaia_ws/install/makerspet/share/makerspet/hook/pythonpath.ps1'
[7.234s] INFO:colcon.colcon_core.shell:Creating environment descriptor '/home/duong/Arduino/ROS2_ServiceRobot/kaia_ws/install/makerspet/share/makerspet/hook/pythonpath.dsv'
[7.235s] INFO:colcon.colcon_core.shell:Creating environment hook '/home/duong/Arduino/ROS2_ServiceRobot/kaia_ws/install/makerspet/share/makerspet/hook/pythonpath.sh'
[7.237s] Level 1:colcon.colcon_core.environment:checking '/home/duong/Arduino/ROS2_ServiceRobot/kaia_ws/install/makerspet/bin'
[7.237s] Level 1:colcon.colcon_core.environment:create_environment_scripts_only(makerspet)
[7.238s] INFO:colcon.colcon_core.shell:Creating package script '/home/duong/Arduino/ROS2_ServiceRobot/kaia_ws/install/makerspet/share/makerspet/package.ps1'
[7.239s] INFO:colcon.colcon_core.shell:Creating package descriptor '/home/duong/Arduino/ROS2_ServiceRobot/kaia_ws/install/makerspet/share/makerspet/package.dsv'
[7.240s] INFO:colcon.colcon_core.shell:Creating package script '/home/duong/Arduino/ROS2_ServiceRobot/kaia_ws/install/makerspet/share/makerspet/package.sh'
[7.241s] INFO:colcon.colcon_core.shell:Creating package script '/home/duong/Arduino/ROS2_ServiceRobot/kaia_ws/install/makerspet/share/makerspet/package.bash'
[7.242s] INFO:colcon.colcon_core.shell:Creating package script '/home/duong/Arduino/ROS2_ServiceRobot/kaia_ws/install/makerspet/share/makerspet/package.zsh'
[7.243s] Level 1:colcon.colcon_core.environment:create_file_with_runtime_dependencies(/home/duong/Arduino/ROS2_ServiceRobot/kaia_ws/install/makerspet/share/colcon-core/packages/makerspet)
[8.387s] DEBUG:colcon.colcon_core.event_handler.log_command:Invoked command in '/home/duong/Arduino/ROS2_ServiceRobot/kaia_ws/build/kaiaai_gazebo' returned '0': AMENT_PREFIX_PATH=/home/duong/Arduino/ROS2_ServiceRobot/kaia_ws/install/kaiaai:${AMENT_PREFIX_PATH} CMAKE_PREFIX_PATH=${CMAKE_PREFIX_PATH}:/opt/ros/iron PYTHONPATH=/home/duong/Arduino/ROS2_ServiceRobot/kaia_ws/build/kaiaai:/home/duong/Arduino/ROS2_ServiceRobot/kaia_ws/install/kaiaai/lib/python3.10/site-packages:${PYTHONPATH} /usr/bin/cmake /home/duong/Arduino/ROS2_ServiceRobot/kaia_ws/src/kaiaai_gazebo -DAMENT_CMAKE_SYMLINK_INSTALL=1 -DCMAKE_INSTALL_PREFIX=/home/duong/Arduino/ROS2_ServiceRobot/kaia_ws/install/kaiaai_gazebo
[8.388s] DEBUG:colcon.colcon_core.event_handler.log_command:Invoking command in '/home/duong/Arduino/ROS2_ServiceRobot/kaia_ws/build/kaiaai_gazebo': AMENT_PREFIX_PATH=/home/duong/Arduino/ROS2_ServiceRobot/kaia_ws/install/kaiaai:${AMENT_PREFIX_PATH} CMAKE_PREFIX_PATH=${CMAKE_PREFIX_PATH}:/opt/ros/iron PYTHONPATH=/home/duong/Arduino/ROS2_ServiceRobot/kaia_ws/build/kaiaai:/home/duong/Arduino/ROS2_ServiceRobot/kaia_ws/install/kaiaai/lib/python3.10/site-packages:${PYTHONPATH} /usr/bin/cmake --build /home/duong/Arduino/ROS2_ServiceRobot/kaia_ws/build/kaiaai_gazebo -- -j12 -l12
[10.684s] DEBUG:colcon.colcon_core.event_handler.log_command:Invoked command in '/home/duong/Arduino/ROS2_ServiceRobot/kaia_ws/build/explore_lite' returned '0': CMAKE_PREFIX_PATH=${CMAKE_PREFIX_PATH}:/opt/ros/iron /usr/bin/cmake /home/duong/Arduino/ROS2_ServiceRobot/kaia_ws/src/m-explore-ros2/explore -DAMENT_CMAKE_SYMLINK_INSTALL=1 -DCMAKE_INSTALL_PREFIX=/home/duong/Arduino/ROS2_ServiceRobot/kaia_ws/install/explore_lite
[10.685s] DEBUG:colcon.colcon_core.event_handler.log_command:Invoking command in '/home/duong/Arduino/ROS2_ServiceRobot/kaia_ws/build/explore_lite': CMAKE_PREFIX_PATH=${CMAKE_PREFIX_PATH}:/opt/ros/iron /usr/bin/cmake --build /home/duong/Arduino/ROS2_ServiceRobot/kaia_ws/build/explore_lite -- -j12 -l12
[14.423s] DEBUG:colcon.colcon_core.event_handler.log_command:Invoked command in '/home/duong/Arduino/ROS2_ServiceRobot/kaia_ws/build/kaiaai_msgs' returned '0': CMAKE_PREFIX_PATH=${CMAKE_PREFIX_PATH}:/opt/ros/iron /usr/bin/cmake --build /home/duong/Arduino/ROS2_ServiceRobot/kaia_ws/build/kaiaai_msgs -- -j12 -l12
[14.426s] DEBUG:colcon.colcon_core.event_handler.log_command:Invoking command in '/home/duong/Arduino/ROS2_ServiceRobot/kaia_ws/build/kaiaai_msgs': CMAKE_PREFIX_PATH=${CMAKE_PREFIX_PATH}:/opt/ros/iron /usr/bin/cmake --install /home/duong/Arduino/ROS2_ServiceRobot/kaia_ws/build/kaiaai_msgs
[16.763s] Level 1:colcon.colcon_core.environment:create_environment_scripts_only(kaiaai_msgs)
[16.764s] Level 1:colcon.colcon_core.environment:checking '/home/duong/Arduino/ROS2_ServiceRobot/kaia_ws/install/kaiaai_msgs' for CMake module files
[16.764s] DEBUG:colcon.colcon_core.event_handler.log_command:Invoked command in '/home/duong/Arduino/ROS2_ServiceRobot/kaia_ws/build/kaiaai_msgs' returned '0': CMAKE_PREFIX_PATH=${CMAKE_PREFIX_PATH}:/opt/ros/iron /usr/bin/cmake --install /home/duong/Arduino/ROS2_ServiceRobot/kaia_ws/build/kaiaai_msgs
[16.765s] Level 1:colcon.colcon_core.environment:checking '/home/duong/Arduino/ROS2_ServiceRobot/kaia_ws/install/kaiaai_msgs' for CMake config files
[16.766s] Level 1:colcon.colcon_core.shell:create_environment_hook('kaiaai_msgs', 'cmake_prefix_path')
[16.767s] INFO:colcon.colcon_core.shell:Creating environment hook '/home/duong/Arduino/ROS2_ServiceRobot/kaia_ws/install/kaiaai_msgs/share/kaiaai_msgs/hook/cmake_prefix_path.ps1'
[16.767s] INFO:colcon.colcon_core.shell:Creating environment descriptor '/home/duong/Arduino/ROS2_ServiceRobot/kaia_ws/install/kaiaai_msgs/share/kaiaai_msgs/hook/cmake_prefix_path.dsv'
[16.768s] INFO:colcon.colcon_core.shell:Creating environment hook '/home/duong/Arduino/ROS2_ServiceRobot/kaia_ws/install/kaiaai_msgs/share/kaiaai_msgs/hook/cmake_prefix_path.sh'
[16.769s] Level 1:colcon.colcon_core.environment:checking '/home/duong/Arduino/ROS2_ServiceRobot/kaia_ws/install/kaiaai_msgs/lib'
[16.769s] Level 1:colcon.colcon_core.shell:create_environment_hook('kaiaai_msgs', 'ld_library_path_lib')
[16.769s] INFO:colcon.colcon_core.shell:Creating environment hook '/home/duong/Arduino/ROS2_ServiceRobot/kaia_ws/install/kaiaai_msgs/share/kaiaai_msgs/hook/ld_library_path_lib.ps1'
[16.770s] INFO:colcon.colcon_core.shell:Creating environment descriptor '/home/duong/Arduino/ROS2_ServiceRobot/kaia_ws/install/kaiaai_msgs/share/kaiaai_msgs/hook/ld_library_path_lib.dsv'
[16.771s] INFO:colcon.colcon_core.shell:Creating environment hook '/home/duong/Arduino/ROS2_ServiceRobot/kaia_ws/install/kaiaai_msgs/share/kaiaai_msgs/hook/ld_library_path_lib.sh'
[16.771s] Level 1:colcon.colcon_core.environment:checking '/home/duong/Arduino/ROS2_ServiceRobot/kaia_ws/install/kaiaai_msgs/bin'
[16.772s] Level 1:colcon.colcon_core.environment:checking '/home/duong/Arduino/ROS2_ServiceRobot/kaia_ws/install/kaiaai_msgs/lib/pkgconfig/kaiaai_msgs.pc'
[16.772s] Level 1:colcon.colcon_core.environment:checking '/home/duong/Arduino/ROS2_ServiceRobot/kaia_ws/install/kaiaai_msgs/lib/python3.10/site-packages'
[16.772s] Level 1:colcon.colcon_core.shell:create_environment_hook('kaiaai_msgs', 'pythonpath')
[16.772s] INFO:colcon.colcon_core.shell:Creating environment hook '/home/duong/Arduino/ROS2_ServiceRobot/kaia_ws/install/kaiaai_msgs/share/kaiaai_msgs/hook/pythonpath.ps1'
[16.773s] INFO:colcon.colcon_core.shell:Creating environment descriptor '/home/duong/Arduino/ROS2_ServiceRobot/kaia_ws/install/kaiaai_msgs/share/kaiaai_msgs/hook/pythonpath.dsv'
[16.774s] INFO:colcon.colcon_core.shell:Creating environment hook '/home/duong/Arduino/ROS2_ServiceRobot/kaia_ws/install/kaiaai_msgs/share/kaiaai_msgs/hook/pythonpath.sh'
[16.775s] Level 1:colcon.colcon_core.environment:checking '/home/duong/Arduino/ROS2_ServiceRobot/kaia_ws/install/kaiaai_msgs/bin'
[16.776s] INFO:colcon.colcon_core.shell:Creating package script '/home/duong/Arduino/ROS2_ServiceRobot/kaia_ws/install/kaiaai_msgs/share/kaiaai_msgs/package.ps1'
[16.777s] INFO:colcon.colcon_core.shell:Creating package descriptor '/home/duong/Arduino/ROS2_ServiceRobot/kaia_ws/install/kaiaai_msgs/share/kaiaai_msgs/package.dsv'
[16.778s] INFO:colcon.colcon_core.shell:Creating package script '/home/duong/Arduino/ROS2_ServiceRobot/kaia_ws/install/kaiaai_msgs/share/kaiaai_msgs/package.sh'
[16.779s] INFO:colcon.colcon_core.shell:Creating package script '/home/duong/Arduino/ROS2_ServiceRobot/kaia_ws/install/kaiaai_msgs/share/kaiaai_msgs/package.bash'
[16.779s] INFO:colcon.colcon_core.shell:Creating package script '/home/duong/Arduino/ROS2_ServiceRobot/kaia_ws/install/kaiaai_msgs/share/kaiaai_msgs/package.zsh'
[16.780s] Level 1:colcon.colcon_core.environment:create_file_with_runtime_dependencies(/home/duong/Arduino/ROS2_ServiceRobot/kaia_ws/install/kaiaai_msgs/share/colcon-core/packages/kaiaai_msgs)
[16.781s] Level 1:colcon.colcon_core.environment:create_environment_scripts_only(kaiaai_msgs)
[16.781s] Level 1:colcon.colcon_core.environment:checking '/home/duong/Arduino/ROS2_ServiceRobot/kaia_ws/install/kaiaai_msgs' for CMake module files
[16.782s] Level 1:colcon.colcon_core.environment:checking '/home/duong/Arduino/ROS2_ServiceRobot/kaia_ws/install/kaiaai_msgs' for CMake config files
[16.783s] Level 1:colcon.colcon_core.shell:create_environment_hook('kaiaai_msgs', 'cmake_prefix_path')
[16.784s] INFO:colcon.colcon_core.shell:Creating environment hook '/home/duong/Arduino/ROS2_ServiceRobot/kaia_ws/install/kaiaai_msgs/share/kaiaai_msgs/hook/cmake_prefix_path.ps1'
[16.784s] INFO:colcon.colcon_core.shell:Creating environment descriptor '/home/duong/Arduino/ROS2_ServiceRobot/kaia_ws/install/kaiaai_msgs/share/kaiaai_msgs/hook/cmake_prefix_path.dsv'
[16.785s] INFO:colcon.colcon_core.shell:Creating environment hook '/home/duong/Arduino/ROS2_ServiceRobot/kaia_ws/install/kaiaai_msgs/share/kaiaai_msgs/hook/cmake_prefix_path.sh'
[16.786s] Level 1:colcon.colcon_core.environment:checking '/home/duong/Arduino/ROS2_ServiceRobot/kaia_ws/install/kaiaai_msgs/lib'
[16.786s] Level 1:colcon.colcon_core.shell:create_environment_hook('kaiaai_msgs', 'ld_library_path_lib')
[16.786s] INFO:colcon.colcon_core.shell:Creating environment hook '/home/duong/Arduino/ROS2_ServiceRobot/kaia_ws/install/kaiaai_msgs/share/kaiaai_msgs/hook/ld_library_path_lib.ps1'
[16.787s] INFO:colcon.colcon_core.shell:Creating environment descriptor '/home/duong/Arduino/ROS2_ServiceRobot/kaia_ws/install/kaiaai_msgs/share/kaiaai_msgs/hook/ld_library_path_lib.dsv'
[16.788s] INFO:colcon.colcon_core.shell:Creating environment hook '/home/duong/Arduino/ROS2_ServiceRobot/kaia_ws/install/kaiaai_msgs/share/kaiaai_msgs/hook/ld_library_path_lib.sh'
[16.789s] Level 1:colcon.colcon_core.environment:checking '/home/duong/Arduino/ROS2_ServiceRobot/kaia_ws/install/kaiaai_msgs/bin'
[16.789s] Level 1:colcon.colcon_core.environment:checking '/home/duong/Arduino/ROS2_ServiceRobot/kaia_ws/install/kaiaai_msgs/lib/pkgconfig/kaiaai_msgs.pc'
[16.789s] Level 1:colcon.colcon_core.environment:checking '/home/duong/Arduino/ROS2_ServiceRobot/kaia_ws/install/kaiaai_msgs/lib/python3.10/site-packages'
[16.789s] Level 1:colcon.colcon_core.shell:create_environment_hook('kaiaai_msgs', 'pythonpath')
[16.789s] INFO:colcon.colcon_core.shell:Creating environment hook '/home/duong/Arduino/ROS2_ServiceRobot/kaia_ws/install/kaiaai_msgs/share/kaiaai_msgs/hook/pythonpath.ps1'
[16.790s] INFO:colcon.colcon_core.shell:Creating environment descriptor '/home/duong/Arduino/ROS2_ServiceRobot/kaia_ws/install/kaiaai_msgs/share/kaiaai_msgs/hook/pythonpath.dsv'
[16.791s] INFO:colcon.colcon_core.shell:Creating environment hook '/home/duong/Arduino/ROS2_ServiceRobot/kaia_ws/install/kaiaai_msgs/share/kaiaai_msgs/hook/pythonpath.sh'
[16.792s] Level 1:colcon.colcon_core.environment:checking '/home/duong/Arduino/ROS2_ServiceRobot/kaia_ws/install/kaiaai_msgs/bin'
[16.793s] INFO:colcon.colcon_core.shell:Creating package script '/home/duong/Arduino/ROS2_ServiceRobot/kaia_ws/install/kaiaai_msgs/share/kaiaai_msgs/package.ps1'
[16.794s] INFO:colcon.colcon_core.shell:Creating package descriptor '/home/duong/Arduino/ROS2_ServiceRobot/kaia_ws/install/kaiaai_msgs/share/kaiaai_msgs/package.dsv'
[16.795s] INFO:colcon.colcon_core.shell:Creating package script '/home/duong/Arduino/ROS2_ServiceRobot/kaia_ws/install/kaiaai_msgs/share/kaiaai_msgs/package.sh'
[16.796s] INFO:colcon.colcon_core.shell:Creating package script '/home/duong/Arduino/ROS2_ServiceRobot/kaia_ws/install/kaiaai_msgs/share/kaiaai_msgs/package.bash'
[16.797s] INFO:colcon.colcon_core.shell:Creating package script '/home/duong/Arduino/ROS2_ServiceRobot/kaia_ws/install/kaiaai_msgs/share/kaiaai_msgs/package.zsh'
[16.798s] Level 1:colcon.colcon_core.environment:create_file_with_runtime_dependencies(/home/duong/Arduino/ROS2_ServiceRobot/kaia_ws/install/kaiaai_msgs/share/colcon-core/packages/kaiaai_msgs)
[16.798s] INFO:colcon.colcon_ros.task.ament_cmake.build:Building ROS package in '/home/duong/Arduino/ROS2_ServiceRobot/kaia_ws/src/kaiaai_telemetry' with build type 'ament_cmake'
[16.800s] INFO:colcon.colcon_cmake.task.cmake.build:Building CMake package in '/home/duong/Arduino/ROS2_ServiceRobot/kaia_ws/src/kaiaai_telemetry'
[16.800s] INFO:colcon.colcon_core.shell:Skip shell extension 'powershell' for command environment: Not usable outside of PowerShell
[16.800s] DEBUG:colcon.colcon_core.shell:Skip shell extension 'dsv' for command environment
[17.606s] DEBUG:colcon.colcon_core.event_handler.log_command:Invoking command in '/home/duong/Arduino/ROS2_ServiceRobot/kaia_ws/build/kaiaai_telemetry': AMENT_PREFIX_PATH=/home/duong/Arduino/ROS2_ServiceRobot/kaia_ws/install/kaiaai_msgs:${AMENT_PREFIX_PATH} CMAKE_PREFIX_PATH=/home/duong/Arduino/ROS2_ServiceRobot/kaia_ws/install/kaiaai_msgs:/home/duong/Arduino/ROS2_ServiceRobot/uros_ws/install/micro_ros_setup:/home/duong/Arduino/ROS2_ServiceRobot/uros_ws/install/micro_ros_agent:/home/duong/Arduino/ROS2_ServiceRobot/uros_ws/install/micro_ros_msgs:/home/duong/Arduino/ROS2_ServiceRobot/uros_ws/install/drive_base_msgs:/opt/ros/iron LD_LIBRARY_PATH=/home/duong/Arduino/ROS2_ServiceRobot/kaia_ws/install/kaiaai_msgs/lib:${LD_LIBRARY_PATH} PYTHONPATH=/home/duong/Arduino/ROS2_ServiceRobot/kaia_ws/install/kaiaai_msgs/lib/python3.10/site-packages:${PYTHONPATH} /usr/bin/cmake /home/duong/Arduino/ROS2_ServiceRobot/kaia_ws/src/kaiaai_telemetry -DAMENT_CMAKE_SYMLINK_INSTALL=1 -DCMAKE_INSTALL_PREFIX=/home/duong/Arduino/ROS2_ServiceRobot/kaia_ws/install/kaiaai_telemetry
[17.752s] DEBUG:colcon.colcon_core.event_handler.log_command:Invoked command in '/home/duong/Arduino/ROS2_ServiceRobot/kaia_ws/build/auto_mapper' returned '0': CMAKE_PREFIX_PATH=${CMAKE_PREFIX_PATH}:/opt/ros/iron /usr/bin/cmake /home/duong/Arduino/ROS2_ServiceRobot/kaia_ws/src/auto_mapper -DAMENT_CMAKE_SYMLINK_INSTALL=1 -DCMAKE_INSTALL_PREFIX=/home/duong/Arduino/ROS2_ServiceRobot/kaia_ws/install/auto_mapper
[17.753s] DEBUG:colcon.colcon_core.event_handler.log_command:Invoking command in '/home/duong/Arduino/ROS2_ServiceRobot/kaia_ws/build/auto_mapper': CMAKE_PREFIX_PATH=${CMAKE_PREFIX_PATH}:/opt/ros/iron /usr/bin/cmake --build /home/duong/Arduino/ROS2_ServiceRobot/kaia_ws/build/auto_mapper -- -j12 -l12
[20.737s] DEBUG:colcon.colcon_core.event_handler.log_command:Invoked command in '/home/duong/Arduino/ROS2_ServiceRobot/kaia_ws/build/kaiaai_telemetry' returned '0': AMENT_PREFIX_PATH=/home/duong/Arduino/ROS2_ServiceRobot/kaia_ws/install/kaiaai_msgs:${AMENT_PREFIX_PATH} CMAKE_PREFIX_PATH=/home/duong/Arduino/ROS2_ServiceRobot/kaia_ws/install/kaiaai_msgs:/home/duong/Arduino/ROS2_ServiceRobot/uros_ws/install/micro_ros_setup:/home/duong/Arduino/ROS2_ServiceRobot/uros_ws/install/micro_ros_agent:/home/duong/Arduino/ROS2_ServiceRobot/uros_ws/install/micro_ros_msgs:/home/duong/Arduino/ROS2_ServiceRobot/uros_ws/install/drive_base_msgs:/opt/ros/iron LD_LIBRARY_PATH=/home/duong/Arduino/ROS2_ServiceRobot/kaia_ws/install/kaiaai_msgs/lib:${LD_LIBRARY_PATH} PYTHONPATH=/home/duong/Arduino/ROS2_ServiceRobot/kaia_ws/install/kaiaai_msgs/lib/python3.10/site-packages:${PYTHONPATH} /usr/bin/cmake /home/duong/Arduino/ROS2_ServiceRobot/kaia_ws/src/kaiaai_telemetry -DAMENT_CMAKE_SYMLINK_INSTALL=1 -DCMAKE_INSTALL_PREFIX=/home/duong/Arduino/ROS2_ServiceRobot/kaia_ws/install/kaiaai_telemetry
[20.738s] DEBUG:colcon.colcon_core.event_handler.log_command:Invoking command in '/home/duong/Arduino/ROS2_ServiceRobot/kaia_ws/build/kaiaai_telemetry': AMENT_PREFIX_PATH=/home/duong/Arduino/ROS2_ServiceRobot/kaia_ws/install/kaiaai_msgs:${AMENT_PREFIX_PATH} CMAKE_PREFIX_PATH=/home/duong/Arduino/ROS2_ServiceRobot/kaia_ws/install/kaiaai_msgs:/home/duong/Arduino/ROS2_ServiceRobot/uros_ws/install/micro_ros_setup:/home/duong/Arduino/ROS2_ServiceRobot/uros_ws/install/micro_ros_agent:/home/duong/Arduino/ROS2_ServiceRobot/uros_ws/install/micro_ros_msgs:/home/duong/Arduino/ROS2_ServiceRobot/uros_ws/install/drive_base_msgs:/opt/ros/iron LD_LIBRARY_PATH=/home/duong/Arduino/ROS2_ServiceRobot/kaia_ws/install/kaiaai_msgs/lib:${LD_LIBRARY_PATH} PYTHONPATH=/home/duong/Arduino/ROS2_ServiceRobot/kaia_ws/install/kaiaai_msgs/lib/python3.10/site-packages:${PYTHONPATH} /usr/bin/cmake --build /home/duong/Arduino/ROS2_ServiceRobot/kaia_ws/build/kaiaai_telemetry -- -j12 -l12
[24.303s] DEBUG:colcon.colcon_core.event_handler.log_command:Invoked command in '/home/duong/Arduino/ROS2_ServiceRobot/kaia_ws/build/kaiaai_gazebo' returned '0': AMENT_PREFIX_PATH=/home/duong/Arduino/ROS2_ServiceRobot/kaia_ws/install/kaiaai:${AMENT_PREFIX_PATH} CMAKE_PREFIX_PATH=${CMAKE_PREFIX_PATH}:/opt/ros/iron PYTHONPATH=/home/duong/Arduino/ROS2_ServiceRobot/kaia_ws/build/kaiaai:/home/duong/Arduino/ROS2_ServiceRobot/kaia_ws/install/kaiaai/lib/python3.10/site-packages:${PYTHONPATH} /usr/bin/cmake --build /home/duong/Arduino/ROS2_ServiceRobot/kaia_ws/build/kaiaai_gazebo -- -j12 -l12
[24.305s] DEBUG:colcon.colcon_core.event_handler.log_command:Invoking command in '/home/duong/Arduino/ROS2_ServiceRobot/kaia_ws/build/kaiaai_gazebo': AMENT_PREFIX_PATH=/home/duong/Arduino/ROS2_ServiceRobot/kaia_ws/install/kaiaai:${AMENT_PREFIX_PATH} CMAKE_PREFIX_PATH=${CMAKE_PREFIX_PATH}:/opt/ros/iron PYTHONPATH=/home/duong/Arduino/ROS2_ServiceRobot/kaia_ws/build/kaiaai:/home/duong/Arduino/ROS2_ServiceRobot/kaia_ws/install/kaiaai/lib/python3.10/site-packages:${PYTHONPATH} /usr/bin/cmake --install /home/duong/Arduino/ROS2_ServiceRobot/kaia_ws/build/kaiaai_gazebo
[28.086s] Level 1:colcon.colcon_core.environment:create_environment_scripts_only(kaiaai_gazebo)
[28.087s] Level 1:colcon.colcon_core.environment:checking '/home/duong/Arduino/ROS2_ServiceRobot/kaia_ws/install/kaiaai_gazebo' for CMake module files
[28.088s] DEBUG:colcon.colcon_core.event_handler.log_command:Invoked command in '/home/duong/Arduino/ROS2_ServiceRobot/kaia_ws/build/kaiaai_gazebo' returned '0': AMENT_PREFIX_PATH=/home/duong/Arduino/ROS2_ServiceRobot/kaia_ws/install/kaiaai:${AMENT_PREFIX_PATH} CMAKE_PREFIX_PATH=${CMAKE_PREFIX_PATH}:/opt/ros/iron PYTHONPATH=/home/duong/Arduino/ROS2_ServiceRobot/kaia_ws/build/kaiaai:/home/duong/Arduino/ROS2_ServiceRobot/kaia_ws/install/kaiaai/lib/python3.10/site-packages:${PYTHONPATH} /usr/bin/cmake --install /home/duong/Arduino/ROS2_ServiceRobot/kaia_ws/build/kaiaai_gazebo
[28.089s] Level 1:colcon.colcon_core.environment:checking '/home/duong/Arduino/ROS2_ServiceRobot/kaia_ws/install/kaiaai_gazebo' for CMake config files
[28.089s] Level 1:colcon.colcon_core.shell:create_environment_hook('kaiaai_gazebo', 'cmake_prefix_path')
[28.090s] INFO:colcon.colcon_core.shell:Creating environment hook '/home/duong/Arduino/ROS2_ServiceRobot/kaia_ws/install/kaiaai_gazebo/share/kaiaai_gazebo/hook/cmake_prefix_path.ps1'
[28.091s] INFO:colcon.colcon_core.shell:Creating environment descriptor '/home/duong/Arduino/ROS2_ServiceRobot/kaia_ws/install/kaiaai_gazebo/share/kaiaai_gazebo/hook/cmake_prefix_path.dsv'
[28.092s] INFO:colcon.colcon_core.shell:Creating environment hook '/home/duong/Arduino/ROS2_ServiceRobot/kaia_ws/install/kaiaai_gazebo/share/kaiaai_gazebo/hook/cmake_prefix_path.sh'
[28.093s] Level 1:colcon.colcon_core.environment:checking '/home/duong/Arduino/ROS2_ServiceRobot/kaia_ws/install/kaiaai_gazebo/lib'
[28.093s] Level 1:colcon.colcon_core.environment:checking '/home/duong/Arduino/ROS2_ServiceRobot/kaia_ws/install/kaiaai_gazebo/bin'
[28.093s] Level 1:colcon.colcon_core.environment:checking '/home/duong/Arduino/ROS2_ServiceRobot/kaia_ws/install/kaiaai_gazebo/lib/pkgconfig/kaiaai_gazebo.pc'
[28.093s] Level 1:colcon.colcon_core.environment:checking '/home/duong/Arduino/ROS2_ServiceRobot/kaia_ws/install/kaiaai_gazebo/lib/python3.10/site-packages'
[28.093s] Level 1:colcon.colcon_core.environment:checking '/home/duong/Arduino/ROS2_ServiceRobot/kaia_ws/install/kaiaai_gazebo/bin'
[28.093s] INFO:colcon.colcon_core.shell:Creating package script '/home/duong/Arduino/ROS2_ServiceRobot/kaia_ws/install/kaiaai_gazebo/share/kaiaai_gazebo/package.ps1'
[28.094s] INFO:colcon.colcon_core.shell:Creating package descriptor '/home/duong/Arduino/ROS2_ServiceRobot/kaia_ws/install/kaiaai_gazebo/share/kaiaai_gazebo/package.dsv'
[28.095s] INFO:colcon.colcon_core.shell:Creating package script '/home/duong/Arduino/ROS2_ServiceRobot/kaia_ws/install/kaiaai_gazebo/share/kaiaai_gazebo/package.sh'
[28.096s] INFO:colcon.colcon_core.shell:Creating package script '/home/duong/Arduino/ROS2_ServiceRobot/kaia_ws/install/kaiaai_gazebo/share/kaiaai_gazebo/package.bash'
[28.096s] INFO:colcon.colcon_core.shell:Creating package script '/home/duong/Arduino/ROS2_ServiceRobot/kaia_ws/install/kaiaai_gazebo/share/kaiaai_gazebo/package.zsh'
[28.096s] Level 1:colcon.colcon_core.environment:create_file_with_runtime_dependencies(/home/duong/Arduino/ROS2_ServiceRobot/kaia_ws/install/kaiaai_gazebo/share/colcon-core/packages/kaiaai_gazebo)
[28.097s] Level 1:colcon.colcon_core.environment:create_environment_scripts_only(kaiaai_gazebo)
[28.097s] Level 1:colcon.colcon_core.environment:checking '/home/duong/Arduino/ROS2_ServiceRobot/kaia_ws/install/kaiaai_gazebo' for CMake module files
[28.098s] Level 1:colcon.colcon_core.environment:checking '/home/duong/Arduino/ROS2_ServiceRobot/kaia_ws/install/kaiaai_gazebo' for CMake config files
[28.098s] Level 1:colcon.colcon_core.shell:create_environment_hook('kaiaai_gazebo', 'cmake_prefix_path')
[28.098s] INFO:colcon.colcon_core.shell:Creating environment hook '/home/duong/Arduino/ROS2_ServiceRobot/kaia_ws/install/kaiaai_gazebo/share/kaiaai_gazebo/hook/cmake_prefix_path.ps1'
[28.099s] INFO:colcon.colcon_core.shell:Creating environment descriptor '/home/duong/Arduino/ROS2_ServiceRobot/kaia_ws/install/kaiaai_gazebo/share/kaiaai_gazebo/hook/cmake_prefix_path.dsv'
[28.099s] INFO:colcon.colcon_core.shell:Creating environment hook '/home/duong/Arduino/ROS2_ServiceRobot/kaia_ws/install/kaiaai_gazebo/share/kaiaai_gazebo/hook/cmake_prefix_path.sh'
[28.100s] Level 1:colcon.colcon_core.environment:checking '/home/duong/Arduino/ROS2_ServiceRobot/kaia_ws/install/kaiaai_gazebo/lib'
[28.100s] Level 1:colcon.colcon_core.environment:checking '/home/duong/Arduino/ROS2_ServiceRobot/kaia_ws/install/kaiaai_gazebo/bin'
[28.100s] Level 1:colcon.colcon_core.environment:checking '/home/duong/Arduino/ROS2_ServiceRobot/kaia_ws/install/kaiaai_gazebo/lib/pkgconfig/kaiaai_gazebo.pc'
[28.100s] Level 1:colcon.colcon_core.environment:checking '/home/duong/Arduino/ROS2_ServiceRobot/kaia_ws/install/kaiaai_gazebo/lib/python3.10/site-packages'
[28.100s] Level 1:colcon.colcon_core.environment:checking '/home/duong/Arduino/ROS2_ServiceRobot/kaia_ws/install/kaiaai_gazebo/bin'
[28.100s] INFO:colcon.colcon_core.shell:Creating package script '/home/duong/Arduino/ROS2_ServiceRobot/kaia_ws/install/kaiaai_gazebo/share/kaiaai_gazebo/package.ps1'
[28.102s] INFO:colcon.colcon_core.shell:Creating package descriptor '/home/duong/Arduino/ROS2_ServiceRobot/kaia_ws/install/kaiaai_gazebo/share/kaiaai_gazebo/package.dsv'
[28.102s] INFO:colcon.colcon_core.shell:Creating package script '/home/duong/Arduino/ROS2_ServiceRobot/kaia_ws/install/kaiaai_gazebo/share/kaiaai_gazebo/package.sh'
[28.102s] INFO:colcon.colcon_core.shell:Creating package script '/home/duong/Arduino/ROS2_ServiceRobot/kaia_ws/install/kaiaai_gazebo/share/kaiaai_gazebo/package.bash'
[28.103s] INFO:colcon.colcon_core.shell:Creating package script '/home/duong/Arduino/ROS2_ServiceRobot/kaia_ws/install/kaiaai_gazebo/share/kaiaai_gazebo/package.zsh'
[28.103s] Level 1:colcon.colcon_core.environment:create_file_with_runtime_dependencies(/home/duong/Arduino/ROS2_ServiceRobot/kaia_ws/install/kaiaai_gazebo/share/colcon-core/packages/kaiaai_gazebo)
[30.251s] DEBUG:colcon.colcon_core.event_handler.log_command:Invoked command in '/home/duong/Arduino/ROS2_ServiceRobot/kaia_ws/build/explore_lite' returned '0': CMAKE_PREFIX_PATH=${CMAKE_PREFIX_PATH}:/opt/ros/iron /usr/bin/cmake --build /home/duong/Arduino/ROS2_ServiceRobot/kaia_ws/build/explore_lite -- -j12 -l12
[30.254s] DEBUG:colcon.colcon_core.event_handler.log_command:Invoking command in '/home/duong/Arduino/ROS2_ServiceRobot/kaia_ws/build/explore_lite': CMAKE_PREFIX_PATH=${CMAKE_PREFIX_PATH}:/opt/ros/iron /usr/bin/cmake --install /home/duong/Arduino/ROS2_ServiceRobot/kaia_ws/build/explore_lite
[32.346s] Level 1:colcon.colcon_core.environment:create_environment_scripts_only(explore_lite)
[32.347s] Level 1:colcon.colcon_core.environment:checking '/home/duong/Arduino/ROS2_ServiceRobot/kaia_ws/install/explore_lite' for CMake module files
[32.348s] DEBUG:colcon.colcon_core.event_handler.log_command:Invoked command in '/home/duong/Arduino/ROS2_ServiceRobot/kaia_ws/build/explore_lite' returned '0': CMAKE_PREFIX_PATH=${CMAKE_PREFIX_PATH}:/opt/ros/iron /usr/bin/cmake --install /home/duong/Arduino/ROS2_ServiceRobot/kaia_ws/build/explore_lite
[32.348s] Level 1:colcon.colcon_core.environment:checking '/home/duong/Arduino/ROS2_ServiceRobot/kaia_ws/install/explore_lite' for CMake config files
[32.349s] Level 1:colcon.colcon_core.shell:create_environment_hook('explore_lite', 'cmake_prefix_path')
[32.349s] INFO:colcon.colcon_core.shell:Creating environment hook '/home/duong/Arduino/ROS2_ServiceRobot/kaia_ws/install/explore_lite/share/explore_lite/hook/cmake_prefix_path.ps1'
[32.350s] INFO:colcon.colcon_core.shell:Creating environment descriptor '/home/duong/Arduino/ROS2_ServiceRobot/kaia_ws/install/explore_lite/share/explore_lite/hook/cmake_prefix_path.dsv'
[32.350s] INFO:colcon.colcon_core.shell:Creating environment hook '/home/duong/Arduino/ROS2_ServiceRobot/kaia_ws/install/explore_lite/share/explore_lite/hook/cmake_prefix_path.sh'
[32.351s] Level 1:colcon.colcon_core.environment:checking '/home/duong/Arduino/ROS2_ServiceRobot/kaia_ws/install/explore_lite/lib'
[32.351s] Level 1:colcon.colcon_core.environment:checking '/home/duong/Arduino/ROS2_ServiceRobot/kaia_ws/install/explore_lite/bin'
[32.351s] Level 1:colcon.colcon_core.environment:checking '/home/duong/Arduino/ROS2_ServiceRobot/kaia_ws/install/explore_lite/lib/pkgconfig/explore_lite.pc'
[32.351s] Level 1:colcon.colcon_core.environment:checking '/home/duong/Arduino/ROS2_ServiceRobot/kaia_ws/install/explore_lite/lib/python3.10/site-packages'
[32.352s] Level 1:colcon.colcon_core.environment:checking '/home/duong/Arduino/ROS2_ServiceRobot/kaia_ws/install/explore_lite/bin'
[32.352s] INFO:colcon.colcon_core.shell:Creating package script '/home/duong/Arduino/ROS2_ServiceRobot/kaia_ws/install/explore_lite/share/explore_lite/package.ps1'
[32.353s] INFO:colcon.colcon_core.shell:Creating package descriptor '/home/duong/Arduino/ROS2_ServiceRobot/kaia_ws/install/explore_lite/share/explore_lite/package.dsv'
[32.353s] INFO:colcon.colcon_core.shell:Creating package script '/home/duong/Arduino/ROS2_ServiceRobot/kaia_ws/install/explore_lite/share/explore_lite/package.sh'
[32.354s] INFO:colcon.colcon_core.shell:Creating package script '/home/duong/Arduino/ROS2_ServiceRobot/kaia_ws/install/explore_lite/share/explore_lite/package.bash'
[32.355s] INFO:colcon.colcon_core.shell:Creating package script '/home/duong/Arduino/ROS2_ServiceRobot/kaia_ws/install/explore_lite/share/explore_lite/package.zsh'
[32.355s] Level 1:colcon.colcon_core.environment:create_file_with_runtime_dependencies(/home/duong/Arduino/ROS2_ServiceRobot/kaia_ws/install/explore_lite/share/colcon-core/packages/explore_lite)
[32.356s] Level 1:colcon.colcon_core.environment:create_environment_scripts_only(explore_lite)
[32.356s] Level 1:colcon.colcon_core.environment:checking '/home/duong/Arduino/ROS2_ServiceRobot/kaia_ws/install/explore_lite' for CMake module files
[32.357s] Level 1:colcon.colcon_core.environment:checking '/home/duong/Arduino/ROS2_ServiceRobot/kaia_ws/install/explore_lite' for CMake config files
[32.357s] Level 1:colcon.colcon_core.shell:create_environment_hook('explore_lite', 'cmake_prefix_path')
[32.358s] INFO:colcon.colcon_core.shell:Creating environment hook '/home/duong/Arduino/ROS2_ServiceRobot/kaia_ws/install/explore_lite/share/explore_lite/hook/cmake_prefix_path.ps1'
[32.358s] INFO:colcon.colcon_core.shell:Creating environment descriptor '/home/duong/Arduino/ROS2_ServiceRobot/kaia_ws/install/explore_lite/share/explore_lite/hook/cmake_prefix_path.dsv'
[32.359s] INFO:colcon.colcon_core.shell:Creating environment hook '/home/duong/Arduino/ROS2_ServiceRobot/kaia_ws/install/explore_lite/share/explore_lite/hook/cmake_prefix_path.sh'
[32.359s] Level 1:colcon.colcon_core.environment:checking '/home/duong/Arduino/ROS2_ServiceRobot/kaia_ws/install/explore_lite/lib'
[32.359s] Level 1:colcon.colcon_core.environment:checking '/home/duong/Arduino/ROS2_ServiceRobot/kaia_ws/install/explore_lite/bin'
[32.359s] Level 1:colcon.colcon_core.environment:checking '/home/duong/Arduino/ROS2_ServiceRobot/kaia_ws/install/explore_lite/lib/pkgconfig/explore_lite.pc'
[32.359s] Level 1:colcon.colcon_core.environment:checking '/home/duong/Arduino/ROS2_ServiceRobot/kaia_ws/install/explore_lite/lib/python3.10/site-packages'
[32.360s] Level 1:colcon.colcon_core.environment:checking '/home/duong/Arduino/ROS2_ServiceRobot/kaia_ws/install/explore_lite/bin'
[32.360s] INFO:colcon.colcon_core.shell:Creating package script '/home/duong/Arduino/ROS2_ServiceRobot/kaia_ws/install/explore_lite/share/explore_lite/package.ps1'
[32.361s] INFO:colcon.colcon_core.shell:Creating package descriptor '/home/duong/Arduino/ROS2_ServiceRobot/kaia_ws/install/explore_lite/share/explore_lite/package.dsv'
[32.362s] INFO:colcon.colcon_core.shell:Creating package script '/home/duong/Arduino/ROS2_ServiceRobot/kaia_ws/install/explore_lite/share/explore_lite/package.sh'
[32.363s] INFO:colcon.colcon_core.shell:Creating package script '/home/duong/Arduino/ROS2_ServiceRobot/kaia_ws/install/explore_lite/share/explore_lite/package.bash'
[32.364s] INFO:colcon.colcon_core.shell:Creating package script '/home/duong/Arduino/ROS2_ServiceRobot/kaia_ws/install/explore_lite/share/explore_lite/package.zsh'
[32.365s] Level 1:colcon.colcon_core.environment:create_file_with_runtime_dependencies(/home/duong/Arduino/ROS2_ServiceRobot/kaia_ws/install/explore_lite/share/colcon-core/packages/explore_lite)
[33.060s] DEBUG:colcon.colcon_core.event_handler.log_command:Invoked command in '/home/duong/Arduino/ROS2_ServiceRobot/kaia_ws/build/kaiaai_telemetry' returned '0': AMENT_PREFIX_PATH=/home/duong/Arduino/ROS2_ServiceRobot/kaia_ws/install/kaiaai_msgs:${AMENT_PREFIX_PATH} CMAKE_PREFIX_PATH=/home/duong/Arduino/ROS2_ServiceRobot/kaia_ws/install/kaiaai_msgs:/home/duong/Arduino/ROS2_ServiceRobot/uros_ws/install/micro_ros_setup:/home/duong/Arduino/ROS2_ServiceRobot/uros_ws/install/micro_ros_agent:/home/duong/Arduino/ROS2_ServiceRobot/uros_ws/install/micro_ros_msgs:/home/duong/Arduino/ROS2_ServiceRobot/uros_ws/install/drive_base_msgs:/opt/ros/iron LD_LIBRARY_PATH=/home/duong/Arduino/ROS2_ServiceRobot/kaia_ws/install/kaiaai_msgs/lib:${LD_LIBRARY_PATH} PYTHONPATH=/home/duong/Arduino/ROS2_ServiceRobot/kaia_ws/install/kaiaai_msgs/lib/python3.10/site-packages:${PYTHONPATH} /usr/bin/cmake --build /home/duong/Arduino/ROS2_ServiceRobot/kaia_ws/build/kaiaai_telemetry -- -j12 -l12
[33.062s] DEBUG:colcon.colcon_core.event_handler.log_command:Invoking command in '/home/duong/Arduino/ROS2_ServiceRobot/kaia_ws/build/kaiaai_telemetry': AMENT_PREFIX_PATH=/home/duong/Arduino/ROS2_ServiceRobot/kaia_ws/install/kaiaai_msgs:${AMENT_PREFIX_PATH} CMAKE_PREFIX_PATH=/home/duong/Arduino/ROS2_ServiceRobot/kaia_ws/install/kaiaai_msgs:/home/duong/Arduino/ROS2_ServiceRobot/uros_ws/install/micro_ros_setup:/home/duong/Arduino/ROS2_ServiceRobot/uros_ws/install/micro_ros_agent:/home/duong/Arduino/ROS2_ServiceRobot/uros_ws/install/micro_ros_msgs:/home/duong/Arduino/ROS2_ServiceRobot/uros_ws/install/drive_base_msgs:/opt/ros/iron LD_LIBRARY_PATH=/home/duong/Arduino/ROS2_ServiceRobot/kaia_ws/install/kaiaai_msgs/lib:${LD_LIBRARY_PATH} PYTHONPATH=/home/duong/Arduino/ROS2_ServiceRobot/kaia_ws/install/kaiaai_msgs/lib/python3.10/site-packages:${PYTHONPATH} /usr/bin/cmake --install /home/duong/Arduino/ROS2_ServiceRobot/kaia_ws/build/kaiaai_telemetry
[33.327s] Level 1:colcon.colcon_core.environment:create_environment_scripts_only(kaiaai_telemetry)
[33.328s] Level 1:colcon.colcon_core.environment:checking '/home/duong/Arduino/ROS2_ServiceRobot/kaia_ws/install/kaiaai_telemetry' for CMake module files
[33.328s] DEBUG:colcon.colcon_core.event_handler.log_command:Invoked command in '/home/duong/Arduino/ROS2_ServiceRobot/kaia_ws/build/kaiaai_telemetry' returned '0': AMENT_PREFIX_PATH=/home/duong/Arduino/ROS2_ServiceRobot/kaia_ws/install/kaiaai_msgs:${AMENT_PREFIX_PATH} CMAKE_PREFIX_PATH=/home/duong/Arduino/ROS2_ServiceRobot/kaia_ws/install/kaiaai_msgs:/home/duong/Arduino/ROS2_ServiceRobot/uros_ws/install/micro_ros_setup:/home/duong/Arduino/ROS2_ServiceRobot/uros_ws/install/micro_ros_agent:/home/duong/Arduino/ROS2_ServiceRobot/uros_ws/install/micro_ros_msgs:/home/duong/Arduino/ROS2_ServiceRobot/uros_ws/install/drive_base_msgs:/opt/ros/iron LD_LIBRARY_PATH=/home/duong/Arduino/ROS2_ServiceRobot/kaia_ws/install/kaiaai_msgs/lib:${LD_LIBRARY_PATH} PYTHONPATH=/home/duong/Arduino/ROS2_ServiceRobot/kaia_ws/install/kaiaai_msgs/lib/python3.10/site-packages:${PYTHONPATH} /usr/bin/cmake --install /home/duong/Arduino/ROS2_ServiceRobot/kaia_ws/build/kaiaai_telemetry
[33.329s] Level 1:colcon.colcon_core.environment:checking '/home/duong/Arduino/ROS2_ServiceRobot/kaia_ws/install/kaiaai_telemetry' for CMake config files
[33.329s] Level 1:colcon.colcon_core.shell:create_environment_hook('kaiaai_telemetry', 'cmake_prefix_path')
[33.329s] INFO:colcon.colcon_core.shell:Creating environment hook '/home/duong/Arduino/ROS2_ServiceRobot/kaia_ws/install/kaiaai_telemetry/share/kaiaai_telemetry/hook/cmake_prefix_path.ps1'
[33.330s] INFO:colcon.colcon_core.shell:Creating environment descriptor '/home/duong/Arduino/ROS2_ServiceRobot/kaia_ws/install/kaiaai_telemetry/share/kaiaai_telemetry/hook/cmake_prefix_path.dsv'
[33.330s] INFO:colcon.colcon_core.shell:Creating environment hook '/home/duong/Arduino/ROS2_ServiceRobot/kaia_ws/install/kaiaai_telemetry/share/kaiaai_telemetry/hook/cmake_prefix_path.sh'
[33.330s] Level 1:colcon.colcon_core.environment:checking '/home/duong/Arduino/ROS2_ServiceRobot/kaia_ws/install/kaiaai_telemetry/lib'
[33.330s] Level 1:colcon.colcon_core.environment:checking '/home/duong/Arduino/ROS2_ServiceRobot/kaia_ws/install/kaiaai_telemetry/bin'
[33.330s] Level 1:colcon.colcon_core.environment:checking '/home/duong/Arduino/ROS2_ServiceRobot/kaia_ws/install/kaiaai_telemetry/lib/pkgconfig/kaiaai_telemetry.pc'
[33.331s] Level 1:colcon.colcon_core.environment:checking '/home/duong/Arduino/ROS2_ServiceRobot/kaia_ws/install/kaiaai_telemetry/lib/python3.10/site-packages'
[33.331s] Level 1:colcon.colcon_core.environment:checking '/home/duong/Arduino/ROS2_ServiceRobot/kaia_ws/install/kaiaai_telemetry/bin'
[33.331s] INFO:colcon.colcon_core.shell:Creating package script '/home/duong/Arduino/ROS2_ServiceRobot/kaia_ws/install/kaiaai_telemetry/share/kaiaai_telemetry/package.ps1'
[33.332s] INFO:colcon.colcon_core.shell:Creating package descriptor '/home/duong/Arduino/ROS2_ServiceRobot/kaia_ws/install/kaiaai_telemetry/share/kaiaai_telemetry/package.dsv'
[33.332s] INFO:colcon.colcon_core.shell:Creating package script '/home/duong/Arduino/ROS2_ServiceRobot/kaia_ws/install/kaiaai_telemetry/share/kaiaai_telemetry/package.sh'
[33.333s] INFO:colcon.colcon_core.shell:Creating package script '/home/duong/Arduino/ROS2_ServiceRobot/kaia_ws/install/kaiaai_telemetry/share/kaiaai_telemetry/package.bash'
[33.333s] INFO:colcon.colcon_core.shell:Creating package script '/home/duong/Arduino/ROS2_ServiceRobot/kaia_ws/install/kaiaai_telemetry/share/kaiaai_telemetry/package.zsh'
[33.333s] Level 1:colcon.colcon_core.environment:create_file_with_runtime_dependencies(/home/duong/Arduino/ROS2_ServiceRobot/kaia_ws/install/kaiaai_telemetry/share/colcon-core/packages/kaiaai_telemetry)
[33.334s] Level 1:colcon.colcon_core.environment:create_environment_scripts_only(kaiaai_telemetry)
[33.334s] Level 1:colcon.colcon_core.environment:checking '/home/duong/Arduino/ROS2_ServiceRobot/kaia_ws/install/kaiaai_telemetry' for CMake module files
[33.334s] Level 1:colcon.colcon_core.environment:checking '/home/duong/Arduino/ROS2_ServiceRobot/kaia_ws/install/kaiaai_telemetry' for CMake config files
[33.334s] Level 1:colcon.colcon_core.shell:create_environment_hook('kaiaai_telemetry', 'cmake_prefix_path')
[33.335s] INFO:colcon.colcon_core.shell:Creating environment hook '/home/duong/Arduino/ROS2_ServiceRobot/kaia_ws/install/kaiaai_telemetry/share/kaiaai_telemetry/hook/cmake_prefix_path.ps1'
[33.335s] INFO:colcon.colcon_core.shell:Creating environment descriptor '/home/duong/Arduino/ROS2_ServiceRobot/kaia_ws/install/kaiaai_telemetry/share/kaiaai_telemetry/hook/cmake_prefix_path.dsv'
[33.335s] INFO:colcon.colcon_core.shell:Creating environment hook '/home/duong/Arduino/ROS2_ServiceRobot/kaia_ws/install/kaiaai_telemetry/share/kaiaai_telemetry/hook/cmake_prefix_path.sh'
[33.336s] Level 1:colcon.colcon_core.environment:checking '/home/duong/Arduino/ROS2_ServiceRobot/kaia_ws/install/kaiaai_telemetry/lib'
[33.336s] Level 1:colcon.colcon_core.environment:checking '/home/duong/Arduino/ROS2_ServiceRobot/kaia_ws/install/kaiaai_telemetry/bin'
[33.336s] Level 1:colcon.colcon_core.environment:checking '/home/duong/Arduino/ROS2_ServiceRobot/kaia_ws/install/kaiaai_telemetry/lib/pkgconfig/kaiaai_telemetry.pc'
[33.336s] Level 1:colcon.colcon_core.environment:checking '/home/duong/Arduino/ROS2_ServiceRobot/kaia_ws/install/kaiaai_telemetry/lib/python3.10/site-packages'
[33.336s] Level 1:colcon.colcon_core.environment:checking '/home/duong/Arduino/ROS2_ServiceRobot/kaia_ws/install/kaiaai_telemetry/bin'
[33.337s] INFO:colcon.colcon_core.shell:Creating package script '/home/duong/Arduino/ROS2_ServiceRobot/kaia_ws/install/kaiaai_telemetry/share/kaiaai_telemetry/package.ps1'
[33.337s] INFO:colcon.colcon_core.shell:Creating package descriptor '/home/duong/Arduino/ROS2_ServiceRobot/kaia_ws/install/kaiaai_telemetry/share/kaiaai_telemetry/package.dsv'
[33.338s] INFO:colcon.colcon_core.shell:Creating package script '/home/duong/Arduino/ROS2_ServiceRobot/kaia_ws/install/kaiaai_telemetry/share/kaiaai_telemetry/package.sh'
[33.338s] INFO:colcon.colcon_core.shell:Creating package script '/home/duong/Arduino/ROS2_ServiceRobot/kaia_ws/install/kaiaai_telemetry/share/kaiaai_telemetry/package.bash'
[33.338s] INFO:colcon.colcon_core.shell:Creating package script '/home/duong/Arduino/ROS2_ServiceRobot/kaia_ws/install/kaiaai_telemetry/share/kaiaai_telemetry/package.zsh'
[33.339s] Level 1:colcon.colcon_core.environment:create_file_with_runtime_dependencies(/home/duong/Arduino/ROS2_ServiceRobot/kaia_ws/install/kaiaai_telemetry/share/colcon-core/packages/kaiaai_telemetry)
[33.339s] INFO:colcon.colcon_ros.task.ament_cmake.build:Building ROS package in '/home/duong/Arduino/ROS2_ServiceRobot/kaia_ws/src/kaiaai_bringup' with build type 'ament_cmake'
[33.339s] INFO:colcon.colcon_cmake.task.cmake.build:Building CMake package in '/home/duong/Arduino/ROS2_ServiceRobot/kaia_ws/src/kaiaai_bringup'
[33.339s] INFO:colcon.colcon_core.shell:Skip shell extension 'powershell' for command environment: Not usable outside of PowerShell
[33.339s] DEBUG:colcon.colcon_core.shell:Skip shell extension 'dsv' for command environment
[33.367s] DEBUG:colcon.colcon_core.event_handler.log_command:Invoking command in '/home/duong/Arduino/ROS2_ServiceRobot/kaia_ws/build/kaiaai_bringup': AMENT_PREFIX_PATH=/home/duong/Arduino/ROS2_ServiceRobot/kaia_ws/install/kaiaai_telemetry:/home/duong/Arduino/ROS2_ServiceRobot/kaia_ws/install/makerspet_snoopy:/home/duong/Arduino/ROS2_ServiceRobot/kaia_ws/install/makerspet_mini:/home/duong/Arduino/ROS2_ServiceRobot/kaia_ws/install/makerspet_loki:/home/duong/Arduino/ROS2_ServiceRobot/kaia_ws/install/kaiaai_teleop:/home/duong/Arduino/ROS2_ServiceRobot/kaia_ws/install/kaiaai_msgs:/home/duong/Arduino/ROS2_ServiceRobot/kaia_ws/install/kaiaai:${AMENT_PREFIX_PATH} CMAKE_PREFIX_PATH=/home/duong/Arduino/ROS2_ServiceRobot/kaia_ws/install/kaiaai_telemetry:/home/duong/Arduino/ROS2_ServiceRobot/kaia_ws/install/makerspet_snoopy:/home/duong/Arduino/ROS2_ServiceRobot/kaia_ws/install/makerspet_mini:/home/duong/Arduino/ROS2_ServiceRobot/kaia_ws/install/makerspet_loki:/home/duong/Arduino/ROS2_ServiceRobot/kaia_ws/install/kaiaai_msgs:/home/duong/Arduino/ROS2_ServiceRobot/uros_ws/install/micro_ros_setup:/home/duong/Arduino/ROS2_ServiceRobot/uros_ws/install/micro_ros_agent:/home/duong/Arduino/ROS2_ServiceRobot/uros_ws/install/micro_ros_msgs:/home/duong/Arduino/ROS2_ServiceRobot/uros_ws/install/drive_base_msgs:/opt/ros/iron LD_LIBRARY_PATH=/home/duong/Arduino/ROS2_ServiceRobot/kaia_ws/install/kaiaai_msgs/lib:${LD_LIBRARY_PATH} PYTHONPATH=/home/duong/Arduino/ROS2_ServiceRobot/kaia_ws/build/kaiaai_teleop:/home/duong/Arduino/ROS2_ServiceRobot/kaia_ws/install/kaiaai_teleop/lib/python3.10/site-packages:/home/duong/Arduino/ROS2_ServiceRobot/kaia_ws/install/kaiaai_msgs/lib/python3.10/site-packages:/home/duong/Arduino/ROS2_ServiceRobot/kaia_ws/build/kaiaai:/home/duong/Arduino/ROS2_ServiceRobot/kaia_ws/install/kaiaai/lib/python3.10/site-packages:${PYTHONPATH} /usr/bin/cmake /home/duong/Arduino/ROS2_ServiceRobot/kaia_ws/src/kaiaai_bringup -DAMENT_CMAKE_SYMLINK_INSTALL=1 -DCMAKE_INSTALL_PREFIX=/home/duong/Arduino/ROS2_ServiceRobot/kaia_ws/install/kaiaai_bringup
[34.258s] DEBUG:colcon.colcon_core.event_handler.log_command:Invoked command in '/home/duong/Arduino/ROS2_ServiceRobot/kaia_ws/build/kaiaai_bringup' returned '0': AMENT_PREFIX_PATH=/home/duong/Arduino/ROS2_ServiceRobot/kaia_ws/install/kaiaai_telemetry:/home/duong/Arduino/ROS2_ServiceRobot/kaia_ws/install/makerspet_snoopy:/home/duong/Arduino/ROS2_ServiceRobot/kaia_ws/install/makerspet_mini:/home/duong/Arduino/ROS2_ServiceRobot/kaia_ws/install/makerspet_loki:/home/duong/Arduino/ROS2_ServiceRobot/kaia_ws/install/kaiaai_teleop:/home/duong/Arduino/ROS2_ServiceRobot/kaia_ws/install/kaiaai_msgs:/home/duong/Arduino/ROS2_ServiceRobot/kaia_ws/install/kaiaai:${AMENT_PREFIX_PATH} CMAKE_PREFIX_PATH=/home/duong/Arduino/ROS2_ServiceRobot/kaia_ws/install/kaiaai_telemetry:/home/duong/Arduino/ROS2_ServiceRobot/kaia_ws/install/makerspet_snoopy:/home/duong/Arduino/ROS2_ServiceRobot/kaia_ws/install/makerspet_mini:/home/duong/Arduino/ROS2_ServiceRobot/kaia_ws/install/makerspet_loki:/home/duong/Arduino/ROS2_ServiceRobot/kaia_ws/install/kaiaai_msgs:/home/duong/Arduino/ROS2_ServiceRobot/uros_ws/install/micro_ros_setup:/home/duong/Arduino/ROS2_ServiceRobot/uros_ws/install/micro_ros_agent:/home/duong/Arduino/ROS2_ServiceRobot/uros_ws/install/micro_ros_msgs:/home/duong/Arduino/ROS2_ServiceRobot/uros_ws/install/drive_base_msgs:/opt/ros/iron LD_LIBRARY_PATH=/home/duong/Arduino/ROS2_ServiceRobot/kaia_ws/install/kaiaai_msgs/lib:${LD_LIBRARY_PATH} PYTHONPATH=/home/duong/Arduino/ROS2_ServiceRobot/kaia_ws/build/kaiaai_teleop:/home/duong/Arduino/ROS2_ServiceRobot/kaia_ws/install/kaiaai_teleop/lib/python3.10/site-packages:/home/duong/Arduino/ROS2_ServiceRobot/kaia_ws/install/kaiaai_msgs/lib/python3.10/site-packages:/home/duong/Arduino/ROS2_ServiceRobot/kaia_ws/build/kaiaai:/home/duong/Arduino/ROS2_ServiceRobot/kaia_ws/install/kaiaai/lib/python3.10/site-packages:${PYTHONPATH} /usr/bin/cmake /home/duong/Arduino/ROS2_ServiceRobot/kaia_ws/src/kaiaai_bringup -DAMENT_CMAKE_SYMLINK_INSTALL=1 -DCMAKE_INSTALL_PREFIX=/home/duong/Arduino/ROS2_ServiceRobot/kaia_ws/install/kaiaai_bringup
[34.260s] DEBUG:colcon.colcon_core.event_handler.log_command:Invoking command in '/home/duong/Arduino/ROS2_ServiceRobot/kaia_ws/build/kaiaai_bringup': AMENT_PREFIX_PATH=/home/duong/Arduino/ROS2_ServiceRobot/kaia_ws/install/kaiaai_telemetry:/home/duong/Arduino/ROS2_ServiceRobot/kaia_ws/install/makerspet_snoopy:/home/duong/Arduino/ROS2_ServiceRobot/kaia_ws/install/makerspet_mini:/home/duong/Arduino/ROS2_ServiceRobot/kaia_ws/install/makerspet_loki:/home/duong/Arduino/ROS2_ServiceRobot/kaia_ws/install/kaiaai_teleop:/home/duong/Arduino/ROS2_ServiceRobot/kaia_ws/install/kaiaai_msgs:/home/duong/Arduino/ROS2_ServiceRobot/kaia_ws/install/kaiaai:${AMENT_PREFIX_PATH} CMAKE_PREFIX_PATH=/home/duong/Arduino/ROS2_ServiceRobot/kaia_ws/install/kaiaai_telemetry:/home/duong/Arduino/ROS2_ServiceRobot/kaia_ws/install/makerspet_snoopy:/home/duong/Arduino/ROS2_ServiceRobot/kaia_ws/install/makerspet_mini:/home/duong/Arduino/ROS2_ServiceRobot/kaia_ws/install/makerspet_loki:/home/duong/Arduino/ROS2_ServiceRobot/kaia_ws/install/kaiaai_msgs:/home/duong/Arduino/ROS2_ServiceRobot/uros_ws/install/micro_ros_setup:/home/duong/Arduino/ROS2_ServiceRobot/uros_ws/install/micro_ros_agent:/home/duong/Arduino/ROS2_ServiceRobot/uros_ws/install/micro_ros_msgs:/home/duong/Arduino/ROS2_ServiceRobot/uros_ws/install/drive_base_msgs:/opt/ros/iron LD_LIBRARY_PATH=/home/duong/Arduino/ROS2_ServiceRobot/kaia_ws/install/kaiaai_msgs/lib:${LD_LIBRARY_PATH} PYTHONPATH=/home/duong/Arduino/ROS2_ServiceRobot/kaia_ws/build/kaiaai_teleop:/home/duong/Arduino/ROS2_ServiceRobot/kaia_ws/install/kaiaai_teleop/lib/python3.10/site-packages:/home/duong/Arduino/ROS2_ServiceRobot/kaia_ws/install/kaiaai_msgs/lib/python3.10/site-packages:/home/duong/Arduino/ROS2_ServiceRobot/kaia_ws/build/kaiaai:/home/duong/Arduino/ROS2_ServiceRobot/kaia_ws/install/kaiaai/lib/python3.10/site-packages:${PYTHONPATH} /usr/bin/cmake --build /home/duong/Arduino/ROS2_ServiceRobot/kaia_ws/build/kaiaai_bringup -- -j12 -l12
[34.337s] DEBUG:colcon.colcon_core.event_handler.log_command:Invoked command in '/home/duong/Arduino/ROS2_ServiceRobot/kaia_ws/build/kaiaai_bringup' returned '0': AMENT_PREFIX_PATH=/home/duong/Arduino/ROS2_ServiceRobot/kaia_ws/install/kaiaai_telemetry:/home/duong/Arduino/ROS2_ServiceRobot/kaia_ws/install/makerspet_snoopy:/home/duong/Arduino/ROS2_ServiceRobot/kaia_ws/install/makerspet_mini:/home/duong/Arduino/ROS2_ServiceRobot/kaia_ws/install/makerspet_loki:/home/duong/Arduino/ROS2_ServiceRobot/kaia_ws/install/kaiaai_teleop:/home/duong/Arduino/ROS2_ServiceRobot/kaia_ws/install/kaiaai_msgs:/home/duong/Arduino/ROS2_ServiceRobot/kaia_ws/install/kaiaai:${AMENT_PREFIX_PATH} CMAKE_PREFIX_PATH=/home/duong/Arduino/ROS2_ServiceRobot/kaia_ws/install/kaiaai_telemetry:/home/duong/Arduino/ROS2_ServiceRobot/kaia_ws/install/makerspet_snoopy:/home/duong/Arduino/ROS2_ServiceRobot/kaia_ws/install/makerspet_mini:/home/duong/Arduino/ROS2_ServiceRobot/kaia_ws/install/makerspet_loki:/home/duong/Arduino/ROS2_ServiceRobot/kaia_ws/install/kaiaai_msgs:/home/duong/Arduino/ROS2_ServiceRobot/uros_ws/install/micro_ros_setup:/home/duong/Arduino/ROS2_ServiceRobot/uros_ws/install/micro_ros_agent:/home/duong/Arduino/ROS2_ServiceRobot/uros_ws/install/micro_ros_msgs:/home/duong/Arduino/ROS2_ServiceRobot/uros_ws/install/drive_base_msgs:/opt/ros/iron LD_LIBRARY_PATH=/home/duong/Arduino/ROS2_ServiceRobot/kaia_ws/install/kaiaai_msgs/lib:${LD_LIBRARY_PATH} PYTHONPATH=/home/duong/Arduino/ROS2_ServiceRobot/kaia_ws/build/kaiaai_teleop:/home/duong/Arduino/ROS2_ServiceRobot/kaia_ws/install/kaiaai_teleop/lib/python3.10/site-packages:/home/duong/Arduino/ROS2_ServiceRobot/kaia_ws/install/kaiaai_msgs/lib/python3.10/site-packages:/home/duong/Arduino/ROS2_ServiceRobot/kaia_ws/build/kaiaai:/home/duong/Arduino/ROS2_ServiceRobot/kaia_ws/install/kaiaai/lib/python3.10/site-packages:${PYTHONPATH} /usr/bin/cmake --build /home/duong/Arduino/ROS2_ServiceRobot/kaia_ws/build/kaiaai_bringup -- -j12 -l12
[34.339s] DEBUG:colcon.colcon_core.event_handler.log_command:Invoking command in '/home/duong/Arduino/ROS2_ServiceRobot/kaia_ws/build/kaiaai_bringup': AMENT_PREFIX_PATH=/home/duong/Arduino/ROS2_ServiceRobot/kaia_ws/install/kaiaai_telemetry:/home/duong/Arduino/ROS2_ServiceRobot/kaia_ws/install/makerspet_snoopy:/home/duong/Arduino/ROS2_ServiceRobot/kaia_ws/install/makerspet_mini:/home/duong/Arduino/ROS2_ServiceRobot/kaia_ws/install/makerspet_loki:/home/duong/Arduino/ROS2_ServiceRobot/kaia_ws/install/kaiaai_teleop:/home/duong/Arduino/ROS2_ServiceRobot/kaia_ws/install/kaiaai_msgs:/home/duong/Arduino/ROS2_ServiceRobot/kaia_ws/install/kaiaai:${AMENT_PREFIX_PATH} CMAKE_PREFIX_PATH=/home/duong/Arduino/ROS2_ServiceRobot/kaia_ws/install/kaiaai_telemetry:/home/duong/Arduino/ROS2_ServiceRobot/kaia_ws/install/makerspet_snoopy:/home/duong/Arduino/ROS2_ServiceRobot/kaia_ws/install/makerspet_mini:/home/duong/Arduino/ROS2_ServiceRobot/kaia_ws/install/makerspet_loki:/home/duong/Arduino/ROS2_ServiceRobot/kaia_ws/install/kaiaai_msgs:/home/duong/Arduino/ROS2_ServiceRobot/uros_ws/install/micro_ros_setup:/home/duong/Arduino/ROS2_ServiceRobot/uros_ws/install/micro_ros_agent:/home/duong/Arduino/ROS2_ServiceRobot/uros_ws/install/micro_ros_msgs:/home/duong/Arduino/ROS2_ServiceRobot/uros_ws/install/drive_base_msgs:/opt/ros/iron LD_LIBRARY_PATH=/home/duong/Arduino/ROS2_ServiceRobot/kaia_ws/install/kaiaai_msgs/lib:${LD_LIBRARY_PATH} PYTHONPATH=/home/duong/Arduino/ROS2_ServiceRobot/kaia_ws/build/kaiaai_teleop:/home/duong/Arduino/ROS2_ServiceRobot/kaia_ws/install/kaiaai_teleop/lib/python3.10/site-packages:/home/duong/Arduino/ROS2_ServiceRobot/kaia_ws/install/kaiaai_msgs/lib/python3.10/site-packages:/home/duong/Arduino/ROS2_ServiceRobot/kaia_ws/build/kaiaai:/home/duong/Arduino/ROS2_ServiceRobot/kaia_ws/install/kaiaai/lib/python3.10/site-packages:${PYTHONPATH} /usr/bin/cmake --install /home/duong/Arduino/ROS2_ServiceRobot/kaia_ws/build/kaiaai_bringup
[34.675s] Level 1:colcon.colcon_core.environment:create_environment_scripts_only(kaiaai_bringup)
[34.676s] Level 1:colcon.colcon_core.environment:checking '/home/duong/Arduino/ROS2_ServiceRobot/kaia_ws/install/kaiaai_bringup' for CMake module files
[34.676s] DEBUG:colcon.colcon_core.event_handler.log_command:Invoked command in '/home/duong/Arduino/ROS2_ServiceRobot/kaia_ws/build/kaiaai_bringup' returned '0': AMENT_PREFIX_PATH=/home/duong/Arduino/ROS2_ServiceRobot/kaia_ws/install/kaiaai_telemetry:/home/duong/Arduino/ROS2_ServiceRobot/kaia_ws/install/makerspet_snoopy:/home/duong/Arduino/ROS2_ServiceRobot/kaia_ws/install/makerspet_mini:/home/duong/Arduino/ROS2_ServiceRobot/kaia_ws/install/makerspet_loki:/home/duong/Arduino/ROS2_ServiceRobot/kaia_ws/install/kaiaai_teleop:/home/duong/Arduino/ROS2_ServiceRobot/kaia_ws/install/kaiaai_msgs:/home/duong/Arduino/ROS2_ServiceRobot/kaia_ws/install/kaiaai:${AMENT_PREFIX_PATH} CMAKE_PREFIX_PATH=/home/duong/Arduino/ROS2_ServiceRobot/kaia_ws/install/kaiaai_telemetry:/home/duong/Arduino/ROS2_ServiceRobot/kaia_ws/install/makerspet_snoopy:/home/duong/Arduino/ROS2_ServiceRobot/kaia_ws/install/makerspet_mini:/home/duong/Arduino/ROS2_ServiceRobot/kaia_ws/install/makerspet_loki:/home/duong/Arduino/ROS2_ServiceRobot/kaia_ws/install/kaiaai_msgs:/home/duong/Arduino/ROS2_ServiceRobot/uros_ws/install/micro_ros_setup:/home/duong/Arduino/ROS2_ServiceRobot/uros_ws/install/micro_ros_agent:/home/duong/Arduino/ROS2_ServiceRobot/uros_ws/install/micro_ros_msgs:/home/duong/Arduino/ROS2_ServiceRobot/uros_ws/install/drive_base_msgs:/opt/ros/iron LD_LIBRARY_PATH=/home/duong/Arduino/ROS2_ServiceRobot/kaia_ws/install/kaiaai_msgs/lib:${LD_LIBRARY_PATH} PYTHONPATH=/home/duong/Arduino/ROS2_ServiceRobot/kaia_ws/build/kaiaai_teleop:/home/duong/Arduino/ROS2_ServiceRobot/kaia_ws/install/kaiaai_teleop/lib/python3.10/site-packages:/home/duong/Arduino/ROS2_ServiceRobot/kaia_ws/install/kaiaai_msgs/lib/python3.10/site-packages:/home/duong/Arduino/ROS2_ServiceRobot/kaia_ws/build/kaiaai:/home/duong/Arduino/ROS2_ServiceRobot/kaia_ws/install/kaiaai/lib/python3.10/site-packages:${PYTHONPATH} /usr/bin/cmake --install /home/duong/Arduino/ROS2_ServiceRobot/kaia_ws/build/kaiaai_bringup
[34.677s] Level 1:colcon.colcon_core.environment:checking '/home/duong/Arduino/ROS2_ServiceRobot/kaia_ws/install/kaiaai_bringup' for CMake config files
[34.677s] Level 1:colcon.colcon_core.shell:create_environment_hook('kaiaai_bringup', 'cmake_prefix_path')
[34.677s] INFO:colcon.colcon_core.shell:Creating environment hook '/home/duong/Arduino/ROS2_ServiceRobot/kaia_ws/install/kaiaai_bringup/share/kaiaai_bringup/hook/cmake_prefix_path.ps1'
[34.678s] INFO:colcon.colcon_core.shell:Creating environment descriptor '/home/duong/Arduino/ROS2_ServiceRobot/kaia_ws/install/kaiaai_bringup/share/kaiaai_bringup/hook/cmake_prefix_path.dsv'
[34.678s] INFO:colcon.colcon_core.shell:Creating environment hook '/home/duong/Arduino/ROS2_ServiceRobot/kaia_ws/install/kaiaai_bringup/share/kaiaai_bringup/hook/cmake_prefix_path.sh'
[34.678s] Level 1:colcon.colcon_core.environment:checking '/home/duong/Arduino/ROS2_ServiceRobot/kaia_ws/install/kaiaai_bringup/lib'
[34.679s] Level 1:colcon.colcon_core.environment:checking '/home/duong/Arduino/ROS2_ServiceRobot/kaia_ws/install/kaiaai_bringup/bin'
[34.679s] Level 1:colcon.colcon_core.environment:checking '/home/duong/Arduino/ROS2_ServiceRobot/kaia_ws/install/kaiaai_bringup/lib/pkgconfig/kaiaai_bringup.pc'
[34.679s] Level 1:colcon.colcon_core.environment:checking '/home/duong/Arduino/ROS2_ServiceRobot/kaia_ws/install/kaiaai_bringup/lib/python3.10/site-packages'
[34.679s] Level 1:colcon.colcon_core.environment:checking '/home/duong/Arduino/ROS2_ServiceRobot/kaia_ws/install/kaiaai_bringup/bin'
[34.679s] INFO:colcon.colcon_core.shell:Creating package script '/home/duong/Arduino/ROS2_ServiceRobot/kaia_ws/install/kaiaai_bringup/share/kaiaai_bringup/package.ps1'
[34.680s] INFO:colcon.colcon_core.shell:Creating package descriptor '/home/duong/Arduino/ROS2_ServiceRobot/kaia_ws/install/kaiaai_bringup/share/kaiaai_bringup/package.dsv'
[34.680s] INFO:colcon.colcon_core.shell:Creating package script '/home/duong/Arduino/ROS2_ServiceRobot/kaia_ws/install/kaiaai_bringup/share/kaiaai_bringup/package.sh'
[34.680s] INFO:colcon.colcon_core.shell:Creating package script '/home/duong/Arduino/ROS2_ServiceRobot/kaia_ws/install/kaiaai_bringup/share/kaiaai_bringup/package.bash'
[34.681s] INFO:colcon.colcon_core.shell:Creating package script '/home/duong/Arduino/ROS2_ServiceRobot/kaia_ws/install/kaiaai_bringup/share/kaiaai_bringup/package.zsh'
[34.681s] Level 1:colcon.colcon_core.environment:create_file_with_runtime_dependencies(/home/duong/Arduino/ROS2_ServiceRobot/kaia_ws/install/kaiaai_bringup/share/colcon-core/packages/kaiaai_bringup)
[34.681s] Level 1:colcon.colcon_core.environment:create_environment_scripts_only(kaiaai_bringup)
[34.682s] Level 1:colcon.colcon_core.environment:checking '/home/duong/Arduino/ROS2_ServiceRobot/kaia_ws/install/kaiaai_bringup' for CMake module files
[34.682s] Level 1:colcon.colcon_core.environment:checking '/home/duong/Arduino/ROS2_ServiceRobot/kaia_ws/install/kaiaai_bringup' for CMake config files
[34.682s] Level 1:colcon.colcon_core.shell:create_environment_hook('kaiaai_bringup', 'cmake_prefix_path')
[34.682s] INFO:colcon.colcon_core.shell:Creating environment hook '/home/duong/Arduino/ROS2_ServiceRobot/kaia_ws/install/kaiaai_bringup/share/kaiaai_bringup/hook/cmake_prefix_path.ps1'
[34.683s] INFO:colcon.colcon_core.shell:Creating environment descriptor '/home/duong/Arduino/ROS2_ServiceRobot/kaia_ws/install/kaiaai_bringup/share/kaiaai_bringup/hook/cmake_prefix_path.dsv'
[34.683s] INFO:colcon.colcon_core.shell:Creating environment hook '/home/duong/Arduino/ROS2_ServiceRobot/kaia_ws/install/kaiaai_bringup/share/kaiaai_bringup/hook/cmake_prefix_path.sh'
[34.684s] Level 1:colcon.colcon_core.environment:checking '/home/duong/Arduino/ROS2_ServiceRobot/kaia_ws/install/kaiaai_bringup/lib'
[34.684s] Level 1:colcon.colcon_core.environment:checking '/home/duong/Arduino/ROS2_ServiceRobot/kaia_ws/install/kaiaai_bringup/bin'
[34.684s] Level 1:colcon.colcon_core.environment:checking '/home/duong/Arduino/ROS2_ServiceRobot/kaia_ws/install/kaiaai_bringup/lib/pkgconfig/kaiaai_bringup.pc'
[34.684s] Level 1:colcon.colcon_core.environment:checking '/home/duong/Arduino/ROS2_ServiceRobot/kaia_ws/install/kaiaai_bringup/lib/python3.10/site-packages'
[34.684s] Level 1:colcon.colcon_core.environment:checking '/home/duong/Arduino/ROS2_ServiceRobot/kaia_ws/install/kaiaai_bringup/bin'
[34.684s] INFO:colcon.colcon_core.shell:Creating package script '/home/duong/Arduino/ROS2_ServiceRobot/kaia_ws/install/kaiaai_bringup/share/kaiaai_bringup/package.ps1'
[34.685s] INFO:colcon.colcon_core.shell:Creating package descriptor '/home/duong/Arduino/ROS2_ServiceRobot/kaia_ws/install/kaiaai_bringup/share/kaiaai_bringup/package.dsv'
[34.686s] INFO:colcon.colcon_core.shell:Creating package script '/home/duong/Arduino/ROS2_ServiceRobot/kaia_ws/install/kaiaai_bringup/share/kaiaai_bringup/package.sh'
[34.686s] INFO:colcon.colcon_core.shell:Creating package script '/home/duong/Arduino/ROS2_ServiceRobot/kaia_ws/install/kaiaai_bringup/share/kaiaai_bringup/package.bash'
[34.686s] INFO:colcon.colcon_core.shell:Creating package script '/home/duong/Arduino/ROS2_ServiceRobot/kaia_ws/install/kaiaai_bringup/share/kaiaai_bringup/package.zsh'
[34.687s] Level 1:colcon.colcon_core.environment:create_file_with_runtime_dependencies(/home/duong/Arduino/ROS2_ServiceRobot/kaia_ws/install/kaiaai_bringup/share/colcon-core/packages/kaiaai_bringup)
[36.040s] DEBUG:colcon.colcon_core.event_handler.log_command:Invoked command in '/home/duong/Arduino/ROS2_ServiceRobot/kaia_ws/build/auto_mapper' returned '0': CMAKE_PREFIX_PATH=${CMAKE_PREFIX_PATH}:/opt/ros/iron /usr/bin/cmake --build /home/duong/Arduino/ROS2_ServiceRobot/kaia_ws/build/auto_mapper -- -j12 -l12
[36.043s] DEBUG:colcon.colcon_core.event_handler.log_command:Invoking command in '/home/duong/Arduino/ROS2_ServiceRobot/kaia_ws/build/auto_mapper': CMAKE_PREFIX_PATH=${CMAKE_PREFIX_PATH}:/opt/ros/iron /usr/bin/cmake --install /home/duong/Arduino/ROS2_ServiceRobot/kaia_ws/build/auto_mapper
[36.385s] Level 1:colcon.colcon_core.environment:create_environment_scripts_only(auto_mapper)
[36.386s] Level 1:colcon.colcon_core.environment:checking '/home/duong/Arduino/ROS2_ServiceRobot/kaia_ws/install/auto_mapper' for CMake module files
[36.387s] DEBUG:colcon.colcon_core.event_handler.log_command:Invoked command in '/home/duong/Arduino/ROS2_ServiceRobot/kaia_ws/build/auto_mapper' returned '0': CMAKE_PREFIX_PATH=${CMAKE_PREFIX_PATH}:/opt/ros/iron /usr/bin/cmake --install /home/duong/Arduino/ROS2_ServiceRobot/kaia_ws/build/auto_mapper
[36.388s] Level 1:colcon.colcon_core.environment:checking '/home/duong/Arduino/ROS2_ServiceRobot/kaia_ws/install/auto_mapper' for CMake config files
[36.389s] Level 1:colcon.colcon_core.shell:create_environment_hook('auto_mapper', 'cmake_prefix_path')
[36.389s] INFO:colcon.colcon_core.shell:Creating environment hook '/home/duong/Arduino/ROS2_ServiceRobot/kaia_ws/install/auto_mapper/share/auto_mapper/hook/cmake_prefix_path.ps1'
[36.390s] INFO:colcon.colcon_core.shell:Creating environment descriptor '/home/duong/Arduino/ROS2_ServiceRobot/kaia_ws/install/auto_mapper/share/auto_mapper/hook/cmake_prefix_path.dsv'
[36.391s] INFO:colcon.colcon_core.shell:Creating environment hook '/home/duong/Arduino/ROS2_ServiceRobot/kaia_ws/install/auto_mapper/share/auto_mapper/hook/cmake_prefix_path.sh'
[36.392s] Level 1:colcon.colcon_core.environment:checking '/home/duong/Arduino/ROS2_ServiceRobot/kaia_ws/install/auto_mapper/lib'
[36.392s] Level 1:colcon.colcon_core.environment:checking '/home/duong/Arduino/ROS2_ServiceRobot/kaia_ws/install/auto_mapper/bin'
[36.392s] Level 1:colcon.colcon_core.environment:checking '/home/duong/Arduino/ROS2_ServiceRobot/kaia_ws/install/auto_mapper/lib/pkgconfig/auto_mapper.pc'
[36.393s] Level 1:colcon.colcon_core.environment:checking '/home/duong/Arduino/ROS2_ServiceRobot/kaia_ws/install/auto_mapper/lib/python3.10/site-packages'
[36.394s] Level 1:colcon.colcon_core.environment:checking '/home/duong/Arduino/ROS2_ServiceRobot/kaia_ws/install/auto_mapper/bin'
[36.394s] INFO:colcon.colcon_core.shell:Creating package script '/home/duong/Arduino/ROS2_ServiceRobot/kaia_ws/install/auto_mapper/share/auto_mapper/package.ps1'
[36.395s] INFO:colcon.colcon_core.shell:Creating package descriptor '/home/duong/Arduino/ROS2_ServiceRobot/kaia_ws/install/auto_mapper/share/auto_mapper/package.dsv'
[36.396s] INFO:colcon.colcon_core.shell:Creating package script '/home/duong/Arduino/ROS2_ServiceRobot/kaia_ws/install/auto_mapper/share/auto_mapper/package.sh'
[36.397s] INFO:colcon.colcon_core.shell:Creating package script '/home/duong/Arduino/ROS2_ServiceRobot/kaia_ws/install/auto_mapper/share/auto_mapper/package.bash'
[36.397s] INFO:colcon.colcon_core.shell:Creating package script '/home/duong/Arduino/ROS2_ServiceRobot/kaia_ws/install/auto_mapper/share/auto_mapper/package.zsh'
[36.398s] Level 1:colcon.colcon_core.environment:create_file_with_runtime_dependencies(/home/duong/Arduino/ROS2_ServiceRobot/kaia_ws/install/auto_mapper/share/colcon-core/packages/auto_mapper)
[36.399s] Level 1:colcon.colcon_core.environment:create_environment_scripts_only(auto_mapper)
[36.400s] Level 1:colcon.colcon_core.environment:checking '/home/duong/Arduino/ROS2_ServiceRobot/kaia_ws/install/auto_mapper' for CMake module files
[36.401s] Level 1:colcon.colcon_core.environment:checking '/home/duong/Arduino/ROS2_ServiceRobot/kaia_ws/install/auto_mapper' for CMake config files
[36.402s] Level 1:colcon.colcon_core.shell:create_environment_hook('auto_mapper', 'cmake_prefix_path')
[36.402s] INFO:colcon.colcon_core.shell:Creating environment hook '/home/duong/Arduino/ROS2_ServiceRobot/kaia_ws/install/auto_mapper/share/auto_mapper/hook/cmake_prefix_path.ps1'
[36.403s] INFO:colcon.colcon_core.shell:Creating environment descriptor '/home/duong/Arduino/ROS2_ServiceRobot/kaia_ws/install/auto_mapper/share/auto_mapper/hook/cmake_prefix_path.dsv'
[36.404s] INFO:colcon.colcon_core.shell:Creating environment hook '/home/duong/Arduino/ROS2_ServiceRobot/kaia_ws/install/auto_mapper/share/auto_mapper/hook/cmake_prefix_path.sh'
[36.405s] Level 1:colcon.colcon_core.environment:checking '/home/duong/Arduino/ROS2_ServiceRobot/kaia_ws/install/auto_mapper/lib'
[36.405s] Level 1:colcon.colcon_core.environment:checking '/home/duong/Arduino/ROS2_ServiceRobot/kaia_ws/install/auto_mapper/bin'
[36.405s] Level 1:colcon.colcon_core.environment:checking '/home/duong/Arduino/ROS2_ServiceRobot/kaia_ws/install/auto_mapper/lib/pkgconfig/auto_mapper.pc'
[36.406s] Level 1:colcon.colcon_core.environment:checking '/home/duong/Arduino/ROS2_ServiceRobot/kaia_ws/install/auto_mapper/lib/python3.10/site-packages'
[36.406s] Level 1:colcon.colcon_core.environment:checking '/home/duong/Arduino/ROS2_ServiceRobot/kaia_ws/install/auto_mapper/bin'
[36.407s] INFO:colcon.colcon_core.shell:Creating package script '/home/duong/Arduino/ROS2_ServiceRobot/kaia_ws/install/auto_mapper/share/auto_mapper/package.ps1'
[36.408s] INFO:colcon.colcon_core.shell:Creating package descriptor '/home/duong/Arduino/ROS2_ServiceRobot/kaia_ws/install/auto_mapper/share/auto_mapper/package.dsv'
[36.409s] INFO:colcon.colcon_core.shell:Creating package script '/home/duong/Arduino/ROS2_ServiceRobot/kaia_ws/install/auto_mapper/share/auto_mapper/package.sh'
[36.410s] INFO:colcon.colcon_core.shell:Creating package script '/home/duong/Arduino/ROS2_ServiceRobot/kaia_ws/install/auto_mapper/share/auto_mapper/package.bash'
[36.411s] INFO:colcon.colcon_core.shell:Creating package script '/home/duong/Arduino/ROS2_ServiceRobot/kaia_ws/install/auto_mapper/share/auto_mapper/package.zsh'
[36.412s] Level 1:colcon.colcon_core.environment:create_file_with_runtime_dependencies(/home/duong/Arduino/ROS2_ServiceRobot/kaia_ws/install/auto_mapper/share/colcon-core/packages/auto_mapper)
[36.412s] DEBUG:colcon.colcon_parallel_executor.executor.parallel:closing loop
[36.413s] DEBUG:colcon.colcon_parallel_executor.executor.parallel:loop closed
[36.413s] DEBUG:colcon.colcon_parallel_executor.executor.parallel:run_until_complete finished with '0'
[36.413s] DEBUG:colcon.colcon_core.event_reactor:joining thread
[36.424s] INFO:colcon.colcon_core.plugin_system:Skipping extension 'colcon_notification.desktop_notification.terminal_notifier': Not used on non-Darwin systems
[36.425s] INFO:colcon.colcon_core.plugin_system:Skipping extension 'colcon_notification.desktop_notification.win32': Not used on non-Windows systems
[36.425s] INFO:colcon.colcon_notification.desktop_notification:Sending desktop notification using 'notify2'
[36.425s] DEBUG:colcon.colcon_notification.desktop_notification.notify2:Failed to initialize notify2: org.freedesktop.DBus.Error.NotSupported: Unable to autolaunch a dbus-daemon without a $DISPLAY for X11
[36.425s] DEBUG:colcon.colcon_core.event_reactor:joined thread
[36.426s] INFO:colcon.colcon_core.shell:Creating prefix script '/home/duong/Arduino/ROS2_ServiceRobot/kaia_ws/install/local_setup.ps1'
[36.428s] INFO:colcon.colcon_core.shell:Creating prefix util module '/home/duong/Arduino/ROS2_ServiceRobot/kaia_ws/install/_local_setup_util_ps1.py'
[36.431s] INFO:colcon.colcon_core.shell:Creating prefix chain script '/home/duong/Arduino/ROS2_ServiceRobot/kaia_ws/install/setup.ps1'
[36.434s] INFO:colcon.colcon_core.shell:Creating prefix script '/home/duong/Arduino/ROS2_ServiceRobot/kaia_ws/install/local_setup.sh'
[36.435s] INFO:colcon.colcon_core.shell:Creating prefix util module '/home/duong/Arduino/ROS2_ServiceRobot/kaia_ws/install/_local_setup_util_sh.py'
[36.436s] INFO:colcon.colcon_core.shell:Creating prefix chain script '/home/duong/Arduino/ROS2_ServiceRobot/kaia_ws/install/setup.sh'
[36.438s] INFO:colcon.colcon_core.shell:Creating prefix script '/home/duong/Arduino/ROS2_ServiceRobot/kaia_ws/install/local_setup.bash'
[36.439s] INFO:colcon.colcon_core.shell:Creating prefix chain script '/home/duong/Arduino/ROS2_ServiceRobot/kaia_ws/install/setup.bash'
[36.442s] INFO:colcon.colcon_core.shell:Creating prefix script '/home/duong/Arduino/ROS2_ServiceRobot/kaia_ws/install/local_setup.zsh'
[36.443s] INFO:colcon.colcon_core.shell:Creating prefix chain script '/home/duong/Arduino/ROS2_ServiceRobot/kaia_ws/install/setup.zsh'
