[0.094s] DEBUG:colcon:Command line arguments: ['/usr/bin/colcon', 'build', '--symlink-install', '--packages-up-to', 'kaiaai_bringup']
[0.094s] DEBUG:colcon:Parsed command line arguments: Namespace(log_base=None, log_level=None, verb_name='build', build_base='build', install_base='install', merge_install=False, symlink_install=True, test_result_base=None, continue_on_error=False, executor='parallel', parallel_workers=12, event_handlers=None, ignore_user_meta=False, metas=['./colcon.meta'], base_paths=['.'], packages_ignore=None, packages_ignore_regex=None, paths=None, packages_up_to=['kaiaai_bringup'], packages_up_to_regex=None, packages_above=None, packages_above_and_dependencies=None, packages_above_depth=None, packages_select_by_dep=None, packages_skip_by_dep=None, packages_skip_up_to=None, packages_select_build_failed=False, packages_skip_build_finished=False, packages_select_test_failures=False, packages_skip_test_passed=False, packages_select=None, packages_skip=None, packages_select_regex=None, packages_skip_regex=None, packages_start=None, packages_end=None, allow_overriding=[], cmake_args=None, cmake_target=None, cmake_target_skip_unavailable=False, cmake_clean_cache=False, cmake_clean_first=False, cmake_force_configure=False, ament_cmake_args=None, catkin_cmake_args=None, catkin_skip_building_tests=False, mixin_files=None, mixin=None, verb_parser=<colcon_mixin.mixin.mixin_argument.MixinArgumentDecorator object at 0x728bb1952b00>, verb_extension=<colcon_core.verb.build.BuildVerb object at 0x728bb1952590>, main=<bound method BuildVerb.main of <colcon_core.verb.build.BuildVerb object at 0x728bb1952590>>, mixin_verb=('build',))
[0.243s] Level 1:colcon.colcon_core.package_discovery:discover_packages(colcon_meta) check parameters
[0.243s] Level 1:colcon.colcon_core.package_discovery:discover_packages(recursive) check parameters
[0.243s] Level 1:colcon.colcon_core.package_discovery:discover_packages(ignore) check parameters
[0.243s] Level 1:colcon.colcon_core.package_discovery:discover_packages(path) check parameters
[0.243s] Level 1:colcon.colcon_core.package_discovery:discover_packages(colcon_meta) discover
[0.244s] Level 1:colcon.colcon_core.package_discovery:discover_packages(recursive) discover
[0.244s] INFO:colcon.colcon_core.package_discovery:Crawling recursively for packages in '/home/duong/kaia_ws'
[0.244s] Level 1:colcon.colcon_core.package_identification:_identify(.) by extensions ['ignore', 'ignore_ament_install']
[0.244s] Level 1:colcon.colcon_core.package_identification:_identify(.) by extension 'ignore'
[0.244s] Level 1:colcon.colcon_core.package_identification:_identify(.) by extension 'ignore_ament_install'
[0.244s] Level 1:colcon.colcon_core.package_identification:_identify(.) by extensions ['colcon_pkg']
[0.244s] Level 1:colcon.colcon_core.package_identification:_identify(.) by extension 'colcon_pkg'
[0.244s] Level 1:colcon.colcon_core.package_identification:_identify(.) by extensions ['colcon_meta']
[0.244s] Level 1:colcon.colcon_core.package_identification:_identify(.) by extension 'colcon_meta'
[0.244s] Level 1:colcon.colcon_core.package_identification:_identify(.) by extensions ['ros']
[0.244s] Level 1:colcon.colcon_core.package_identification:_identify(.) by extension 'ros'
[0.253s] Level 1:colcon.colcon_core.package_identification:_identify(.) by extensions ['cmake', 'python']
[0.253s] Level 1:colcon.colcon_core.package_identification:_identify(.) by extension 'cmake'
[0.253s] Level 1:colcon.colcon_core.package_identification:_identify(.) by extension 'python'
[0.253s] Level 1:colcon.colcon_core.package_identification:_identify(.) by extensions ['python_setup_py']
[0.253s] Level 1:colcon.colcon_core.package_identification:_identify(.) by extension 'python_setup_py'
[0.253s] Level 1:colcon.colcon_core.package_identification:_identify(build) by extensions ['ignore', 'ignore_ament_install']
[0.253s] Level 1:colcon.colcon_core.package_identification:_identify(build) by extension 'ignore'
[0.253s] Level 1:colcon.colcon_core.package_identification:_identify(build) ignored
[0.253s] Level 1:colcon.colcon_core.package_identification:_identify(install) by extensions ['ignore', 'ignore_ament_install']
[0.254s] Level 1:colcon.colcon_core.package_identification:_identify(install) by extension 'ignore'
[0.254s] Level 1:colcon.colcon_core.package_identification:_identify(install) ignored
[0.254s] Level 1:colcon.colcon_core.package_identification:_identify(log) by extensions ['ignore', 'ignore_ament_install']
[0.254s] Level 1:colcon.colcon_core.package_identification:_identify(log) by extension 'ignore'
[0.254s] Level 1:colcon.colcon_core.package_identification:_identify(log) ignored
[0.254s] Level 1:colcon.colcon_core.package_identification:_identify(src) by extensions ['ignore', 'ignore_ament_install']
[0.254s] Level 1:colcon.colcon_core.package_identification:_identify(src) by extension 'ignore'
[0.254s] Level 1:colcon.colcon_core.package_identification:_identify(src) by extension 'ignore_ament_install'
[0.254s] Level 1:colcon.colcon_core.package_identification:_identify(src) by extensions ['colcon_pkg']
[0.254s] Level 1:colcon.colcon_core.package_identification:_identify(src) by extension 'colcon_pkg'
[0.254s] Level 1:colcon.colcon_core.package_identification:_identify(src) by extensions ['colcon_meta']
[0.254s] Level 1:colcon.colcon_core.package_identification:_identify(src) by extension 'colcon_meta'
[0.254s] Level 1:colcon.colcon_core.package_identification:_identify(src) by extensions ['ros']
[0.254s] Level 1:colcon.colcon_core.package_identification:_identify(src) by extension 'ros'
[0.254s] Level 1:colcon.colcon_core.package_identification:_identify(src) by extensions ['cmake', 'python']
[0.254s] Level 1:colcon.colcon_core.package_identification:_identify(src) by extension 'cmake'
[0.254s] Level 1:colcon.colcon_core.package_identification:_identify(src) by extension 'python'
[0.254s] Level 1:colcon.colcon_core.package_identification:_identify(src) by extensions ['python_setup_py']
[0.254s] Level 1:colcon.colcon_core.package_identification:_identify(src) by extension 'python_setup_py'
[0.254s] Level 1:colcon.colcon_core.package_identification:_identify(src/auto_mapper) by extensions ['ignore', 'ignore_ament_install']
[0.254s] Level 1:colcon.colcon_core.package_identification:_identify(src/auto_mapper) by extension 'ignore'
[0.254s] Level 1:colcon.colcon_core.package_identification:_identify(src/auto_mapper) by extension 'ignore_ament_install'
[0.254s] Level 1:colcon.colcon_core.package_identification:_identify(src/auto_mapper) by extensions ['colcon_pkg']
[0.255s] Level 1:colcon.colcon_core.package_identification:_identify(src/auto_mapper) by extension 'colcon_pkg'
[0.255s] Level 1:colcon.colcon_core.package_identification:_identify(src/auto_mapper) by extensions ['colcon_meta']
[0.255s] Level 1:colcon.colcon_core.package_identification:_identify(src/auto_mapper) by extension 'colcon_meta'
[0.255s] Level 1:colcon.colcon_core.package_identification:_identify(src/auto_mapper) by extensions ['ros']
[0.255s] Level 1:colcon.colcon_core.package_identification:_identify(src/auto_mapper) by extension 'ros'
[0.259s] DEBUG:colcon.colcon_core.package_identification:Package 'src/auto_mapper' with type 'ros.ament_cmake' and name 'auto_mapper'
[0.259s] Level 1:colcon.colcon_core.package_identification:_identify(src/kaiaai) by extensions ['ignore', 'ignore_ament_install']
[0.259s] Level 1:colcon.colcon_core.package_identification:_identify(src/kaiaai) by extension 'ignore'
[0.259s] Level 1:colcon.colcon_core.package_identification:_identify(src/kaiaai) by extension 'ignore_ament_install'
[0.260s] Level 1:colcon.colcon_core.package_identification:_identify(src/kaiaai) by extensions ['colcon_pkg']
[0.260s] Level 1:colcon.colcon_core.package_identification:_identify(src/kaiaai) by extension 'colcon_pkg'
[0.260s] Level 1:colcon.colcon_core.package_identification:_identify(src/kaiaai) by extensions ['colcon_meta']
[0.260s] Level 1:colcon.colcon_core.package_identification:_identify(src/kaiaai) by extension 'colcon_meta'
[0.260s] Level 1:colcon.colcon_core.package_identification:_identify(src/kaiaai) by extensions ['ros']
[0.260s] Level 1:colcon.colcon_core.package_identification:_identify(src/kaiaai) by extension 'ros'
[0.260s] DEBUG:colcon.colcon_core.package_identification:Package 'src/kaiaai' with type 'ros.ament_python' and name 'kaiaai'
[0.260s] Level 1:colcon.colcon_core.package_identification:_identify(src/kaiaai_apps) by extensions ['ignore', 'ignore_ament_install']
[0.260s] Level 1:colcon.colcon_core.package_identification:_identify(src/kaiaai_apps) by extension 'ignore'
[0.260s] Level 1:colcon.colcon_core.package_identification:_identify(src/kaiaai_apps) by extension 'ignore_ament_install'
[0.261s] Level 1:colcon.colcon_core.package_identification:_identify(src/kaiaai_apps) by extensions ['colcon_pkg']
[0.261s] Level 1:colcon.colcon_core.package_identification:_identify(src/kaiaai_apps) by extension 'colcon_pkg'
[0.261s] Level 1:colcon.colcon_core.package_identification:_identify(src/kaiaai_apps) by extensions ['colcon_meta']
[0.261s] Level 1:colcon.colcon_core.package_identification:_identify(src/kaiaai_apps) by extension 'colcon_meta'
[0.261s] Level 1:colcon.colcon_core.package_identification:_identify(src/kaiaai_apps) by extensions ['ros']
[0.261s] Level 1:colcon.colcon_core.package_identification:_identify(src/kaiaai_apps) by extension 'ros'
[0.261s] DEBUG:colcon.colcon_core.package_identification:Package 'src/kaiaai_apps' with type 'ros.ament_python' and name 'kaiaai_apps'
[0.261s] Level 1:colcon.colcon_core.package_identification:_identify(src/kaiaai_bringup) by extensions ['ignore', 'ignore_ament_install']
[0.261s] Level 1:colcon.colcon_core.package_identification:_identify(src/kaiaai_bringup) by extension 'ignore'
[0.261s] Level 1:colcon.colcon_core.package_identification:_identify(src/kaiaai_bringup) by extension 'ignore_ament_install'
[0.261s] Level 1:colcon.colcon_core.package_identification:_identify(src/kaiaai_bringup) by extensions ['colcon_pkg']
[0.261s] Level 1:colcon.colcon_core.package_identification:_identify(src/kaiaai_bringup) by extension 'colcon_pkg'
[0.261s] Level 1:colcon.colcon_core.package_identification:_identify(src/kaiaai_bringup) by extensions ['colcon_meta']
[0.262s] Level 1:colcon.colcon_core.package_identification:_identify(src/kaiaai_bringup) by extension 'colcon_meta'
[0.262s] Level 1:colcon.colcon_core.package_identification:_identify(src/kaiaai_bringup) by extensions ['ros']
[0.262s] Level 1:colcon.colcon_core.package_identification:_identify(src/kaiaai_bringup) by extension 'ros'
[0.262s] DEBUG:colcon.colcon_core.package_identification:Package 'src/kaiaai_bringup' with type 'ros.ament_cmake' and name 'kaiaai_bringup'
[0.262s] Level 1:colcon.colcon_core.package_identification:_identify(src/kaiaai_gazebo) by extensions ['ignore', 'ignore_ament_install']
[0.262s] Level 1:colcon.colcon_core.package_identification:_identify(src/kaiaai_gazebo) by extension 'ignore'
[0.262s] Level 1:colcon.colcon_core.package_identification:_identify(src/kaiaai_gazebo) by extension 'ignore_ament_install'
[0.262s] Level 1:colcon.colcon_core.package_identification:_identify(src/kaiaai_gazebo) by extensions ['colcon_pkg']
[0.262s] Level 1:colcon.colcon_core.package_identification:_identify(src/kaiaai_gazebo) by extension 'colcon_pkg'
[0.262s] Level 1:colcon.colcon_core.package_identification:_identify(src/kaiaai_gazebo) by extensions ['colcon_meta']
[0.263s] Level 1:colcon.colcon_core.package_identification:_identify(src/kaiaai_gazebo) by extension 'colcon_meta'
[0.263s] Level 1:colcon.colcon_core.package_identification:_identify(src/kaiaai_gazebo) by extensions ['ros']
[0.263s] Level 1:colcon.colcon_core.package_identification:_identify(src/kaiaai_gazebo) by extension 'ros'
[0.275s] DEBUG:colcon.colcon_core.package_identification:Package 'src/kaiaai_gazebo' with type 'ros.ament_cmake' and name 'kaiaai_gazebo'
[0.275s] Level 1:colcon.colcon_core.package_identification:_identify(src/kaiaai_msgs) by extensions ['ignore', 'ignore_ament_install']
[0.276s] Level 1:colcon.colcon_core.package_identification:_identify(src/kaiaai_msgs) by extension 'ignore'
[0.276s] Level 1:colcon.colcon_core.package_identification:_identify(src/kaiaai_msgs) by extension 'ignore_ament_install'
[0.276s] Level 1:colcon.colcon_core.package_identification:_identify(src/kaiaai_msgs) by extensions ['colcon_pkg']
[0.276s] Level 1:colcon.colcon_core.package_identification:_identify(src/kaiaai_msgs) by extension 'colcon_pkg'
[0.276s] Level 1:colcon.colcon_core.package_identification:_identify(src/kaiaai_msgs) by extensions ['colcon_meta']
[0.276s] Level 1:colcon.colcon_core.package_identification:_identify(src/kaiaai_msgs) by extension 'colcon_meta'
[0.276s] Level 1:colcon.colcon_core.package_identification:_identify(src/kaiaai_msgs) by extensions ['ros']
[0.276s] Level 1:colcon.colcon_core.package_identification:_identify(src/kaiaai_msgs) by extension 'ros'
[0.276s] DEBUG:colcon.colcon_core.package_identification:Package 'src/kaiaai_msgs' with type 'ros.ament_cmake' and name 'kaiaai_msgs'
[0.277s] Level 1:colcon.colcon_core.package_identification:_identify(src/kaiaai_telemetry) by extensions ['ignore', 'ignore_ament_install']
[0.277s] Level 1:colcon.colcon_core.package_identification:_identify(src/kaiaai_telemetry) by extension 'ignore'
[0.277s] Level 1:colcon.colcon_core.package_identification:_identify(src/kaiaai_telemetry) by extension 'ignore_ament_install'
[0.277s] Level 1:colcon.colcon_core.package_identification:_identify(src/kaiaai_telemetry) by extensions ['colcon_pkg']
[0.277s] Level 1:colcon.colcon_core.package_identification:_identify(src/kaiaai_telemetry) by extension 'colcon_pkg'
[0.277s] Level 1:colcon.colcon_core.package_identification:_identify(src/kaiaai_telemetry) by extensions ['colcon_meta']
[0.277s] Level 1:colcon.colcon_core.package_identification:_identify(src/kaiaai_telemetry) by extension 'colcon_meta'
[0.277s] Level 1:colcon.colcon_core.package_identification:_identify(src/kaiaai_telemetry) by extensions ['ros']
[0.277s] Level 1:colcon.colcon_core.package_identification:_identify(src/kaiaai_telemetry) by extension 'ros'
[0.278s] DEBUG:colcon.colcon_core.package_identification:Package 'src/kaiaai_telemetry' with type 'ros.ament_cmake' and name 'kaiaai_telemetry'
[0.278s] Level 1:colcon.colcon_core.package_identification:_identify(src/kaiaai_teleop) by extensions ['ignore', 'ignore_ament_install']
[0.278s] Level 1:colcon.colcon_core.package_identification:_identify(src/kaiaai_teleop) by extension 'ignore'
[0.278s] Level 1:colcon.colcon_core.package_identification:_identify(src/kaiaai_teleop) by extension 'ignore_ament_install'
[0.278s] Level 1:colcon.colcon_core.package_identification:_identify(src/kaiaai_teleop) by extensions ['colcon_pkg']
[0.278s] Level 1:colcon.colcon_core.package_identification:_identify(src/kaiaai_teleop) by extension 'colcon_pkg'
[0.278s] Level 1:colcon.colcon_core.package_identification:_identify(src/kaiaai_teleop) by extensions ['colcon_meta']
[0.278s] Level 1:colcon.colcon_core.package_identification:_identify(src/kaiaai_teleop) by extension 'colcon_meta'
[0.278s] Level 1:colcon.colcon_core.package_identification:_identify(src/kaiaai_teleop) by extensions ['ros']
[0.278s] Level 1:colcon.colcon_core.package_identification:_identify(src/kaiaai_teleop) by extension 'ros'
[0.279s] DEBUG:colcon.colcon_core.package_identification:Package 'src/kaiaai_teleop' with type 'ros.ament_python' and name 'kaiaai_teleop'
[0.279s] Level 1:colcon.colcon_core.package_identification:_identify(src/kaiaai_web) by extensions ['ignore', 'ignore_ament_install']
[0.279s] Level 1:colcon.colcon_core.package_identification:_identify(src/kaiaai_web) by extension 'ignore'
[0.279s] Level 1:colcon.colcon_core.package_identification:_identify(src/kaiaai_web) by extension 'ignore_ament_install'
[0.279s] Level 1:colcon.colcon_core.package_identification:_identify(src/kaiaai_web) by extensions ['colcon_pkg']
[0.279s] Level 1:colcon.colcon_core.package_identification:_identify(src/kaiaai_web) by extension 'colcon_pkg'
[0.279s] Level 1:colcon.colcon_core.package_identification:_identify(src/kaiaai_web) by extensions ['colcon_meta']
[0.279s] Level 1:colcon.colcon_core.package_identification:_identify(src/kaiaai_web) by extension 'colcon_meta'
[0.279s] Level 1:colcon.colcon_core.package_identification:_identify(src/kaiaai_web) by extensions ['ros']
[0.279s] Level 1:colcon.colcon_core.package_identification:_identify(src/kaiaai_web) by extension 'ros'
[0.280s] DEBUG:colcon.colcon_core.package_identification:Package 'src/kaiaai_web' with type 'ros.ament_python' and name 'kaiaai_web'
[0.280s] Level 1:colcon.colcon_core.package_identification:_identify(src/m-explore-ros2) by extensions ['ignore', 'ignore_ament_install']
[0.280s] Level 1:colcon.colcon_core.package_identification:_identify(src/m-explore-ros2) by extension 'ignore'
[0.280s] Level 1:colcon.colcon_core.package_identification:_identify(src/m-explore-ros2) by extension 'ignore_ament_install'
[0.280s] Level 1:colcon.colcon_core.package_identification:_identify(src/m-explore-ros2) by extensions ['colcon_pkg']
[0.280s] Level 1:colcon.colcon_core.package_identification:_identify(src/m-explore-ros2) by extension 'colcon_pkg'
[0.280s] Level 1:colcon.colcon_core.package_identification:_identify(src/m-explore-ros2) by extensions ['colcon_meta']
[0.280s] Level 1:colcon.colcon_core.package_identification:_identify(src/m-explore-ros2) by extension 'colcon_meta'
[0.280s] Level 1:colcon.colcon_core.package_identification:_identify(src/m-explore-ros2) by extensions ['ros']
[0.280s] Level 1:colcon.colcon_core.package_identification:_identify(src/m-explore-ros2) by extension 'ros'
[0.280s] Level 1:colcon.colcon_core.package_identification:_identify(src/m-explore-ros2) by extensions ['cmake', 'python']
[0.280s] Level 1:colcon.colcon_core.package_identification:_identify(src/m-explore-ros2) by extension 'cmake'
[0.280s] Level 1:colcon.colcon_core.package_identification:_identify(src/m-explore-ros2) by extension 'python'
[0.280s] Level 1:colcon.colcon_core.package_identification:_identify(src/m-explore-ros2) by extensions ['python_setup_py']
[0.280s] Level 1:colcon.colcon_core.package_identification:_identify(src/m-explore-ros2) by extension 'python_setup_py'
[0.280s] Level 1:colcon.colcon_core.package_identification:_identify(src/m-explore-ros2/explore) by extensions ['ignore', 'ignore_ament_install']
[0.280s] Level 1:colcon.colcon_core.package_identification:_identify(src/m-explore-ros2/explore) by extension 'ignore'
[0.280s] Level 1:colcon.colcon_core.package_identification:_identify(src/m-explore-ros2/explore) by extension 'ignore_ament_install'
[0.280s] Level 1:colcon.colcon_core.package_identification:_identify(src/m-explore-ros2/explore) by extensions ['colcon_pkg']
[0.280s] Level 1:colcon.colcon_core.package_identification:_identify(src/m-explore-ros2/explore) by extension 'colcon_pkg'
[0.281s] Level 1:colcon.colcon_core.package_identification:_identify(src/m-explore-ros2/explore) by extensions ['colcon_meta']
[0.281s] Level 1:colcon.colcon_core.package_identification:_identify(src/m-explore-ros2/explore) by extension 'colcon_meta'
[0.281s] Level 1:colcon.colcon_core.package_identification:_identify(src/m-explore-ros2/explore) by extensions ['ros']
[0.281s] Level 1:colcon.colcon_core.package_identification:_identify(src/m-explore-ros2/explore) by extension 'ros'
[0.282s] DEBUG:colcon.colcon_core.package_identification:Package 'src/m-explore-ros2/explore' with type 'ros.ament_cmake' and name 'explore_lite'
[0.282s] Level 1:colcon.colcon_core.package_identification:_identify(src/makerspet) by extensions ['ignore', 'ignore_ament_install']
[0.282s] Level 1:colcon.colcon_core.package_identification:_identify(src/makerspet) by extension 'ignore'
[0.282s] Level 1:colcon.colcon_core.package_identification:_identify(src/makerspet) by extension 'ignore_ament_install'
[0.282s] Level 1:colcon.colcon_core.package_identification:_identify(src/makerspet) by extensions ['colcon_pkg']
[0.282s] Level 1:colcon.colcon_core.package_identification:_identify(src/makerspet) by extension 'colcon_pkg'
[0.282s] Level 1:colcon.colcon_core.package_identification:_identify(src/makerspet) by extensions ['colcon_meta']
[0.282s] Level 1:colcon.colcon_core.package_identification:_identify(src/makerspet) by extension 'colcon_meta'
[0.282s] Level 1:colcon.colcon_core.package_identification:_identify(src/makerspet) by extensions ['ros']
[0.282s] Level 1:colcon.colcon_core.package_identification:_identify(src/makerspet) by extension 'ros'
[0.283s] DEBUG:colcon.colcon_core.package_identification:Package 'src/makerspet' with type 'ros.ament_python' and name 'makerspet'
[0.283s] Level 1:colcon.colcon_core.package_identification:_identify(src/makerspet_fido) by extensions ['ignore', 'ignore_ament_install']
[0.283s] Level 1:colcon.colcon_core.package_identification:_identify(src/makerspet_fido) by extension 'ignore'
[0.283s] Level 1:colcon.colcon_core.package_identification:_identify(src/makerspet_fido) by extension 'ignore_ament_install'
[0.283s] Level 1:colcon.colcon_core.package_identification:_identify(src/makerspet_fido) by extensions ['colcon_pkg']
[0.283s] Level 1:colcon.colcon_core.package_identification:_identify(src/makerspet_fido) by extension 'colcon_pkg'
[0.283s] Level 1:colcon.colcon_core.package_identification:_identify(src/makerspet_fido) by extensions ['colcon_meta']
[0.283s] Level 1:colcon.colcon_core.package_identification:_identify(src/makerspet_fido) by extension 'colcon_meta'
[0.283s] Level 1:colcon.colcon_core.package_identification:_identify(src/makerspet_fido) by extensions ['ros']
[0.283s] Level 1:colcon.colcon_core.package_identification:_identify(src/makerspet_fido) by extension 'ros'
[0.284s] DEBUG:colcon.colcon_core.package_identification:Package 'src/makerspet_fido' with type 'ros.ament_cmake' and name 'makerspet_fido'
[0.284s] Level 1:colcon.colcon_core.package_identification:_identify(src/makerspet_loki) by extensions ['ignore', 'ignore_ament_install']
[0.284s] Level 1:colcon.colcon_core.package_identification:_identify(src/makerspet_loki) by extension 'ignore'
[0.284s] Level 1:colcon.colcon_core.package_identification:_identify(src/makerspet_loki) by extension 'ignore_ament_install'
[0.284s] Level 1:colcon.colcon_core.package_identification:_identify(src/makerspet_loki) by extensions ['colcon_pkg']
[0.284s] Level 1:colcon.colcon_core.package_identification:_identify(src/makerspet_loki) by extension 'colcon_pkg'
[0.284s] Level 1:colcon.colcon_core.package_identification:_identify(src/makerspet_loki) by extensions ['colcon_meta']
[0.284s] Level 1:colcon.colcon_core.package_identification:_identify(src/makerspet_loki) by extension 'colcon_meta'
[0.284s] Level 1:colcon.colcon_core.package_identification:_identify(src/makerspet_loki) by extensions ['ros']
[0.284s] Level 1:colcon.colcon_core.package_identification:_identify(src/makerspet_loki) by extension 'ros'
[0.285s] DEBUG:colcon.colcon_core.package_identification:Package 'src/makerspet_loki' with type 'ros.ament_cmake' and name 'makerspet_loki'
[0.285s] Level 1:colcon.colcon_core.package_identification:_identify(src/makerspet_mini) by extensions ['ignore', 'ignore_ament_install']
[0.285s] Level 1:colcon.colcon_core.package_identification:_identify(src/makerspet_mini) by extension 'ignore'
[0.285s] Level 1:colcon.colcon_core.package_identification:_identify(src/makerspet_mini) by extension 'ignore_ament_install'
[0.285s] Level 1:colcon.colcon_core.package_identification:_identify(src/makerspet_mini) by extensions ['colcon_pkg']
[0.285s] Level 1:colcon.colcon_core.package_identification:_identify(src/makerspet_mini) by extension 'colcon_pkg'
[0.285s] Level 1:colcon.colcon_core.package_identification:_identify(src/makerspet_mini) by extensions ['colcon_meta']
[0.285s] Level 1:colcon.colcon_core.package_identification:_identify(src/makerspet_mini) by extension 'colcon_meta'
[0.285s] Level 1:colcon.colcon_core.package_identification:_identify(src/makerspet_mini) by extensions ['ros']
[0.285s] Level 1:colcon.colcon_core.package_identification:_identify(src/makerspet_mini) by extension 'ros'
[0.286s] DEBUG:colcon.colcon_core.package_identification:Package 'src/makerspet_mini' with type 'ros.ament_cmake' and name 'makerspet_mini'
[0.286s] Level 1:colcon.colcon_core.package_identification:_identify(src/makerspet_snoopy) by extensions ['ignore', 'ignore_ament_install']
[0.286s] Level 1:colcon.colcon_core.package_identification:_identify(src/makerspet_snoopy) by extension 'ignore'
[0.286s] Level 1:colcon.colcon_core.package_identification:_identify(src/makerspet_snoopy) by extension 'ignore_ament_install'
[0.286s] Level 1:colcon.colcon_core.package_identification:_identify(src/makerspet_snoopy) by extensions ['colcon_pkg']
[0.286s] Level 1:colcon.colcon_core.package_identification:_identify(src/makerspet_snoopy) by extension 'colcon_pkg'
[0.286s] Level 1:colcon.colcon_core.package_identification:_identify(src/makerspet_snoopy) by extensions ['colcon_meta']
[0.286s] Level 1:colcon.colcon_core.package_identification:_identify(src/makerspet_snoopy) by extension 'colcon_meta'
[0.286s] Level 1:colcon.colcon_core.package_identification:_identify(src/makerspet_snoopy) by extensions ['ros']
[0.286s] Level 1:colcon.colcon_core.package_identification:_identify(src/makerspet_snoopy) by extension 'ros'
[0.287s] DEBUG:colcon.colcon_core.package_identification:Package 'src/makerspet_snoopy' with type 'ros.ament_cmake' and name 'makerspet_snoopy'
[0.287s] Level 1:colcon.colcon_core.package_identification:_identify(src/nav2_wfe) by extensions ['ignore', 'ignore_ament_install']
[0.287s] Level 1:colcon.colcon_core.package_identification:_identify(src/nav2_wfe) by extension 'ignore'
[0.287s] Level 1:colcon.colcon_core.package_identification:_identify(src/nav2_wfe) by extension 'ignore_ament_install'
[0.287s] Level 1:colcon.colcon_core.package_identification:_identify(src/nav2_wfe) by extensions ['colcon_pkg']
[0.287s] Level 1:colcon.colcon_core.package_identification:_identify(src/nav2_wfe) by extension 'colcon_pkg'
[0.287s] Level 1:colcon.colcon_core.package_identification:_identify(src/nav2_wfe) by extensions ['colcon_meta']
[0.287s] Level 1:colcon.colcon_core.package_identification:_identify(src/nav2_wfe) by extension 'colcon_meta'
[0.287s] Level 1:colcon.colcon_core.package_identification:_identify(src/nav2_wfe) by extensions ['ros']
[0.287s] Level 1:colcon.colcon_core.package_identification:_identify(src/nav2_wfe) by extension 'ros'
[0.288s] DEBUG:colcon.colcon_core.package_identification:Package 'src/nav2_wfe' with type 'ros.ament_python' and name 'nav2_wfd'
[0.288s] Level 1:colcon.colcon_core.package_discovery:discover_packages(recursive) using defaults
[0.288s] Level 1:colcon.colcon_core.package_discovery:discover_packages(ignore) discover
[0.288s] Level 1:colcon.colcon_core.package_discovery:discover_packages(ignore) using defaults
[0.288s] Level 1:colcon.colcon_core.package_discovery:discover_packages(path) discover
[0.288s] Level 1:colcon.colcon_core.package_discovery:discover_packages(path) using defaults
[0.306s] INFO:colcon.colcon_core.package_selection:Skipping package 'makerspet' in 'src/makerspet'
[0.306s] INFO:colcon.colcon_core.package_selection:Skipping package 'kaiaai_gazebo' in 'src/kaiaai_gazebo'
[0.306s] INFO:colcon.colcon_core.package_selection:Skipping package 'nav2_wfd' in 'src/nav2_wfe'
[0.306s] INFO:colcon.colcon_core.package_selection:Skipping package 'makerspet_fido' in 'src/makerspet_fido'
[0.306s] INFO:colcon.colcon_core.package_selection:Skipping package 'kaiaai_web' in 'src/kaiaai_web'
[0.306s] INFO:colcon.colcon_core.package_selection:Skipping package 'kaiaai_apps' in 'src/kaiaai_apps'
[0.306s] INFO:colcon.colcon_core.package_selection:Skipping package 'explore_lite' in 'src/m-explore-ros2/explore'
[0.306s] INFO:colcon.colcon_core.package_selection:Skipping package 'auto_mapper' in 'src/auto_mapper'
[0.307s] Level 1:colcon.colcon_core.package_discovery:discover_packages(prefix_path) check parameters
[0.307s] Level 1:colcon.colcon_core.package_discovery:discover_packages(prefix_path) discover
[0.308s] DEBUG:colcon.colcon_installed_package_information.package_discovery:Found 9 installed packages in /home/duong/kaia_ws/install
[0.310s] DEBUG:colcon.colcon_installed_package_information.package_discovery:Found 286 installed packages in /opt/ros/iron
[0.311s] Level 1:colcon.colcon_core.package_discovery:discover_packages(prefix_path) using defaults
[0.346s] Level 5:colcon.colcon_core.verb:set package 'kaiaai' build argument 'cmake_args' from command line to 'None'
[0.346s] Level 5:colcon.colcon_core.verb:set package 'kaiaai' build argument 'cmake_target' from command line to 'None'
[0.346s] Level 5:colcon.colcon_core.verb:set package 'kaiaai' build argument 'cmake_target_skip_unavailable' from command line to 'False'
[0.346s] Level 5:colcon.colcon_core.verb:set package 'kaiaai' build argument 'cmake_clean_cache' from command line to 'False'
[0.346s] Level 5:colcon.colcon_core.verb:set package 'kaiaai' build argument 'cmake_clean_first' from command line to 'False'
[0.346s] Level 5:colcon.colcon_core.verb:set package 'kaiaai' build argument 'cmake_force_configure' from command line to 'False'
[0.346s] Level 5:colcon.colcon_core.verb:set package 'kaiaai' build argument 'ament_cmake_args' from command line to 'None'
[0.346s] Level 5:colcon.colcon_core.verb:set package 'kaiaai' build argument 'catkin_cmake_args' from command line to 'None'
[0.346s] Level 5:colcon.colcon_core.verb:set package 'kaiaai' build argument 'catkin_skip_building_tests' from command line to 'False'
[0.346s] DEBUG:colcon.colcon_core.verb:Building package 'kaiaai' with the following arguments: {'ament_cmake_args': None, 'build_base': '/home/duong/kaia_ws/build/kaiaai', 'catkin_cmake_args': None, 'catkin_skip_building_tests': False, 'cmake_args': None, 'cmake_clean_cache': False, 'cmake_clean_first': False, 'cmake_force_configure': False, 'cmake_target': None, 'cmake_target_skip_unavailable': False, 'install_base': '/home/duong/kaia_ws/install/kaiaai', 'merge_install': False, 'path': '/home/duong/kaia_ws/src/kaiaai', 'symlink_install': True, 'test_result_base': None}
[0.347s] Level 5:colcon.colcon_core.verb:set package 'kaiaai_msgs' build argument 'cmake_args' from command line to 'None'
[0.347s] Level 5:colcon.colcon_core.verb:set package 'kaiaai_msgs' build argument 'cmake_target' from command line to 'None'
[0.347s] Level 5:colcon.colcon_core.verb:set package 'kaiaai_msgs' build argument 'cmake_target_skip_unavailable' from command line to 'False'
[0.347s] Level 5:colcon.colcon_core.verb:set package 'kaiaai_msgs' build argument 'cmake_clean_cache' from command line to 'False'
[0.347s] Level 5:colcon.colcon_core.verb:set package 'kaiaai_msgs' build argument 'cmake_clean_first' from command line to 'False'
[0.347s] Level 5:colcon.colcon_core.verb:set package 'kaiaai_msgs' build argument 'cmake_force_configure' from command line to 'False'
[0.347s] Level 5:colcon.colcon_core.verb:set package 'kaiaai_msgs' build argument 'ament_cmake_args' from command line to 'None'
[0.347s] Level 5:colcon.colcon_core.verb:set package 'kaiaai_msgs' build argument 'catkin_cmake_args' from command line to 'None'
[0.347s] Level 5:colcon.colcon_core.verb:set package 'kaiaai_msgs' build argument 'catkin_skip_building_tests' from command line to 'False'
[0.347s] DEBUG:colcon.colcon_core.verb:Building package 'kaiaai_msgs' with the following arguments: {'ament_cmake_args': None, 'build_base': '/home/duong/kaia_ws/build/kaiaai_msgs', 'catkin_cmake_args': None, 'catkin_skip_building_tests': False, 'cmake_args': None, 'cmake_clean_cache': False, 'cmake_clean_first': False, 'cmake_force_configure': False, 'cmake_target': None, 'cmake_target_skip_unavailable': False, 'install_base': '/home/duong/kaia_ws/install/kaiaai_msgs', 'merge_install': False, 'path': '/home/duong/kaia_ws/src/kaiaai_msgs', 'symlink_install': True, 'test_result_base': None}
[0.347s] Level 5:colcon.colcon_core.verb:set package 'kaiaai_teleop' build argument 'cmake_args' from command line to 'None'
[0.347s] Level 5:colcon.colcon_core.verb:set package 'kaiaai_teleop' build argument 'cmake_target' from command line to 'None'
[0.347s] Level 5:colcon.colcon_core.verb:set package 'kaiaai_teleop' build argument 'cmake_target_skip_unavailable' from command line to 'False'
[0.347s] Level 5:colcon.colcon_core.verb:set package 'kaiaai_teleop' build argument 'cmake_clean_cache' from command line to 'False'
[0.347s] Level 5:colcon.colcon_core.verb:set package 'kaiaai_teleop' build argument 'cmake_clean_first' from command line to 'False'
[0.347s] Level 5:colcon.colcon_core.verb:set package 'kaiaai_teleop' build argument 'cmake_force_configure' from command line to 'False'
[0.347s] Level 5:colcon.colcon_core.verb:set package 'kaiaai_teleop' build argument 'ament_cmake_args' from command line to 'None'
[0.347s] Level 5:colcon.colcon_core.verb:set package 'kaiaai_teleop' build argument 'catkin_cmake_args' from command line to 'None'
[0.347s] Level 5:colcon.colcon_core.verb:set package 'kaiaai_teleop' build argument 'catkin_skip_building_tests' from command line to 'False'
[0.347s] DEBUG:colcon.colcon_core.verb:Building package 'kaiaai_teleop' with the following arguments: {'ament_cmake_args': None, 'build_base': '/home/duong/kaia_ws/build/kaiaai_teleop', 'catkin_cmake_args': None, 'catkin_skip_building_tests': False, 'cmake_args': None, 'cmake_clean_cache': False, 'cmake_clean_first': False, 'cmake_force_configure': False, 'cmake_target': None, 'cmake_target_skip_unavailable': False, 'install_base': '/home/duong/kaia_ws/install/kaiaai_teleop', 'merge_install': False, 'path': '/home/duong/kaia_ws/src/kaiaai_teleop', 'symlink_install': True, 'test_result_base': None}
[0.347s] Level 5:colcon.colcon_core.verb:set package 'makerspet_loki' build argument 'cmake_args' from command line to 'None'
[0.348s] Level 5:colcon.colcon_core.verb:set package 'makerspet_loki' build argument 'cmake_target' from command line to 'None'
[0.348s] Level 5:colcon.colcon_core.verb:set package 'makerspet_loki' build argument 'cmake_target_skip_unavailable' from command line to 'False'
[0.348s] Level 5:colcon.colcon_core.verb:set package 'makerspet_loki' build argument 'cmake_clean_cache' from command line to 'False'
[0.348s] Level 5:colcon.colcon_core.verb:set package 'makerspet_loki' build argument 'cmake_clean_first' from command line to 'False'
[0.348s] Level 5:colcon.colcon_core.verb:set package 'makerspet_loki' build argument 'cmake_force_configure' from command line to 'False'
[0.348s] Level 5:colcon.colcon_core.verb:set package 'makerspet_loki' build argument 'ament_cmake_args' from command line to 'None'
[0.348s] Level 5:colcon.colcon_core.verb:set package 'makerspet_loki' build argument 'catkin_cmake_args' from command line to 'None'
[0.348s] Level 5:colcon.colcon_core.verb:set package 'makerspet_loki' build argument 'catkin_skip_building_tests' from command line to 'False'
[0.348s] DEBUG:colcon.colcon_core.verb:Building package 'makerspet_loki' with the following arguments: {'ament_cmake_args': None, 'build_base': '/home/duong/kaia_ws/build/makerspet_loki', 'catkin_cmake_args': None, 'catkin_skip_building_tests': False, 'cmake_args': None, 'cmake_clean_cache': False, 'cmake_clean_first': False, 'cmake_force_configure': False, 'cmake_target': None, 'cmake_target_skip_unavailable': False, 'install_base': '/home/duong/kaia_ws/install/makerspet_loki', 'merge_install': False, 'path': '/home/duong/kaia_ws/src/makerspet_loki', 'symlink_install': True, 'test_result_base': None}
[0.348s] Level 5:colcon.colcon_core.verb:set package 'makerspet_mini' build argument 'cmake_args' from command line to 'None'
[0.348s] Level 5:colcon.colcon_core.verb:set package 'makerspet_mini' build argument 'cmake_target' from command line to 'None'
[0.348s] Level 5:colcon.colcon_core.verb:set package 'makerspet_mini' build argument 'cmake_target_skip_unavailable' from command line to 'False'
[0.348s] Level 5:colcon.colcon_core.verb:set package 'makerspet_mini' build argument 'cmake_clean_cache' from command line to 'False'
[0.348s] Level 5:colcon.colcon_core.verb:set package 'makerspet_mini' build argument 'cmake_clean_first' from command line to 'False'
[0.348s] Level 5:colcon.colcon_core.verb:set package 'makerspet_mini' build argument 'cmake_force_configure' from command line to 'False'
[0.348s] Level 5:colcon.colcon_core.verb:set package 'makerspet_mini' build argument 'ament_cmake_args' from command line to 'None'
[0.348s] Level 5:colcon.colcon_core.verb:set package 'makerspet_mini' build argument 'catkin_cmake_args' from command line to 'None'
[0.348s] Level 5:colcon.colcon_core.verb:set package 'makerspet_mini' build argument 'catkin_skip_building_tests' from command line to 'False'
[0.348s] DEBUG:colcon.colcon_core.verb:Building package 'makerspet_mini' with the following arguments: {'ament_cmake_args': None, 'build_base': '/home/duong/kaia_ws/build/makerspet_mini', 'catkin_cmake_args': None, 'catkin_skip_building_tests': False, 'cmake_args': None, 'cmake_clean_cache': False, 'cmake_clean_first': False, 'cmake_force_configure': False, 'cmake_target': None, 'cmake_target_skip_unavailable': False, 'install_base': '/home/duong/kaia_ws/install/makerspet_mini', 'merge_install': False, 'path': '/home/duong/kaia_ws/src/makerspet_mini', 'symlink_install': True, 'test_result_base': None}
[0.348s] Level 5:colcon.colcon_core.verb:set package 'makerspet_snoopy' build argument 'cmake_args' from command line to 'None'
[0.348s] Level 5:colcon.colcon_core.verb:set package 'makerspet_snoopy' build argument 'cmake_target' from command line to 'None'
[0.348s] Level 5:colcon.colcon_core.verb:set package 'makerspet_snoopy' build argument 'cmake_target_skip_unavailable' from command line to 'False'
[0.348s] Level 5:colcon.colcon_core.verb:set package 'makerspet_snoopy' build argument 'cmake_clean_cache' from command line to 'False'
[0.348s] Level 5:colcon.colcon_core.verb:set package 'makerspet_snoopy' build argument 'cmake_clean_first' from command line to 'False'
[0.348s] Level 5:colcon.colcon_core.verb:set package 'makerspet_snoopy' build argument 'cmake_force_configure' from command line to 'False'
[0.348s] Level 5:colcon.colcon_core.verb:set package 'makerspet_snoopy' build argument 'ament_cmake_args' from command line to 'None'
[0.348s] Level 5:colcon.colcon_core.verb:set package 'makerspet_snoopy' build argument 'catkin_cmake_args' from command line to 'None'
[0.348s] Level 5:colcon.colcon_core.verb:set package 'makerspet_snoopy' build argument 'catkin_skip_building_tests' from command line to 'False'
[0.349s] DEBUG:colcon.colcon_core.verb:Building package 'makerspet_snoopy' with the following arguments: {'ament_cmake_args': None, 'build_base': '/home/duong/kaia_ws/build/makerspet_snoopy', 'catkin_cmake_args': None, 'catkin_skip_building_tests': False, 'cmake_args': None, 'cmake_clean_cache': False, 'cmake_clean_first': False, 'cmake_force_configure': False, 'cmake_target': None, 'cmake_target_skip_unavailable': False, 'install_base': '/home/duong/kaia_ws/install/makerspet_snoopy', 'merge_install': False, 'path': '/home/duong/kaia_ws/src/makerspet_snoopy', 'symlink_install': True, 'test_result_base': None}
[0.349s] Level 5:colcon.colcon_core.verb:set package 'kaiaai_telemetry' build argument 'cmake_args' from command line to 'None'
[0.349s] Level 5:colcon.colcon_core.verb:set package 'kaiaai_telemetry' build argument 'cmake_target' from command line to 'None'
[0.349s] Level 5:colcon.colcon_core.verb:set package 'kaiaai_telemetry' build argument 'cmake_target_skip_unavailable' from command line to 'False'
[0.349s] Level 5:colcon.colcon_core.verb:set package 'kaiaai_telemetry' build argument 'cmake_clean_cache' from command line to 'False'
[0.349s] Level 5:colcon.colcon_core.verb:set package 'kaiaai_telemetry' build argument 'cmake_clean_first' from command line to 'False'
[0.349s] Level 5:colcon.colcon_core.verb:set package 'kaiaai_telemetry' build argument 'cmake_force_configure' from command line to 'False'
[0.349s] Level 5:colcon.colcon_core.verb:set package 'kaiaai_telemetry' build argument 'ament_cmake_args' from command line to 'None'
[0.349s] Level 5:colcon.colcon_core.verb:set package 'kaiaai_telemetry' build argument 'catkin_cmake_args' from command line to 'None'
[0.349s] Level 5:colcon.colcon_core.verb:set package 'kaiaai_telemetry' build argument 'catkin_skip_building_tests' from command line to 'False'
[0.349s] DEBUG:colcon.colcon_core.verb:Building package 'kaiaai_telemetry' with the following arguments: {'ament_cmake_args': None, 'build_base': '/home/duong/kaia_ws/build/kaiaai_telemetry', 'catkin_cmake_args': None, 'catkin_skip_building_tests': False, 'cmake_args': None, 'cmake_clean_cache': False, 'cmake_clean_first': False, 'cmake_force_configure': False, 'cmake_target': None, 'cmake_target_skip_unavailable': False, 'install_base': '/home/duong/kaia_ws/install/kaiaai_telemetry', 'merge_install': False, 'path': '/home/duong/kaia_ws/src/kaiaai_telemetry', 'symlink_install': True, 'test_result_base': None}
[0.349s] Level 5:colcon.colcon_core.verb:set package 'kaiaai_bringup' build argument 'cmake_args' from command line to 'None'
[0.349s] Level 5:colcon.colcon_core.verb:set package 'kaiaai_bringup' build argument 'cmake_target' from command line to 'None'
[0.349s] Level 5:colcon.colcon_core.verb:set package 'kaiaai_bringup' build argument 'cmake_target_skip_unavailable' from command line to 'False'
[0.349s] Level 5:colcon.colcon_core.verb:set package 'kaiaai_bringup' build argument 'cmake_clean_cache' from command line to 'False'
[0.349s] Level 5:colcon.colcon_core.verb:set package 'kaiaai_bringup' build argument 'cmake_clean_first' from command line to 'False'
[0.349s] Level 5:colcon.colcon_core.verb:set package 'kaiaai_bringup' build argument 'cmake_force_configure' from command line to 'False'
[0.349s] Level 5:colcon.colcon_core.verb:set package 'kaiaai_bringup' build argument 'ament_cmake_args' from command line to 'None'
[0.349s] Level 5:colcon.colcon_core.verb:set package 'kaiaai_bringup' build argument 'catkin_cmake_args' from command line to 'None'
[0.349s] Level 5:colcon.colcon_core.verb:set package 'kaiaai_bringup' build argument 'catkin_skip_building_tests' from command line to 'False'
[0.349s] DEBUG:colcon.colcon_core.verb:Building package 'kaiaai_bringup' with the following arguments: {'ament_cmake_args': None, 'build_base': '/home/duong/kaia_ws/build/kaiaai_bringup', 'catkin_cmake_args': None, 'catkin_skip_building_tests': False, 'cmake_args': None, 'cmake_clean_cache': False, 'cmake_clean_first': False, 'cmake_force_configure': False, 'cmake_target': None, 'cmake_target_skip_unavailable': False, 'install_base': '/home/duong/kaia_ws/install/kaiaai_bringup', 'merge_install': False, 'path': '/home/duong/kaia_ws/src/kaiaai_bringup', 'symlink_install': True, 'test_result_base': None}
[0.349s] INFO:colcon.colcon_core.executor:Executing jobs using 'parallel' executor
[0.350s] DEBUG:colcon.colcon_parallel_executor.executor.parallel:run_until_complete
[0.351s] INFO:colcon.colcon_ros.task.ament_cmake.build:Building ROS package in '/home/duong/kaia_ws/src/kaiaai_msgs' with build type 'ament_cmake'
[0.351s] INFO:colcon.colcon_cmake.task.cmake.build:Building CMake package in '/home/duong/kaia_ws/src/kaiaai_msgs'
[0.353s] INFO:colcon.colcon_core.plugin_system:Skipping extension 'colcon_core.shell.bat': Not used on non-Windows systems
[0.353s] INFO:colcon.colcon_core.shell:Skip shell extension 'powershell' for command environment: Not usable outside of PowerShell
[0.353s] DEBUG:colcon.colcon_core.shell:Skip shell extension 'dsv' for command environment
[0.357s] INFO:colcon.colcon_ros.task.ament_python.build:Building ROS package in '/home/duong/kaia_ws/src/kaiaai' with build type 'ament_python'
[0.357s] Level 1:colcon.colcon_core.shell:create_environment_hook('kaiaai', 'ament_prefix_path')
[0.357s] INFO:colcon.colcon_core.shell:Creating environment hook '/home/duong/kaia_ws/install/kaiaai/share/kaiaai/hook/ament_prefix_path.ps1'
[0.358s] INFO:colcon.colcon_core.shell:Creating environment descriptor '/home/duong/kaia_ws/install/kaiaai/share/kaiaai/hook/ament_prefix_path.dsv'
[0.358s] INFO:colcon.colcon_core.shell:Creating environment hook '/home/duong/kaia_ws/install/kaiaai/share/kaiaai/hook/ament_prefix_path.sh'
[0.359s] INFO:colcon.colcon_core.shell:Skip shell extension 'powershell' for command environment: Not usable outside of PowerShell
[0.359s] DEBUG:colcon.colcon_core.shell:Skip shell extension 'dsv' for command environment
[0.363s] INFO:colcon.colcon_ros.task.ament_python.build:Building ROS package in '/home/duong/kaia_ws/src/kaiaai_teleop' with build type 'ament_python'
[0.363s] Level 1:colcon.colcon_core.shell:create_environment_hook('kaiaai_teleop', 'ament_prefix_path')
[0.363s] INFO:colcon.colcon_core.shell:Creating environment hook '/home/duong/kaia_ws/install/kaiaai_teleop/share/kaiaai_teleop/hook/ament_prefix_path.ps1'
[0.364s] INFO:colcon.colcon_core.shell:Creating environment descriptor '/home/duong/kaia_ws/install/kaiaai_teleop/share/kaiaai_teleop/hook/ament_prefix_path.dsv'
[0.364s] INFO:colcon.colcon_core.shell:Creating environment hook '/home/duong/kaia_ws/install/kaiaai_teleop/share/kaiaai_teleop/hook/ament_prefix_path.sh'
[0.365s] INFO:colcon.colcon_core.shell:Skip shell extension 'powershell' for command environment: Not usable outside of PowerShell
[0.365s] DEBUG:colcon.colcon_core.shell:Skip shell extension 'dsv' for command environment
[0.394s] INFO:colcon.colcon_ros.task.ament_cmake.build:Building ROS package in '/home/duong/kaia_ws/src/makerspet_loki' with build type 'ament_cmake'
[0.394s] INFO:colcon.colcon_cmake.task.cmake.build:Building CMake package in '/home/duong/kaia_ws/src/makerspet_loki'
[0.394s] INFO:colcon.colcon_core.shell:Skip shell extension 'powershell' for command environment: Not usable outside of PowerShell
[0.394s] DEBUG:colcon.colcon_core.shell:Skip shell extension 'dsv' for command environment
[0.398s] INFO:colcon.colcon_ros.task.ament_cmake.build:Building ROS package in '/home/duong/kaia_ws/src/makerspet_mini' with build type 'ament_cmake'
[0.398s] INFO:colcon.colcon_cmake.task.cmake.build:Building CMake package in '/home/duong/kaia_ws/src/makerspet_mini'
[0.398s] INFO:colcon.colcon_core.shell:Skip shell extension 'powershell' for command environment: Not usable outside of PowerShell
[0.398s] DEBUG:colcon.colcon_core.shell:Skip shell extension 'dsv' for command environment
[0.402s] INFO:colcon.colcon_ros.task.ament_cmake.build:Building ROS package in '/home/duong/kaia_ws/src/makerspet_snoopy' with build type 'ament_cmake'
[0.402s] INFO:colcon.colcon_cmake.task.cmake.build:Building CMake package in '/home/duong/kaia_ws/src/makerspet_snoopy'
[0.403s] INFO:colcon.colcon_core.shell:Skip shell extension 'powershell' for command environment: Not usable outside of PowerShell
[0.403s] DEBUG:colcon.colcon_core.shell:Skip shell extension 'dsv' for command environment
[0.412s] DEBUG:colcon.colcon_core.event_handler.log_command:Invoking command in '/home/duong/kaia_ws/build/kaiaai_msgs': CMAKE_PREFIX_PATH=${CMAKE_PREFIX_PATH}:/home/duong/kaia_ws/install/kaiaai:/opt/ros/iron /usr/bin/cmake --build /home/duong/kaia_ws/build/kaiaai_msgs -- -j12 -l12
[0.741s] INFO:colcon.colcon_core.task.python.build:Building Python package in '/home/duong/kaia_ws/src/kaiaai'
[0.742s] INFO:colcon.colcon_core.shell:Skip shell extension 'powershell' for command environment: Not usable outside of PowerShell
[0.742s] DEBUG:colcon.colcon_core.shell:Skip shell extension 'dsv' for command environment
[1.070s] INFO:colcon.colcon_core.task.python.build:Building Python package in '/home/duong/kaia_ws/src/kaiaai_teleop'
[1.071s] INFO:colcon.colcon_core.shell:Skip shell extension 'powershell' for command environment: Not usable outside of PowerShell
[1.071s] DEBUG:colcon.colcon_core.shell:Skip shell extension 'dsv' for command environment
[1.085s] DEBUG:colcon.colcon_core.event_handler.log_command:Invoking command in '/home/duong/kaia_ws/build/makerspet_loki': CMAKE_PREFIX_PATH=${CMAKE_PREFIX_PATH}:/home/duong/kaia_ws/install/kaiaai:/opt/ros/iron /usr/bin/cmake --build /home/duong/kaia_ws/build/makerspet_loki -- -j12 -l12
[1.090s] DEBUG:colcon.colcon_core.event_handler.log_command:Invoking command in '/home/duong/kaia_ws/build/makerspet_mini': CMAKE_PREFIX_PATH=${CMAKE_PREFIX_PATH}:/home/duong/kaia_ws/install/kaiaai:/opt/ros/iron /usr/bin/cmake --build /home/duong/kaia_ws/build/makerspet_mini -- -j12 -l12
[1.100s] DEBUG:colcon.colcon_core.event_handler.log_command:Invoking command in '/home/duong/kaia_ws/build/makerspet_snoopy': CMAKE_PREFIX_PATH=${CMAKE_PREFIX_PATH}:/home/duong/kaia_ws/install/kaiaai:/opt/ros/iron /usr/bin/cmake --build /home/duong/kaia_ws/build/makerspet_snoopy -- -j12 -l12
[1.152s] DEBUG:colcon.colcon_core.event_handler.log_command:Invoked command in '/home/duong/kaia_ws/build/makerspet_mini' returned '0': CMAKE_PREFIX_PATH=${CMAKE_PREFIX_PATH}:/home/duong/kaia_ws/install/kaiaai:/opt/ros/iron /usr/bin/cmake --build /home/duong/kaia_ws/build/makerspet_mini -- -j12 -l12
[1.170s] DEBUG:colcon.colcon_core.event_handler.log_command:Invoking command in '/home/duong/kaia_ws/build/makerspet_mini': CMAKE_PREFIX_PATH=${CMAKE_PREFIX_PATH}:/home/duong/kaia_ws/install/kaiaai:/opt/ros/iron /usr/bin/cmake --install /home/duong/kaia_ws/build/makerspet_mini
[1.172s] DEBUG:colcon.colcon_core.event_handler.log_command:Invoked command in '/home/duong/kaia_ws/build/makerspet_loki' returned '0': CMAKE_PREFIX_PATH=${CMAKE_PREFIX_PATH}:/home/duong/kaia_ws/install/kaiaai:/opt/ros/iron /usr/bin/cmake --build /home/duong/kaia_ws/build/makerspet_loki -- -j12 -l12
[1.175s] DEBUG:colcon.colcon_core.event_handler.log_command:Invoking command in '/home/duong/kaia_ws/build/makerspet_loki': CMAKE_PREFIX_PATH=${CMAKE_PREFIX_PATH}:/home/duong/kaia_ws/install/kaiaai:/opt/ros/iron /usr/bin/cmake --install /home/duong/kaia_ws/build/makerspet_loki
[1.179s] DEBUG:colcon.colcon_core.event_handler.log_command:Invoked command in '/home/duong/kaia_ws/build/makerspet_snoopy' returned '0': CMAKE_PREFIX_PATH=${CMAKE_PREFIX_PATH}:/home/duong/kaia_ws/install/kaiaai:/opt/ros/iron /usr/bin/cmake --build /home/duong/kaia_ws/build/makerspet_snoopy -- -j12 -l12
[1.181s] DEBUG:colcon.colcon_core.event_handler.log_command:Invoking command in '/home/duong/kaia_ws/build/makerspet_snoopy': CMAKE_PREFIX_PATH=${CMAKE_PREFIX_PATH}:/home/duong/kaia_ws/install/kaiaai:/opt/ros/iron /usr/bin/cmake --install /home/duong/kaia_ws/build/makerspet_snoopy
[1.214s] Level 1:colcon.colcon_core.environment:create_environment_scripts_only(makerspet_mini)
[1.215s] DEBUG:colcon.colcon_core.event_handler.log_command:Invoked command in '/home/duong/kaia_ws/build/makerspet_mini' returned '0': CMAKE_PREFIX_PATH=${CMAKE_PREFIX_PATH}:/home/duong/kaia_ws/install/kaiaai:/opt/ros/iron /usr/bin/cmake --install /home/duong/kaia_ws/build/makerspet_mini
[1.219s] Level 1:colcon.colcon_core.environment:checking '/home/duong/kaia_ws/install/makerspet_mini' for CMake module files
[1.220s] Level 1:colcon.colcon_core.environment:checking '/home/duong/kaia_ws/install/makerspet_mini' for CMake config files
[1.221s] Level 1:colcon.colcon_core.shell:create_environment_hook('makerspet_mini', 'cmake_prefix_path')
[1.222s] INFO:colcon.colcon_core.shell:Creating environment hook '/home/duong/kaia_ws/install/makerspet_mini/share/makerspet_mini/hook/cmake_prefix_path.ps1'
[1.223s] INFO:colcon.colcon_core.shell:Creating environment descriptor '/home/duong/kaia_ws/install/makerspet_mini/share/makerspet_mini/hook/cmake_prefix_path.dsv'
[1.224s] INFO:colcon.colcon_core.shell:Creating environment hook '/home/duong/kaia_ws/install/makerspet_mini/share/makerspet_mini/hook/cmake_prefix_path.sh'
[1.225s] Level 1:colcon.colcon_core.environment:checking '/home/duong/kaia_ws/install/makerspet_mini/bin'
[1.225s] Level 1:colcon.colcon_core.environment:checking '/home/duong/kaia_ws/install/makerspet_mini/lib/pkgconfig/makerspet_mini.pc'
[1.225s] Level 1:colcon.colcon_core.environment:checking '/home/duong/kaia_ws/install/makerspet_mini/lib/python3.10/site-packages'
[1.226s] Level 1:colcon.colcon_core.environment:checking '/home/duong/kaia_ws/install/makerspet_mini/bin'
[1.227s] INFO:colcon.colcon_core.shell:Creating package script '/home/duong/kaia_ws/install/makerspet_mini/share/makerspet_mini/package.ps1'
[1.229s] INFO:colcon.colcon_core.shell:Creating package descriptor '/home/duong/kaia_ws/install/makerspet_mini/share/makerspet_mini/package.dsv'
[1.230s] INFO:colcon.colcon_core.shell:Creating package script '/home/duong/kaia_ws/install/makerspet_mini/share/makerspet_mini/package.sh'
[1.232s] INFO:colcon.colcon_core.shell:Creating package script '/home/duong/kaia_ws/install/makerspet_mini/share/makerspet_mini/package.bash'
[1.233s] INFO:colcon.colcon_core.shell:Creating package script '/home/duong/kaia_ws/install/makerspet_mini/share/makerspet_mini/package.zsh'
[1.235s] Level 1:colcon.colcon_core.environment:create_file_with_runtime_dependencies(/home/duong/kaia_ws/install/makerspet_mini/share/colcon-core/packages/makerspet_mini)
[1.236s] Level 1:colcon.colcon_core.environment:create_environment_scripts_only(makerspet_mini)
[1.237s] Level 1:colcon.colcon_core.environment:checking '/home/duong/kaia_ws/install/makerspet_mini' for CMake module files
[1.238s] Level 1:colcon.colcon_core.environment:checking '/home/duong/kaia_ws/install/makerspet_mini' for CMake config files
[1.239s] Level 1:colcon.colcon_core.shell:create_environment_hook('makerspet_mini', 'cmake_prefix_path')
[1.239s] INFO:colcon.colcon_core.shell:Creating environment hook '/home/duong/kaia_ws/install/makerspet_mini/share/makerspet_mini/hook/cmake_prefix_path.ps1'
[1.240s] INFO:colcon.colcon_core.shell:Creating environment descriptor '/home/duong/kaia_ws/install/makerspet_mini/share/makerspet_mini/hook/cmake_prefix_path.dsv'
[1.241s] INFO:colcon.colcon_core.shell:Creating environment hook '/home/duong/kaia_ws/install/makerspet_mini/share/makerspet_mini/hook/cmake_prefix_path.sh'
[1.242s] Level 1:colcon.colcon_core.environment:checking '/home/duong/kaia_ws/install/makerspet_mini/bin'
[1.242s] Level 1:colcon.colcon_core.environment:checking '/home/duong/kaia_ws/install/makerspet_mini/lib/pkgconfig/makerspet_mini.pc'
[1.243s] Level 1:colcon.colcon_core.environment:checking '/home/duong/kaia_ws/install/makerspet_mini/lib/python3.10/site-packages'
[1.243s] Level 1:colcon.colcon_core.environment:checking '/home/duong/kaia_ws/install/makerspet_mini/bin'
[1.244s] INFO:colcon.colcon_core.shell:Creating package script '/home/duong/kaia_ws/install/makerspet_mini/share/makerspet_mini/package.ps1'
[1.245s] INFO:colcon.colcon_core.shell:Creating package descriptor '/home/duong/kaia_ws/install/makerspet_mini/share/makerspet_mini/package.dsv'
[1.246s] INFO:colcon.colcon_core.shell:Creating package script '/home/duong/kaia_ws/install/makerspet_mini/share/makerspet_mini/package.sh'
[1.247s] INFO:colcon.colcon_core.shell:Creating package script '/home/duong/kaia_ws/install/makerspet_mini/share/makerspet_mini/package.bash'
[1.248s] INFO:colcon.colcon_core.shell:Creating package script '/home/duong/kaia_ws/install/makerspet_mini/share/makerspet_mini/package.zsh'
[1.248s] Level 1:colcon.colcon_core.environment:create_file_with_runtime_dependencies(/home/duong/kaia_ws/install/makerspet_mini/share/colcon-core/packages/makerspet_mini)
[1.250s] Level 1:colcon.colcon_core.environment:create_environment_scripts_only(makerspet_snoopy)
[1.251s] Level 1:colcon.colcon_core.environment:checking '/home/duong/kaia_ws/install/makerspet_snoopy' for CMake module files
[1.255s] Level 1:colcon.colcon_core.environment:checking '/home/duong/kaia_ws/install/makerspet_snoopy' for CMake config files
[1.256s] DEBUG:colcon.colcon_core.event_handler.log_command:Invoked command in '/home/duong/kaia_ws/build/makerspet_snoopy' returned '0': CMAKE_PREFIX_PATH=${CMAKE_PREFIX_PATH}:/home/duong/kaia_ws/install/kaiaai:/opt/ros/iron /usr/bin/cmake --install /home/duong/kaia_ws/build/makerspet_snoopy
[1.257s] Level 1:colcon.colcon_core.shell:create_environment_hook('makerspet_snoopy', 'cmake_prefix_path')
[1.257s] INFO:colcon.colcon_core.shell:Creating environment hook '/home/duong/kaia_ws/install/makerspet_snoopy/share/makerspet_snoopy/hook/cmake_prefix_path.ps1'
[1.258s] INFO:colcon.colcon_core.shell:Creating environment descriptor '/home/duong/kaia_ws/install/makerspet_snoopy/share/makerspet_snoopy/hook/cmake_prefix_path.dsv'
[1.259s] INFO:colcon.colcon_core.shell:Creating environment hook '/home/duong/kaia_ws/install/makerspet_snoopy/share/makerspet_snoopy/hook/cmake_prefix_path.sh'
[1.260s] Level 1:colcon.colcon_core.environment:checking '/home/duong/kaia_ws/install/makerspet_snoopy/bin'
[1.260s] Level 1:colcon.colcon_core.environment:checking '/home/duong/kaia_ws/install/makerspet_snoopy/lib/pkgconfig/makerspet_snoopy.pc'
[1.260s] Level 1:colcon.colcon_core.environment:checking '/home/duong/kaia_ws/install/makerspet_snoopy/lib/python3.10/site-packages'
[1.261s] Level 1:colcon.colcon_core.environment:checking '/home/duong/kaia_ws/install/makerspet_snoopy/bin'
[1.262s] INFO:colcon.colcon_core.shell:Creating package script '/home/duong/kaia_ws/install/makerspet_snoopy/share/makerspet_snoopy/package.ps1'
[1.263s] INFO:colcon.colcon_core.shell:Creating package descriptor '/home/duong/kaia_ws/install/makerspet_snoopy/share/makerspet_snoopy/package.dsv'
[1.264s] INFO:colcon.colcon_core.shell:Creating package script '/home/duong/kaia_ws/install/makerspet_snoopy/share/makerspet_snoopy/package.sh'
[1.264s] INFO:colcon.colcon_core.shell:Creating package script '/home/duong/kaia_ws/install/makerspet_snoopy/share/makerspet_snoopy/package.bash'
[1.265s] INFO:colcon.colcon_core.shell:Creating package script '/home/duong/kaia_ws/install/makerspet_snoopy/share/makerspet_snoopy/package.zsh'
[1.266s] Level 1:colcon.colcon_core.environment:create_file_with_runtime_dependencies(/home/duong/kaia_ws/install/makerspet_snoopy/share/colcon-core/packages/makerspet_snoopy)
[1.267s] Level 1:colcon.colcon_core.environment:create_environment_scripts_only(makerspet_snoopy)
[1.268s] Level 1:colcon.colcon_core.environment:checking '/home/duong/kaia_ws/install/makerspet_snoopy' for CMake module files
[1.269s] Level 1:colcon.colcon_core.environment:checking '/home/duong/kaia_ws/install/makerspet_snoopy' for CMake config files
[1.270s] Level 1:colcon.colcon_core.shell:create_environment_hook('makerspet_snoopy', 'cmake_prefix_path')
[1.270s] INFO:colcon.colcon_core.shell:Creating environment hook '/home/duong/kaia_ws/install/makerspet_snoopy/share/makerspet_snoopy/hook/cmake_prefix_path.ps1'
[1.271s] INFO:colcon.colcon_core.shell:Creating environment descriptor '/home/duong/kaia_ws/install/makerspet_snoopy/share/makerspet_snoopy/hook/cmake_prefix_path.dsv'
[1.272s] INFO:colcon.colcon_core.shell:Creating environment hook '/home/duong/kaia_ws/install/makerspet_snoopy/share/makerspet_snoopy/hook/cmake_prefix_path.sh'
[1.273s] Level 1:colcon.colcon_core.environment:checking '/home/duong/kaia_ws/install/makerspet_snoopy/bin'
[1.273s] Level 1:colcon.colcon_core.environment:checking '/home/duong/kaia_ws/install/makerspet_snoopy/lib/pkgconfig/makerspet_snoopy.pc'
[1.273s] Level 1:colcon.colcon_core.environment:checking '/home/duong/kaia_ws/install/makerspet_snoopy/lib/python3.10/site-packages'
[1.274s] Level 1:colcon.colcon_core.environment:checking '/home/duong/kaia_ws/install/makerspet_snoopy/bin'
[1.275s] INFO:colcon.colcon_core.shell:Creating package script '/home/duong/kaia_ws/install/makerspet_snoopy/share/makerspet_snoopy/package.ps1'
[1.276s] INFO:colcon.colcon_core.shell:Creating package descriptor '/home/duong/kaia_ws/install/makerspet_snoopy/share/makerspet_snoopy/package.dsv'
[1.277s] INFO:colcon.colcon_core.shell:Creating package script '/home/duong/kaia_ws/install/makerspet_snoopy/share/makerspet_snoopy/package.sh'
[1.278s] INFO:colcon.colcon_core.shell:Creating package script '/home/duong/kaia_ws/install/makerspet_snoopy/share/makerspet_snoopy/package.bash'
[1.279s] INFO:colcon.colcon_core.shell:Creating package script '/home/duong/kaia_ws/install/makerspet_snoopy/share/makerspet_snoopy/package.zsh'
[1.280s] Level 1:colcon.colcon_core.environment:create_file_with_runtime_dependencies(/home/duong/kaia_ws/install/makerspet_snoopy/share/colcon-core/packages/makerspet_snoopy)
[1.280s] Level 1:colcon.colcon_core.environment:create_environment_scripts_only(makerspet_loki)
[1.281s] Level 1:colcon.colcon_core.environment:checking '/home/duong/kaia_ws/install/makerspet_loki' for CMake module files
[1.283s] DEBUG:colcon.colcon_core.event_handler.log_command:Invoked command in '/home/duong/kaia_ws/build/makerspet_loki' returned '0': CMAKE_PREFIX_PATH=${CMAKE_PREFIX_PATH}:/home/duong/kaia_ws/install/kaiaai:/opt/ros/iron /usr/bin/cmake --install /home/duong/kaia_ws/build/makerspet_loki
[1.284s] Level 1:colcon.colcon_core.environment:checking '/home/duong/kaia_ws/install/makerspet_loki' for CMake config files
[1.285s] Level 1:colcon.colcon_core.shell:create_environment_hook('makerspet_loki', 'cmake_prefix_path')
[1.285s] INFO:colcon.colcon_core.shell:Creating environment hook '/home/duong/kaia_ws/install/makerspet_loki/share/makerspet_loki/hook/cmake_prefix_path.ps1'
[1.286s] INFO:colcon.colcon_core.shell:Creating environment descriptor '/home/duong/kaia_ws/install/makerspet_loki/share/makerspet_loki/hook/cmake_prefix_path.dsv'
[1.287s] INFO:colcon.colcon_core.shell:Creating environment hook '/home/duong/kaia_ws/install/makerspet_loki/share/makerspet_loki/hook/cmake_prefix_path.sh'
[1.288s] Level 1:colcon.colcon_core.environment:checking '/home/duong/kaia_ws/install/makerspet_loki/bin'
[1.288s] Level 1:colcon.colcon_core.environment:checking '/home/duong/kaia_ws/install/makerspet_loki/lib/pkgconfig/makerspet_loki.pc'
[1.289s] Level 1:colcon.colcon_core.environment:checking '/home/duong/kaia_ws/install/makerspet_loki/lib/python3.10/site-packages'
[1.289s] Level 1:colcon.colcon_core.environment:checking '/home/duong/kaia_ws/install/makerspet_loki/bin'
[1.290s] INFO:colcon.colcon_core.shell:Creating package script '/home/duong/kaia_ws/install/makerspet_loki/share/makerspet_loki/package.ps1'
[1.291s] INFO:colcon.colcon_core.shell:Creating package descriptor '/home/duong/kaia_ws/install/makerspet_loki/share/makerspet_loki/package.dsv'
[1.292s] INFO:colcon.colcon_core.shell:Creating package script '/home/duong/kaia_ws/install/makerspet_loki/share/makerspet_loki/package.sh'
[1.293s] INFO:colcon.colcon_core.shell:Creating package script '/home/duong/kaia_ws/install/makerspet_loki/share/makerspet_loki/package.bash'
[1.293s] INFO:colcon.colcon_core.shell:Creating package script '/home/duong/kaia_ws/install/makerspet_loki/share/makerspet_loki/package.zsh'
[1.294s] Level 1:colcon.colcon_core.environment:create_file_with_runtime_dependencies(/home/duong/kaia_ws/install/makerspet_loki/share/colcon-core/packages/makerspet_loki)
[1.295s] Level 1:colcon.colcon_core.environment:create_environment_scripts_only(makerspet_loki)
[1.296s] Level 1:colcon.colcon_core.environment:checking '/home/duong/kaia_ws/install/makerspet_loki' for CMake module files
[1.297s] Level 1:colcon.colcon_core.environment:checking '/home/duong/kaia_ws/install/makerspet_loki' for CMake config files
[1.298s] Level 1:colcon.colcon_core.shell:create_environment_hook('makerspet_loki', 'cmake_prefix_path')
[1.298s] INFO:colcon.colcon_core.shell:Creating environment hook '/home/duong/kaia_ws/install/makerspet_loki/share/makerspet_loki/hook/cmake_prefix_path.ps1'
[1.299s] INFO:colcon.colcon_core.shell:Creating environment descriptor '/home/duong/kaia_ws/install/makerspet_loki/share/makerspet_loki/hook/cmake_prefix_path.dsv'
[1.300s] INFO:colcon.colcon_core.shell:Creating environment hook '/home/duong/kaia_ws/install/makerspet_loki/share/makerspet_loki/hook/cmake_prefix_path.sh'
[1.301s] Level 1:colcon.colcon_core.environment:checking '/home/duong/kaia_ws/install/makerspet_loki/bin'
[1.301s] Level 1:colcon.colcon_core.environment:checking '/home/duong/kaia_ws/install/makerspet_loki/lib/pkgconfig/makerspet_loki.pc'
[1.302s] Level 1:colcon.colcon_core.environment:checking '/home/duong/kaia_ws/install/makerspet_loki/lib/python3.10/site-packages'
[1.302s] Level 1:colcon.colcon_core.environment:checking '/home/duong/kaia_ws/install/makerspet_loki/bin'
[1.303s] INFO:colcon.colcon_core.shell:Creating package script '/home/duong/kaia_ws/install/makerspet_loki/share/makerspet_loki/package.ps1'
[1.304s] INFO:colcon.colcon_core.shell:Creating package descriptor '/home/duong/kaia_ws/install/makerspet_loki/share/makerspet_loki/package.dsv'
[1.305s] INFO:colcon.colcon_core.shell:Creating package script '/home/duong/kaia_ws/install/makerspet_loki/share/makerspet_loki/package.sh'
[1.306s] INFO:colcon.colcon_core.shell:Creating package script '/home/duong/kaia_ws/install/makerspet_loki/share/makerspet_loki/package.bash'
[1.307s] INFO:colcon.colcon_core.shell:Creating package script '/home/duong/kaia_ws/install/makerspet_loki/share/makerspet_loki/package.zsh'
[1.308s] Level 1:colcon.colcon_core.environment:create_file_with_runtime_dependencies(/home/duong/kaia_ws/install/makerspet_loki/share/colcon-core/packages/makerspet_loki)
[1.654s] DEBUG:colcon.colcon_core.event_handler.log_command:Invoking command in '/home/duong/kaia_ws/build/kaiaai': PYTHONPATH=/home/duong/kaia_ws/build/kaiaai/prefix_override:/usr/lib/python3/dist-packages/colcon_core/task/python/colcon_distutils_commands:/home/duong/kaia_ws/install/kaiaai/lib/python3.10/site-packages:${PYTHONPATH} /usr/bin/python3 -W ignore:setup.py install is deprecated -W ignore:easy_install command is deprecated setup.py develop --editable --build-directory /home/duong/kaia_ws/build/kaiaai/build --no-deps symlink_data
[1.658s] DEBUG:colcon.colcon_core.event_handler.log_command:Invoking command in '/home/duong/kaia_ws/build/kaiaai_teleop': PYTHONPATH=/home/duong/kaia_ws/build/kaiaai_teleop/prefix_override:/usr/lib/python3/dist-packages/colcon_core/task/python/colcon_distutils_commands:/home/duong/kaia_ws/install/kaiaai_teleop/lib/python3.10/site-packages:${PYTHONPATH} /usr/bin/python3 -W ignore:setup.py install is deprecated -W ignore:easy_install command is deprecated setup.py develop --editable --build-directory /home/duong/kaia_ws/build/kaiaai_teleop/build --no-deps symlink_data
[2.441s] Level 1:colcon.colcon_core.shell:create_environment_hook('kaiaai_teleop', 'pythonpath_develop')
[2.441s] INFO:colcon.colcon_core.shell:Creating environment hook '/home/duong/kaia_ws/build/kaiaai_teleop/share/kaiaai_teleop/hook/pythonpath_develop.ps1'
[2.442s] DEBUG:colcon.colcon_core.event_handler.log_command:Invoked command in '/home/duong/kaia_ws/build/kaiaai_teleop' returned '0': PYTHONPATH=/home/duong/kaia_ws/build/kaiaai_teleop/prefix_override:/usr/lib/python3/dist-packages/colcon_core/task/python/colcon_distutils_commands:/home/duong/kaia_ws/install/kaiaai_teleop/lib/python3.10/site-packages:${PYTHONPATH} /usr/bin/python3 -W ignore:setup.py install is deprecated -W ignore:easy_install command is deprecated setup.py develop --editable --build-directory /home/duong/kaia_ws/build/kaiaai_teleop/build --no-deps symlink_data
[2.443s] INFO:colcon.colcon_core.shell:Creating environment descriptor '/home/duong/kaia_ws/build/kaiaai_teleop/share/kaiaai_teleop/hook/pythonpath_develop.dsv'
[2.444s] INFO:colcon.colcon_core.shell:Creating environment hook '/home/duong/kaia_ws/build/kaiaai_teleop/share/kaiaai_teleop/hook/pythonpath_develop.sh'
[2.445s] Level 1:colcon.colcon_core.environment:checking '/home/duong/kaia_ws/install/kaiaai_teleop' for CMake module files
[2.446s] Level 1:colcon.colcon_core.environment:checking '/home/duong/kaia_ws/install/kaiaai_teleop' for CMake config files
[2.447s] Level 1:colcon.colcon_core.environment:checking '/home/duong/kaia_ws/install/kaiaai_teleop/lib'
[2.448s] Level 1:colcon.colcon_core.environment:checking '/home/duong/kaia_ws/install/kaiaai_teleop/bin'
[2.448s] Level 1:colcon.colcon_core.environment:checking '/home/duong/kaia_ws/install/kaiaai_teleop/lib/pkgconfig/kaiaai_teleop.pc'
[2.448s] Level 1:colcon.colcon_core.environment:checking '/home/duong/kaia_ws/install/kaiaai_teleop/lib/python3.10/site-packages'
[2.448s] Level 1:colcon.colcon_core.shell:create_environment_hook('kaiaai_teleop', 'pythonpath')
[2.449s] INFO:colcon.colcon_core.shell:Creating environment hook '/home/duong/kaia_ws/install/kaiaai_teleop/share/kaiaai_teleop/hook/pythonpath.ps1'
[2.450s] INFO:colcon.colcon_core.shell:Creating environment descriptor '/home/duong/kaia_ws/install/kaiaai_teleop/share/kaiaai_teleop/hook/pythonpath.dsv'
[2.451s] INFO:colcon.colcon_core.shell:Creating environment hook '/home/duong/kaia_ws/install/kaiaai_teleop/share/kaiaai_teleop/hook/pythonpath.sh'
[2.452s] Level 1:colcon.colcon_core.environment:checking '/home/duong/kaia_ws/install/kaiaai_teleop/bin'
[2.453s] Level 1:colcon.colcon_core.environment:create_environment_scripts_only(kaiaai_teleop)
[2.453s] INFO:colcon.colcon_core.shell:Creating package script '/home/duong/kaia_ws/install/kaiaai_teleop/share/kaiaai_teleop/package.ps1'
[2.455s] INFO:colcon.colcon_core.shell:Creating package descriptor '/home/duong/kaia_ws/install/kaiaai_teleop/share/kaiaai_teleop/package.dsv'
[2.456s] INFO:colcon.colcon_core.shell:Creating package script '/home/duong/kaia_ws/install/kaiaai_teleop/share/kaiaai_teleop/package.sh'
[2.457s] INFO:colcon.colcon_core.shell:Creating package script '/home/duong/kaia_ws/install/kaiaai_teleop/share/kaiaai_teleop/package.bash'
[2.458s] INFO:colcon.colcon_core.shell:Creating package script '/home/duong/kaia_ws/install/kaiaai_teleop/share/kaiaai_teleop/package.zsh'
[2.459s] Level 1:colcon.colcon_core.environment:create_file_with_runtime_dependencies(/home/duong/kaia_ws/install/kaiaai_teleop/share/colcon-core/packages/kaiaai_teleop)
[2.461s] Level 1:colcon.colcon_core.shell:create_environment_hook('kaiaai', 'pythonpath_develop')
[2.461s] INFO:colcon.colcon_core.shell:Creating environment hook '/home/duong/kaia_ws/build/kaiaai/share/kaiaai/hook/pythonpath_develop.ps1'
[2.462s] DEBUG:colcon.colcon_core.event_handler.log_command:Invoked command in '/home/duong/kaia_ws/build/kaiaai' returned '0': PYTHONPATH=/home/duong/kaia_ws/build/kaiaai/prefix_override:/usr/lib/python3/dist-packages/colcon_core/task/python/colcon_distutils_commands:/home/duong/kaia_ws/install/kaiaai/lib/python3.10/site-packages:${PYTHONPATH} /usr/bin/python3 -W ignore:setup.py install is deprecated -W ignore:easy_install command is deprecated setup.py develop --editable --build-directory /home/duong/kaia_ws/build/kaiaai/build --no-deps symlink_data
[2.463s] INFO:colcon.colcon_core.shell:Creating environment descriptor '/home/duong/kaia_ws/build/kaiaai/share/kaiaai/hook/pythonpath_develop.dsv'
[2.464s] INFO:colcon.colcon_core.shell:Creating environment hook '/home/duong/kaia_ws/build/kaiaai/share/kaiaai/hook/pythonpath_develop.sh'
[2.466s] Level 1:colcon.colcon_core.environment:checking '/home/duong/kaia_ws/install/kaiaai' for CMake module files
[2.466s] Level 1:colcon.colcon_core.environment:checking '/home/duong/kaia_ws/install/kaiaai' for CMake config files
[2.467s] Level 1:colcon.colcon_core.environment:checking '/home/duong/kaia_ws/install/kaiaai/lib'
[2.468s] Level 1:colcon.colcon_core.environment:checking '/home/duong/kaia_ws/install/kaiaai/bin'
[2.468s] Level 1:colcon.colcon_core.environment:checking '/home/duong/kaia_ws/install/kaiaai/lib/pkgconfig/kaiaai.pc'
[2.468s] Level 1:colcon.colcon_core.environment:checking '/home/duong/kaia_ws/install/kaiaai/lib/python3.10/site-packages'
[2.468s] Level 1:colcon.colcon_core.shell:create_environment_hook('kaiaai', 'pythonpath')
[2.469s] INFO:colcon.colcon_core.shell:Creating environment hook '/home/duong/kaia_ws/install/kaiaai/share/kaiaai/hook/pythonpath.ps1'
[2.470s] INFO:colcon.colcon_core.shell:Creating environment descriptor '/home/duong/kaia_ws/install/kaiaai/share/kaiaai/hook/pythonpath.dsv'
[2.470s] INFO:colcon.colcon_core.shell:Creating environment hook '/home/duong/kaia_ws/install/kaiaai/share/kaiaai/hook/pythonpath.sh'
[2.472s] Level 1:colcon.colcon_core.environment:checking '/home/duong/kaia_ws/install/kaiaai/bin'
[2.472s] Level 1:colcon.colcon_core.environment:create_environment_scripts_only(kaiaai)
[2.473s] INFO:colcon.colcon_core.shell:Creating package script '/home/duong/kaia_ws/install/kaiaai/share/kaiaai/package.ps1'
[2.474s] INFO:colcon.colcon_core.shell:Creating package descriptor '/home/duong/kaia_ws/install/kaiaai/share/kaiaai/package.dsv'
[2.475s] INFO:colcon.colcon_core.shell:Creating package script '/home/duong/kaia_ws/install/kaiaai/share/kaiaai/package.sh'
[2.476s] INFO:colcon.colcon_core.shell:Creating package script '/home/duong/kaia_ws/install/kaiaai/share/kaiaai/package.bash'
[2.477s] INFO:colcon.colcon_core.shell:Creating package script '/home/duong/kaia_ws/install/kaiaai/share/kaiaai/package.zsh'
[2.478s] Level 1:colcon.colcon_core.environment:create_file_with_runtime_dependencies(/home/duong/kaia_ws/install/kaiaai/share/colcon-core/packages/kaiaai)
[6.787s] DEBUG:colcon.colcon_core.event_handler.log_command:Invoked command in '/home/duong/kaia_ws/build/kaiaai_msgs' returned '0': CMAKE_PREFIX_PATH=${CMAKE_PREFIX_PATH}:/home/duong/kaia_ws/install/kaiaai:/opt/ros/iron /usr/bin/cmake --build /home/duong/kaia_ws/build/kaiaai_msgs -- -j12 -l12
[6.789s] DEBUG:colcon.colcon_core.event_handler.log_command:Invoking command in '/home/duong/kaia_ws/build/kaiaai_msgs': CMAKE_PREFIX_PATH=${CMAKE_PREFIX_PATH}:/home/duong/kaia_ws/install/kaiaai:/opt/ros/iron /usr/bin/cmake --install /home/duong/kaia_ws/build/kaiaai_msgs
[8.492s] Level 1:colcon.colcon_core.environment:create_environment_scripts_only(kaiaai_msgs)
[8.492s] Level 1:colcon.colcon_core.environment:checking '/home/duong/kaia_ws/install/kaiaai_msgs' for CMake module files
[8.493s] DEBUG:colcon.colcon_core.event_handler.log_command:Invoked command in '/home/duong/kaia_ws/build/kaiaai_msgs' returned '0': CMAKE_PREFIX_PATH=${CMAKE_PREFIX_PATH}:/home/duong/kaia_ws/install/kaiaai:/opt/ros/iron /usr/bin/cmake --install /home/duong/kaia_ws/build/kaiaai_msgs
[8.494s] Level 1:colcon.colcon_core.environment:checking '/home/duong/kaia_ws/install/kaiaai_msgs' for CMake config files
[8.495s] Level 1:colcon.colcon_core.shell:create_environment_hook('kaiaai_msgs', 'cmake_prefix_path')
[8.495s] INFO:colcon.colcon_core.shell:Creating environment hook '/home/duong/kaia_ws/install/kaiaai_msgs/share/kaiaai_msgs/hook/cmake_prefix_path.ps1'
[8.496s] INFO:colcon.colcon_core.shell:Creating environment descriptor '/home/duong/kaia_ws/install/kaiaai_msgs/share/kaiaai_msgs/hook/cmake_prefix_path.dsv'
[8.497s] INFO:colcon.colcon_core.shell:Creating environment hook '/home/duong/kaia_ws/install/kaiaai_msgs/share/kaiaai_msgs/hook/cmake_prefix_path.sh'
[8.498s] Level 1:colcon.colcon_core.environment:checking '/home/duong/kaia_ws/install/kaiaai_msgs/lib'
[8.498s] Level 1:colcon.colcon_core.shell:create_environment_hook('kaiaai_msgs', 'ld_library_path_lib')
[8.498s] INFO:colcon.colcon_core.shell:Creating environment hook '/home/duong/kaia_ws/install/kaiaai_msgs/share/kaiaai_msgs/hook/ld_library_path_lib.ps1'
[8.499s] INFO:colcon.colcon_core.shell:Creating environment descriptor '/home/duong/kaia_ws/install/kaiaai_msgs/share/kaiaai_msgs/hook/ld_library_path_lib.dsv'
[8.500s] INFO:colcon.colcon_core.shell:Creating environment hook '/home/duong/kaia_ws/install/kaiaai_msgs/share/kaiaai_msgs/hook/ld_library_path_lib.sh'
[8.501s] Level 1:colcon.colcon_core.environment:checking '/home/duong/kaia_ws/install/kaiaai_msgs/bin'
[8.501s] Level 1:colcon.colcon_core.environment:checking '/home/duong/kaia_ws/install/kaiaai_msgs/lib/pkgconfig/kaiaai_msgs.pc'
[8.501s] Level 1:colcon.colcon_core.environment:checking '/home/duong/kaia_ws/install/kaiaai_msgs/lib/python3.10/site-packages'
[8.501s] Level 1:colcon.colcon_core.shell:create_environment_hook('kaiaai_msgs', 'pythonpath')
[8.502s] INFO:colcon.colcon_core.shell:Creating environment hook '/home/duong/kaia_ws/install/kaiaai_msgs/share/kaiaai_msgs/hook/pythonpath.ps1'
[8.502s] INFO:colcon.colcon_core.shell:Creating environment descriptor '/home/duong/kaia_ws/install/kaiaai_msgs/share/kaiaai_msgs/hook/pythonpath.dsv'
[8.503s] INFO:colcon.colcon_core.shell:Creating environment hook '/home/duong/kaia_ws/install/kaiaai_msgs/share/kaiaai_msgs/hook/pythonpath.sh'
[8.504s] Level 1:colcon.colcon_core.environment:checking '/home/duong/kaia_ws/install/kaiaai_msgs/bin'
[8.505s] INFO:colcon.colcon_core.shell:Creating package script '/home/duong/kaia_ws/install/kaiaai_msgs/share/kaiaai_msgs/package.ps1'
[8.506s] INFO:colcon.colcon_core.shell:Creating package descriptor '/home/duong/kaia_ws/install/kaiaai_msgs/share/kaiaai_msgs/package.dsv'
[8.507s] INFO:colcon.colcon_core.shell:Creating package script '/home/duong/kaia_ws/install/kaiaai_msgs/share/kaiaai_msgs/package.sh'
[8.509s] INFO:colcon.colcon_core.shell:Creating package script '/home/duong/kaia_ws/install/kaiaai_msgs/share/kaiaai_msgs/package.bash'
[8.509s] INFO:colcon.colcon_core.shell:Creating package script '/home/duong/kaia_ws/install/kaiaai_msgs/share/kaiaai_msgs/package.zsh'
[8.510s] Level 1:colcon.colcon_core.environment:create_file_with_runtime_dependencies(/home/duong/kaia_ws/install/kaiaai_msgs/share/colcon-core/packages/kaiaai_msgs)
[8.511s] Level 1:colcon.colcon_core.environment:create_environment_scripts_only(kaiaai_msgs)
[8.512s] Level 1:colcon.colcon_core.environment:checking '/home/duong/kaia_ws/install/kaiaai_msgs' for CMake module files
[8.513s] Level 1:colcon.colcon_core.environment:checking '/home/duong/kaia_ws/install/kaiaai_msgs' for CMake config files
[8.514s] Level 1:colcon.colcon_core.shell:create_environment_hook('kaiaai_msgs', 'cmake_prefix_path')
[8.515s] INFO:colcon.colcon_core.shell:Creating environment hook '/home/duong/kaia_ws/install/kaiaai_msgs/share/kaiaai_msgs/hook/cmake_prefix_path.ps1'
[8.516s] INFO:colcon.colcon_core.shell:Creating environment descriptor '/home/duong/kaia_ws/install/kaiaai_msgs/share/kaiaai_msgs/hook/cmake_prefix_path.dsv'
[8.516s] INFO:colcon.colcon_core.shell:Creating environment hook '/home/duong/kaia_ws/install/kaiaai_msgs/share/kaiaai_msgs/hook/cmake_prefix_path.sh'
[8.517s] Level 1:colcon.colcon_core.environment:checking '/home/duong/kaia_ws/install/kaiaai_msgs/lib'
[8.518s] Level 1:colcon.colcon_core.shell:create_environment_hook('kaiaai_msgs', 'ld_library_path_lib')
[8.518s] INFO:colcon.colcon_core.shell:Creating environment hook '/home/duong/kaia_ws/install/kaiaai_msgs/share/kaiaai_msgs/hook/ld_library_path_lib.ps1'
[8.519s] INFO:colcon.colcon_core.shell:Creating environment descriptor '/home/duong/kaia_ws/install/kaiaai_msgs/share/kaiaai_msgs/hook/ld_library_path_lib.dsv'
[8.520s] INFO:colcon.colcon_core.shell:Creating environment hook '/home/duong/kaia_ws/install/kaiaai_msgs/share/kaiaai_msgs/hook/ld_library_path_lib.sh'
[8.520s] Level 1:colcon.colcon_core.environment:checking '/home/duong/kaia_ws/install/kaiaai_msgs/bin'
[8.520s] Level 1:colcon.colcon_core.environment:checking '/home/duong/kaia_ws/install/kaiaai_msgs/lib/pkgconfig/kaiaai_msgs.pc'
[8.521s] Level 1:colcon.colcon_core.environment:checking '/home/duong/kaia_ws/install/kaiaai_msgs/lib/python3.10/site-packages'
[8.521s] Level 1:colcon.colcon_core.shell:create_environment_hook('kaiaai_msgs', 'pythonpath')
[8.521s] INFO:colcon.colcon_core.shell:Creating environment hook '/home/duong/kaia_ws/install/kaiaai_msgs/share/kaiaai_msgs/hook/pythonpath.ps1'
[8.522s] INFO:colcon.colcon_core.shell:Creating environment descriptor '/home/duong/kaia_ws/install/kaiaai_msgs/share/kaiaai_msgs/hook/pythonpath.dsv'
[8.523s] INFO:colcon.colcon_core.shell:Creating environment hook '/home/duong/kaia_ws/install/kaiaai_msgs/share/kaiaai_msgs/hook/pythonpath.sh'
[8.524s] Level 1:colcon.colcon_core.environment:checking '/home/duong/kaia_ws/install/kaiaai_msgs/bin'
[8.525s] INFO:colcon.colcon_core.shell:Creating package script '/home/duong/kaia_ws/install/kaiaai_msgs/share/kaiaai_msgs/package.ps1'
[8.527s] INFO:colcon.colcon_core.shell:Creating package descriptor '/home/duong/kaia_ws/install/kaiaai_msgs/share/kaiaai_msgs/package.dsv'
[8.528s] INFO:colcon.colcon_core.shell:Creating package script '/home/duong/kaia_ws/install/kaiaai_msgs/share/kaiaai_msgs/package.sh'
[8.529s] INFO:colcon.colcon_core.shell:Creating package script '/home/duong/kaia_ws/install/kaiaai_msgs/share/kaiaai_msgs/package.bash'
[8.530s] INFO:colcon.colcon_core.shell:Creating package script '/home/duong/kaia_ws/install/kaiaai_msgs/share/kaiaai_msgs/package.zsh'
[8.530s] Level 1:colcon.colcon_core.environment:create_file_with_runtime_dependencies(/home/duong/kaia_ws/install/kaiaai_msgs/share/colcon-core/packages/kaiaai_msgs)
[8.531s] INFO:colcon.colcon_ros.task.ament_cmake.build:Building ROS package in '/home/duong/kaia_ws/src/kaiaai_telemetry' with build type 'ament_cmake'
[8.531s] INFO:colcon.colcon_cmake.task.cmake.build:Building CMake package in '/home/duong/kaia_ws/src/kaiaai_telemetry'
[8.532s] INFO:colcon.colcon_core.shell:Skip shell extension 'powershell' for command environment: Not usable outside of PowerShell
[8.532s] DEBUG:colcon.colcon_core.shell:Skip shell extension 'dsv' for command environment
[8.553s] DEBUG:colcon.colcon_core.event_handler.log_command:Invoking command in '/home/duong/kaia_ws/build/kaiaai_telemetry': AMENT_PREFIX_PATH=/home/duong/kaia_ws/install/kaiaai_msgs:${AMENT_PREFIX_PATH} CMAKE_PREFIX_PATH=/home/duong/kaia_ws/install/kaiaai_msgs:/home/duong/kaia_ws/install/kaiaai_bringup:/home/duong/kaia_ws/install/kaiaai:/opt/ros/iron LD_LIBRARY_PATH=/home/duong/kaia_ws/install/kaiaai_msgs/lib:${LD_LIBRARY_PATH} PYTHONPATH=/home/duong/kaia_ws/install/kaiaai_msgs/lib/python3.10/site-packages:${PYTHONPATH} /usr/bin/cmake /home/duong/kaia_ws/src/kaiaai_telemetry -DAMENT_CMAKE_SYMLINK_INSTALL=1 -DCMAKE_INSTALL_PREFIX=/home/duong/kaia_ws/install/kaiaai_telemetry
[11.014s] DEBUG:colcon.colcon_core.event_handler.log_command:Invoked command in '/home/duong/kaia_ws/build/kaiaai_telemetry' returned '0': AMENT_PREFIX_PATH=/home/duong/kaia_ws/install/kaiaai_msgs:${AMENT_PREFIX_PATH} CMAKE_PREFIX_PATH=/home/duong/kaia_ws/install/kaiaai_msgs:/home/duong/kaia_ws/install/kaiaai_bringup:/home/duong/kaia_ws/install/kaiaai:/opt/ros/iron LD_LIBRARY_PATH=/home/duong/kaia_ws/install/kaiaai_msgs/lib:${LD_LIBRARY_PATH} PYTHONPATH=/home/duong/kaia_ws/install/kaiaai_msgs/lib/python3.10/site-packages:${PYTHONPATH} /usr/bin/cmake /home/duong/kaia_ws/src/kaiaai_telemetry -DAMENT_CMAKE_SYMLINK_INSTALL=1 -DCMAKE_INSTALL_PREFIX=/home/duong/kaia_ws/install/kaiaai_telemetry
[11.017s] DEBUG:colcon.colcon_core.event_handler.log_command:Invoking command in '/home/duong/kaia_ws/build/kaiaai_telemetry': AMENT_PREFIX_PATH=/home/duong/kaia_ws/install/kaiaai_msgs:${AMENT_PREFIX_PATH} CMAKE_PREFIX_PATH=/home/duong/kaia_ws/install/kaiaai_msgs:/home/duong/kaia_ws/install/kaiaai_bringup:/home/duong/kaia_ws/install/kaiaai:/opt/ros/iron LD_LIBRARY_PATH=/home/duong/kaia_ws/install/kaiaai_msgs/lib:${LD_LIBRARY_PATH} PYTHONPATH=/home/duong/kaia_ws/install/kaiaai_msgs/lib/python3.10/site-packages:${PYTHONPATH} /usr/bin/cmake --build /home/duong/kaia_ws/build/kaiaai_telemetry -- -j12 -l12
[21.071s] DEBUG:colcon.colcon_core.event_handler.log_command:Invoked command in '/home/duong/kaia_ws/build/kaiaai_telemetry' returned '0': AMENT_PREFIX_PATH=/home/duong/kaia_ws/install/kaiaai_msgs:${AMENT_PREFIX_PATH} CMAKE_PREFIX_PATH=/home/duong/kaia_ws/install/kaiaai_msgs:/home/duong/kaia_ws/install/kaiaai_bringup:/home/duong/kaia_ws/install/kaiaai:/opt/ros/iron LD_LIBRARY_PATH=/home/duong/kaia_ws/install/kaiaai_msgs/lib:${LD_LIBRARY_PATH} PYTHONPATH=/home/duong/kaia_ws/install/kaiaai_msgs/lib/python3.10/site-packages:${PYTHONPATH} /usr/bin/cmake --build /home/duong/kaia_ws/build/kaiaai_telemetry -- -j12 -l12
[21.073s] DEBUG:colcon.colcon_core.event_handler.log_command:Invoking command in '/home/duong/kaia_ws/build/kaiaai_telemetry': AMENT_PREFIX_PATH=/home/duong/kaia_ws/install/kaiaai_msgs:${AMENT_PREFIX_PATH} CMAKE_PREFIX_PATH=/home/duong/kaia_ws/install/kaiaai_msgs:/home/duong/kaia_ws/install/kaiaai_bringup:/home/duong/kaia_ws/install/kaiaai:/opt/ros/iron LD_LIBRARY_PATH=/home/duong/kaia_ws/install/kaiaai_msgs/lib:${LD_LIBRARY_PATH} PYTHONPATH=/home/duong/kaia_ws/install/kaiaai_msgs/lib/python3.10/site-packages:${PYTHONPATH} /usr/bin/cmake --install /home/duong/kaia_ws/build/kaiaai_telemetry
[21.367s] Level 1:colcon.colcon_core.environment:create_environment_scripts_only(kaiaai_telemetry)
[21.368s] Level 1:colcon.colcon_core.environment:checking '/home/duong/kaia_ws/install/kaiaai_telemetry' for CMake module files
[21.370s] DEBUG:colcon.colcon_core.event_handler.log_command:Invoked command in '/home/duong/kaia_ws/build/kaiaai_telemetry' returned '0': AMENT_PREFIX_PATH=/home/duong/kaia_ws/install/kaiaai_msgs:${AMENT_PREFIX_PATH} CMAKE_PREFIX_PATH=/home/duong/kaia_ws/install/kaiaai_msgs:/home/duong/kaia_ws/install/kaiaai_bringup:/home/duong/kaia_ws/install/kaiaai:/opt/ros/iron LD_LIBRARY_PATH=/home/duong/kaia_ws/install/kaiaai_msgs/lib:${LD_LIBRARY_PATH} PYTHONPATH=/home/duong/kaia_ws/install/kaiaai_msgs/lib/python3.10/site-packages:${PYTHONPATH} /usr/bin/cmake --install /home/duong/kaia_ws/build/kaiaai_telemetry
[21.371s] Level 1:colcon.colcon_core.environment:checking '/home/duong/kaia_ws/install/kaiaai_telemetry' for CMake config files
[21.371s] Level 1:colcon.colcon_core.shell:create_environment_hook('kaiaai_telemetry', 'cmake_prefix_path')
[21.372s] INFO:colcon.colcon_core.shell:Creating environment hook '/home/duong/kaia_ws/install/kaiaai_telemetry/share/kaiaai_telemetry/hook/cmake_prefix_path.ps1'
[21.373s] INFO:colcon.colcon_core.shell:Creating environment descriptor '/home/duong/kaia_ws/install/kaiaai_telemetry/share/kaiaai_telemetry/hook/cmake_prefix_path.dsv'
[21.374s] INFO:colcon.colcon_core.shell:Creating environment hook '/home/duong/kaia_ws/install/kaiaai_telemetry/share/kaiaai_telemetry/hook/cmake_prefix_path.sh'
[21.375s] Level 1:colcon.colcon_core.environment:checking '/home/duong/kaia_ws/install/kaiaai_telemetry/lib'
[21.375s] Level 1:colcon.colcon_core.environment:checking '/home/duong/kaia_ws/install/kaiaai_telemetry/bin'
[21.375s] Level 1:colcon.colcon_core.environment:checking '/home/duong/kaia_ws/install/kaiaai_telemetry/lib/pkgconfig/kaiaai_telemetry.pc'
[21.376s] Level 1:colcon.colcon_core.environment:checking '/home/duong/kaia_ws/install/kaiaai_telemetry/lib/python3.10/site-packages'
[21.376s] Level 1:colcon.colcon_core.environment:checking '/home/duong/kaia_ws/install/kaiaai_telemetry/bin'
[21.377s] INFO:colcon.colcon_core.shell:Creating package script '/home/duong/kaia_ws/install/kaiaai_telemetry/share/kaiaai_telemetry/package.ps1'
[21.378s] INFO:colcon.colcon_core.shell:Creating package descriptor '/home/duong/kaia_ws/install/kaiaai_telemetry/share/kaiaai_telemetry/package.dsv'
[21.379s] INFO:colcon.colcon_core.shell:Creating package script '/home/duong/kaia_ws/install/kaiaai_telemetry/share/kaiaai_telemetry/package.sh'
[21.380s] INFO:colcon.colcon_core.shell:Creating package script '/home/duong/kaia_ws/install/kaiaai_telemetry/share/kaiaai_telemetry/package.bash'
[21.380s] INFO:colcon.colcon_core.shell:Creating package script '/home/duong/kaia_ws/install/kaiaai_telemetry/share/kaiaai_telemetry/package.zsh'
[21.381s] Level 1:colcon.colcon_core.environment:create_file_with_runtime_dependencies(/home/duong/kaia_ws/install/kaiaai_telemetry/share/colcon-core/packages/kaiaai_telemetry)
[21.382s] Level 1:colcon.colcon_core.environment:create_environment_scripts_only(kaiaai_telemetry)
[21.383s] Level 1:colcon.colcon_core.environment:checking '/home/duong/kaia_ws/install/kaiaai_telemetry' for CMake module files
[21.384s] Level 1:colcon.colcon_core.environment:checking '/home/duong/kaia_ws/install/kaiaai_telemetry' for CMake config files
[21.385s] Level 1:colcon.colcon_core.shell:create_environment_hook('kaiaai_telemetry', 'cmake_prefix_path')
[21.385s] INFO:colcon.colcon_core.shell:Creating environment hook '/home/duong/kaia_ws/install/kaiaai_telemetry/share/kaiaai_telemetry/hook/cmake_prefix_path.ps1'
[21.386s] INFO:colcon.colcon_core.shell:Creating environment descriptor '/home/duong/kaia_ws/install/kaiaai_telemetry/share/kaiaai_telemetry/hook/cmake_prefix_path.dsv'
[21.387s] INFO:colcon.colcon_core.shell:Creating environment hook '/home/duong/kaia_ws/install/kaiaai_telemetry/share/kaiaai_telemetry/hook/cmake_prefix_path.sh'
[21.388s] Level 1:colcon.colcon_core.environment:checking '/home/duong/kaia_ws/install/kaiaai_telemetry/lib'
[21.389s] Level 1:colcon.colcon_core.environment:checking '/home/duong/kaia_ws/install/kaiaai_telemetry/bin'
[21.389s] Level 1:colcon.colcon_core.environment:checking '/home/duong/kaia_ws/install/kaiaai_telemetry/lib/pkgconfig/kaiaai_telemetry.pc'
[21.389s] Level 1:colcon.colcon_core.environment:checking '/home/duong/kaia_ws/install/kaiaai_telemetry/lib/python3.10/site-packages'
[21.390s] Level 1:colcon.colcon_core.environment:checking '/home/duong/kaia_ws/install/kaiaai_telemetry/bin'
[21.391s] INFO:colcon.colcon_core.shell:Creating package script '/home/duong/kaia_ws/install/kaiaai_telemetry/share/kaiaai_telemetry/package.ps1'
[21.392s] INFO:colcon.colcon_core.shell:Creating package descriptor '/home/duong/kaia_ws/install/kaiaai_telemetry/share/kaiaai_telemetry/package.dsv'
[21.393s] INFO:colcon.colcon_core.shell:Creating package script '/home/duong/kaia_ws/install/kaiaai_telemetry/share/kaiaai_telemetry/package.sh'
[21.394s] INFO:colcon.colcon_core.shell:Creating package script '/home/duong/kaia_ws/install/kaiaai_telemetry/share/kaiaai_telemetry/package.bash'
[21.395s] INFO:colcon.colcon_core.shell:Creating package script '/home/duong/kaia_ws/install/kaiaai_telemetry/share/kaiaai_telemetry/package.zsh'
[21.395s] Level 1:colcon.colcon_core.environment:create_file_with_runtime_dependencies(/home/duong/kaia_ws/install/kaiaai_telemetry/share/colcon-core/packages/kaiaai_telemetry)
[21.396s] INFO:colcon.colcon_ros.task.ament_cmake.build:Building ROS package in '/home/duong/kaia_ws/src/kaiaai_bringup' with build type 'ament_cmake'
[21.396s] INFO:colcon.colcon_cmake.task.cmake.build:Building CMake package in '/home/duong/kaia_ws/src/kaiaai_bringup'
[21.397s] INFO:colcon.colcon_core.shell:Skip shell extension 'powershell' for command environment: Not usable outside of PowerShell
[21.397s] DEBUG:colcon.colcon_core.shell:Skip shell extension 'dsv' for command environment
[21.437s] DEBUG:colcon.colcon_core.event_handler.log_command:Invoking command in '/home/duong/kaia_ws/build/kaiaai_bringup': AMENT_PREFIX_PATH=/home/duong/kaia_ws/install/kaiaai_telemetry:/home/duong/kaia_ws/install/makerspet_snoopy:/home/duong/kaia_ws/install/makerspet_mini:/home/duong/kaia_ws/install/makerspet_loki:/home/duong/kaia_ws/install/kaiaai_teleop:/home/duong/kaia_ws/install/kaiaai_msgs:/home/duong/kaia_ws/install/kaiaai:/home/duong/kaia_ws/install/kaiaai_bringup:/opt/ros/iron CMAKE_PREFIX_PATH=/home/duong/kaia_ws/install/kaiaai_telemetry:/home/duong/kaia_ws/install/makerspet_snoopy:/home/duong/kaia_ws/install/makerspet_mini:/home/duong/kaia_ws/install/makerspet_loki:/home/duong/kaia_ws/install/kaiaai_msgs:/home/duong/kaia_ws/install/kaiaai_bringup:/home/duong/kaia_ws/install/kaiaai:/opt/ros/iron LD_LIBRARY_PATH=/home/duong/kaia_ws/install/kaiaai_msgs/lib:${LD_LIBRARY_PATH} PYTHONPATH=/home/duong/kaia_ws/build/kaiaai_teleop:/home/duong/kaia_ws/install/kaiaai_teleop/lib/python3.10/site-packages:/home/duong/kaia_ws/install/kaiaai_msgs/lib/python3.10/site-packages:${PYTHONPATH} /usr/bin/cmake --build /home/duong/kaia_ws/build/kaiaai_bringup -- -j12 -l12
[21.503s] DEBUG:colcon.colcon_core.event_handler.log_command:Invoked command in '/home/duong/kaia_ws/build/kaiaai_bringup' returned '0': AMENT_PREFIX_PATH=/home/duong/kaia_ws/install/kaiaai_telemetry:/home/duong/kaia_ws/install/makerspet_snoopy:/home/duong/kaia_ws/install/makerspet_mini:/home/duong/kaia_ws/install/makerspet_loki:/home/duong/kaia_ws/install/kaiaai_teleop:/home/duong/kaia_ws/install/kaiaai_msgs:/home/duong/kaia_ws/install/kaiaai:/home/duong/kaia_ws/install/kaiaai_bringup:/opt/ros/iron CMAKE_PREFIX_PATH=/home/duong/kaia_ws/install/kaiaai_telemetry:/home/duong/kaia_ws/install/makerspet_snoopy:/home/duong/kaia_ws/install/makerspet_mini:/home/duong/kaia_ws/install/makerspet_loki:/home/duong/kaia_ws/install/kaiaai_msgs:/home/duong/kaia_ws/install/kaiaai_bringup:/home/duong/kaia_ws/install/kaiaai:/opt/ros/iron LD_LIBRARY_PATH=/home/duong/kaia_ws/install/kaiaai_msgs/lib:${LD_LIBRARY_PATH} PYTHONPATH=/home/duong/kaia_ws/build/kaiaai_teleop:/home/duong/kaia_ws/install/kaiaai_teleop/lib/python3.10/site-packages:/home/duong/kaia_ws/install/kaiaai_msgs/lib/python3.10/site-packages:${PYTHONPATH} /usr/bin/cmake --build /home/duong/kaia_ws/build/kaiaai_bringup -- -j12 -l12
[21.505s] DEBUG:colcon.colcon_core.event_handler.log_command:Invoking command in '/home/duong/kaia_ws/build/kaiaai_bringup': AMENT_PREFIX_PATH=/home/duong/kaia_ws/install/kaiaai_telemetry:/home/duong/kaia_ws/install/makerspet_snoopy:/home/duong/kaia_ws/install/makerspet_mini:/home/duong/kaia_ws/install/makerspet_loki:/home/duong/kaia_ws/install/kaiaai_teleop:/home/duong/kaia_ws/install/kaiaai_msgs:/home/duong/kaia_ws/install/kaiaai:/home/duong/kaia_ws/install/kaiaai_bringup:/opt/ros/iron CMAKE_PREFIX_PATH=/home/duong/kaia_ws/install/kaiaai_telemetry:/home/duong/kaia_ws/install/makerspet_snoopy:/home/duong/kaia_ws/install/makerspet_mini:/home/duong/kaia_ws/install/makerspet_loki:/home/duong/kaia_ws/install/kaiaai_msgs:/home/duong/kaia_ws/install/kaiaai_bringup:/home/duong/kaia_ws/install/kaiaai:/opt/ros/iron LD_LIBRARY_PATH=/home/duong/kaia_ws/install/kaiaai_msgs/lib:${LD_LIBRARY_PATH} PYTHONPATH=/home/duong/kaia_ws/build/kaiaai_teleop:/home/duong/kaia_ws/install/kaiaai_teleop/lib/python3.10/site-packages:/home/duong/kaia_ws/install/kaiaai_msgs/lib/python3.10/site-packages:${PYTHONPATH} /usr/bin/cmake --install /home/duong/kaia_ws/build/kaiaai_bringup
[21.540s] Level 1:colcon.colcon_core.environment:create_environment_scripts_only(kaiaai_bringup)
[21.541s] Level 1:colcon.colcon_core.environment:checking '/home/duong/kaia_ws/install/kaiaai_bringup' for CMake module files
[21.542s] DEBUG:colcon.colcon_core.event_handler.log_command:Invoked command in '/home/duong/kaia_ws/build/kaiaai_bringup' returned '0': AMENT_PREFIX_PATH=/home/duong/kaia_ws/install/kaiaai_telemetry:/home/duong/kaia_ws/install/makerspet_snoopy:/home/duong/kaia_ws/install/makerspet_mini:/home/duong/kaia_ws/install/makerspet_loki:/home/duong/kaia_ws/install/kaiaai_teleop:/home/duong/kaia_ws/install/kaiaai_msgs:/home/duong/kaia_ws/install/kaiaai:/home/duong/kaia_ws/install/kaiaai_bringup:/opt/ros/iron CMAKE_PREFIX_PATH=/home/duong/kaia_ws/install/kaiaai_telemetry:/home/duong/kaia_ws/install/makerspet_snoopy:/home/duong/kaia_ws/install/makerspet_mini:/home/duong/kaia_ws/install/makerspet_loki:/home/duong/kaia_ws/install/kaiaai_msgs:/home/duong/kaia_ws/install/kaiaai_bringup:/home/duong/kaia_ws/install/kaiaai:/opt/ros/iron LD_LIBRARY_PATH=/home/duong/kaia_ws/install/kaiaai_msgs/lib:${LD_LIBRARY_PATH} PYTHONPATH=/home/duong/kaia_ws/build/kaiaai_teleop:/home/duong/kaia_ws/install/kaiaai_teleop/lib/python3.10/site-packages:/home/duong/kaia_ws/install/kaiaai_msgs/lib/python3.10/site-packages:${PYTHONPATH} /usr/bin/cmake --install /home/duong/kaia_ws/build/kaiaai_bringup
[21.543s] Level 1:colcon.colcon_core.environment:checking '/home/duong/kaia_ws/install/kaiaai_bringup' for CMake config files
[21.544s] Level 1:colcon.colcon_core.shell:create_environment_hook('kaiaai_bringup', 'cmake_prefix_path')
[21.544s] INFO:colcon.colcon_core.shell:Creating environment hook '/home/duong/kaia_ws/install/kaiaai_bringup/share/kaiaai_bringup/hook/cmake_prefix_path.ps1'
[21.545s] INFO:colcon.colcon_core.shell:Creating environment descriptor '/home/duong/kaia_ws/install/kaiaai_bringup/share/kaiaai_bringup/hook/cmake_prefix_path.dsv'
[21.546s] INFO:colcon.colcon_core.shell:Creating environment hook '/home/duong/kaia_ws/install/kaiaai_bringup/share/kaiaai_bringup/hook/cmake_prefix_path.sh'
[21.547s] Level 1:colcon.colcon_core.environment:checking '/home/duong/kaia_ws/install/kaiaai_bringup/lib'
[21.547s] Level 1:colcon.colcon_core.environment:checking '/home/duong/kaia_ws/install/kaiaai_bringup/bin'
[21.547s] Level 1:colcon.colcon_core.environment:checking '/home/duong/kaia_ws/install/kaiaai_bringup/lib/pkgconfig/kaiaai_bringup.pc'
[21.548s] Level 1:colcon.colcon_core.environment:checking '/home/duong/kaia_ws/install/kaiaai_bringup/lib/python3.10/site-packages'
[21.548s] Level 1:colcon.colcon_core.environment:checking '/home/duong/kaia_ws/install/kaiaai_bringup/bin'
[21.549s] INFO:colcon.colcon_core.shell:Creating package script '/home/duong/kaia_ws/install/kaiaai_bringup/share/kaiaai_bringup/package.ps1'
[21.550s] INFO:colcon.colcon_core.shell:Creating package descriptor '/home/duong/kaia_ws/install/kaiaai_bringup/share/kaiaai_bringup/package.dsv'
[21.551s] INFO:colcon.colcon_core.shell:Creating package script '/home/duong/kaia_ws/install/kaiaai_bringup/share/kaiaai_bringup/package.sh'
[21.553s] INFO:colcon.colcon_core.shell:Creating package script '/home/duong/kaia_ws/install/kaiaai_bringup/share/kaiaai_bringup/package.bash'
[21.554s] INFO:colcon.colcon_core.shell:Creating package script '/home/duong/kaia_ws/install/kaiaai_bringup/share/kaiaai_bringup/package.zsh'
[21.555s] Level 1:colcon.colcon_core.environment:create_file_with_runtime_dependencies(/home/duong/kaia_ws/install/kaiaai_bringup/share/colcon-core/packages/kaiaai_bringup)
[21.556s] Level 1:colcon.colcon_core.environment:create_environment_scripts_only(kaiaai_bringup)
[21.557s] Level 1:colcon.colcon_core.environment:checking '/home/duong/kaia_ws/install/kaiaai_bringup' for CMake module files
[21.558s] Level 1:colcon.colcon_core.environment:checking '/home/duong/kaia_ws/install/kaiaai_bringup' for CMake config files
[21.559s] Level 1:colcon.colcon_core.shell:create_environment_hook('kaiaai_bringup', 'cmake_prefix_path')
[21.559s] INFO:colcon.colcon_core.shell:Creating environment hook '/home/duong/kaia_ws/install/kaiaai_bringup/share/kaiaai_bringup/hook/cmake_prefix_path.ps1'
[21.560s] INFO:colcon.colcon_core.shell:Creating environment descriptor '/home/duong/kaia_ws/install/kaiaai_bringup/share/kaiaai_bringup/hook/cmake_prefix_path.dsv'
[21.561s] INFO:colcon.colcon_core.shell:Creating environment hook '/home/duong/kaia_ws/install/kaiaai_bringup/share/kaiaai_bringup/hook/cmake_prefix_path.sh'
[21.562s] Level 1:colcon.colcon_core.environment:checking '/home/duong/kaia_ws/install/kaiaai_bringup/lib'
[21.562s] Level 1:colcon.colcon_core.environment:checking '/home/duong/kaia_ws/install/kaiaai_bringup/bin'
[21.562s] Level 1:colcon.colcon_core.environment:checking '/home/duong/kaia_ws/install/kaiaai_bringup/lib/pkgconfig/kaiaai_bringup.pc'
[21.563s] Level 1:colcon.colcon_core.environment:checking '/home/duong/kaia_ws/install/kaiaai_bringup/lib/python3.10/site-packages'
[21.563s] Level 1:colcon.colcon_core.environment:checking '/home/duong/kaia_ws/install/kaiaai_bringup/bin'
[21.564s] INFO:colcon.colcon_core.shell:Creating package script '/home/duong/kaia_ws/install/kaiaai_bringup/share/kaiaai_bringup/package.ps1'
[21.565s] INFO:colcon.colcon_core.shell:Creating package descriptor '/home/duong/kaia_ws/install/kaiaai_bringup/share/kaiaai_bringup/package.dsv'
[21.566s] INFO:colcon.colcon_core.shell:Creating package script '/home/duong/kaia_ws/install/kaiaai_bringup/share/kaiaai_bringup/package.sh'
[21.567s] INFO:colcon.colcon_core.shell:Creating package script '/home/duong/kaia_ws/install/kaiaai_bringup/share/kaiaai_bringup/package.bash'
[21.568s] INFO:colcon.colcon_core.shell:Creating package script '/home/duong/kaia_ws/install/kaiaai_bringup/share/kaiaai_bringup/package.zsh'
[21.569s] Level 1:colcon.colcon_core.environment:create_file_with_runtime_dependencies(/home/duong/kaia_ws/install/kaiaai_bringup/share/colcon-core/packages/kaiaai_bringup)
[21.571s] DEBUG:colcon.colcon_parallel_executor.executor.parallel:closing loop
[21.571s] DEBUG:colcon.colcon_parallel_executor.executor.parallel:loop closed
[21.571s] DEBUG:colcon.colcon_parallel_executor.executor.parallel:run_until_complete finished with '0'
[21.571s] DEBUG:colcon.colcon_core.event_reactor:joining thread
[21.583s] INFO:colcon.colcon_core.plugin_system:Skipping extension 'colcon_notification.desktop_notification.terminal_notifier': Not used on non-Darwin systems
[21.583s] INFO:colcon.colcon_core.plugin_system:Skipping extension 'colcon_notification.desktop_notification.win32': Not used on non-Windows systems
[21.583s] INFO:colcon.colcon_notification.desktop_notification:Sending desktop notification using 'notify2'
[21.610s] DEBUG:colcon.colcon_core.event_reactor:joined thread
[21.610s] INFO:colcon.colcon_core.shell:Creating prefix script '/home/duong/kaia_ws/install/local_setup.ps1'
[21.613s] INFO:colcon.colcon_core.shell:Creating prefix util module '/home/duong/kaia_ws/install/_local_setup_util_ps1.py'
[21.616s] INFO:colcon.colcon_core.shell:Creating prefix chain script '/home/duong/kaia_ws/install/setup.ps1'
[21.618s] INFO:colcon.colcon_core.shell:Creating prefix script '/home/duong/kaia_ws/install/local_setup.sh'
[21.620s] INFO:colcon.colcon_core.shell:Creating prefix util module '/home/duong/kaia_ws/install/_local_setup_util_sh.py'
[21.621s] INFO:colcon.colcon_core.shell:Creating prefix chain script '/home/duong/kaia_ws/install/setup.sh'
[21.623s] INFO:colcon.colcon_core.shell:Creating prefix script '/home/duong/kaia_ws/install/local_setup.bash'
[21.625s] INFO:colcon.colcon_core.shell:Creating prefix chain script '/home/duong/kaia_ws/install/setup.bash'
[21.627s] INFO:colcon.colcon_core.shell:Creating prefix script '/home/duong/kaia_ws/install/local_setup.zsh'
[21.629s] INFO:colcon.colcon_core.shell:Creating prefix chain script '/home/duong/kaia_ws/install/setup.zsh'
