[0.096s] DEBUG:colcon:Command line arguments: ['/usr/bin/colcon', 'build', '--symlink-install']
[0.097s] DEBUG:colcon:Parsed command line arguments: Namespace(log_base=None, log_level=None, verb_name='build', build_base='build', install_base='install', merge_install=False, symlink_install=True, test_result_base=None, continue_on_error=False, executor='parallel', parallel_workers=12, event_handlers=None, ignore_user_meta=False, metas=['./colcon.meta'], base_paths=['.'], packages_ignore=None, packages_ignore_regex=None, paths=None, packages_up_to=None, packages_up_to_regex=None, packages_above=None, packages_above_and_dependencies=None, packages_above_depth=None, packages_select_by_dep=None, packages_skip_by_dep=None, packages_skip_up_to=None, packages_select_build_failed=False, packages_skip_build_finished=False, packages_select_test_failures=False, packages_skip_test_passed=False, packages_select=None, packages_skip=None, packages_select_regex=None, packages_skip_regex=None, packages_start=None, packages_end=None, allow_overriding=[], cmake_args=None, cmake_target=None, cmake_target_skip_unavailable=False, cmake_clean_cache=False, cmake_clean_first=False, cmake_force_configure=False, ament_cmake_args=None, catkin_cmake_args=None, catkin_skip_building_tests=False, mixin_files=None, mixin=None, verb_parser=<colcon_mixin.mixin.mixin_argument.MixinArgumentDecorator object at 0x7d6434526b90>, verb_extension=<colcon_core.verb.build.BuildVerb object at 0x7d6434526620>, main=<bound method BuildVerb.main of <colcon_core.verb.build.BuildVerb object at 0x7d6434526620>>, mixin_verb=('build',))
[0.250s] Level 1:colcon.colcon_core.package_discovery:discover_packages(colcon_meta) check parameters
[0.250s] Level 1:colcon.colcon_core.package_discovery:discover_packages(recursive) check parameters
[0.250s] Level 1:colcon.colcon_core.package_discovery:discover_packages(ignore) check parameters
[0.250s] Level 1:colcon.colcon_core.package_discovery:discover_packages(path) check parameters
[0.250s] Level 1:colcon.colcon_core.package_discovery:discover_packages(colcon_meta) discover
[0.250s] Level 1:colcon.colcon_core.package_discovery:discover_packages(recursive) discover
[0.250s] INFO:colcon.colcon_core.package_discovery:Crawling recursively for packages in '/home/duong/kaia_ws'
[0.251s] Level 1:colcon.colcon_core.package_identification:_identify(.) by extensions ['ignore', 'ignore_ament_install']
[0.251s] Level 1:colcon.colcon_core.package_identification:_identify(.) by extension 'ignore'
[0.251s] Level 1:colcon.colcon_core.package_identification:_identify(.) by extension 'ignore_ament_install'
[0.251s] Level 1:colcon.colcon_core.package_identification:_identify(.) by extensions ['colcon_pkg']
[0.251s] Level 1:colcon.colcon_core.package_identification:_identify(.) by extension 'colcon_pkg'
[0.251s] Level 1:colcon.colcon_core.package_identification:_identify(.) by extensions ['colcon_meta']
[0.251s] Level 1:colcon.colcon_core.package_identification:_identify(.) by extension 'colcon_meta'
[0.251s] Level 1:colcon.colcon_core.package_identification:_identify(.) by extensions ['ros']
[0.251s] Level 1:colcon.colcon_core.package_identification:_identify(.) by extension 'ros'
[0.260s] Level 1:colcon.colcon_core.package_identification:_identify(.) by extensions ['cmake', 'python']
[0.260s] Level 1:colcon.colcon_core.package_identification:_identify(.) by extension 'cmake'
[0.260s] Level 1:colcon.colcon_core.package_identification:_identify(.) by extension 'python'
[0.260s] Level 1:colcon.colcon_core.package_identification:_identify(.) by extensions ['python_setup_py']
[0.260s] Level 1:colcon.colcon_core.package_identification:_identify(.) by extension 'python_setup_py'
[0.260s] Level 1:colcon.colcon_core.package_identification:_identify(build) by extensions ['ignore', 'ignore_ament_install']
[0.260s] Level 1:colcon.colcon_core.package_identification:_identify(build) by extension 'ignore'
[0.260s] Level 1:colcon.colcon_core.package_identification:_identify(build) ignored
[0.260s] Level 1:colcon.colcon_core.package_identification:_identify(install) by extensions ['ignore', 'ignore_ament_install']
[0.261s] Level 1:colcon.colcon_core.package_identification:_identify(install) by extension 'ignore'
[0.261s] Level 1:colcon.colcon_core.package_identification:_identify(install) ignored
[0.261s] Level 1:colcon.colcon_core.package_identification:_identify(log) by extensions ['ignore', 'ignore_ament_install']
[0.261s] Level 1:colcon.colcon_core.package_identification:_identify(log) by extension 'ignore'
[0.261s] Level 1:colcon.colcon_core.package_identification:_identify(log) ignored
[0.261s] Level 1:colcon.colcon_core.package_identification:_identify(src) by extensions ['ignore', 'ignore_ament_install']
[0.261s] Level 1:colcon.colcon_core.package_identification:_identify(src) by extension 'ignore'
[0.261s] Level 1:colcon.colcon_core.package_identification:_identify(src) by extension 'ignore_ament_install'
[0.261s] Level 1:colcon.colcon_core.package_identification:_identify(src) by extensions ['colcon_pkg']
[0.261s] Level 1:colcon.colcon_core.package_identification:_identify(src) by extension 'colcon_pkg'
[0.261s] Level 1:colcon.colcon_core.package_identification:_identify(src) by extensions ['colcon_meta']
[0.261s] Level 1:colcon.colcon_core.package_identification:_identify(src) by extension 'colcon_meta'
[0.261s] Level 1:colcon.colcon_core.package_identification:_identify(src) by extensions ['ros']
[0.261s] Level 1:colcon.colcon_core.package_identification:_identify(src) by extension 'ros'
[0.261s] Level 1:colcon.colcon_core.package_identification:_identify(src) by extensions ['cmake', 'python']
[0.261s] Level 1:colcon.colcon_core.package_identification:_identify(src) by extension 'cmake'
[0.261s] Level 1:colcon.colcon_core.package_identification:_identify(src) by extension 'python'
[0.261s] Level 1:colcon.colcon_core.package_identification:_identify(src) by extensions ['python_setup_py']
[0.261s] Level 1:colcon.colcon_core.package_identification:_identify(src) by extension 'python_setup_py'
[0.261s] Level 1:colcon.colcon_core.package_identification:_identify(src/auto_mapper) by extensions ['ignore', 'ignore_ament_install']
[0.261s] Level 1:colcon.colcon_core.package_identification:_identify(src/auto_mapper) by extension 'ignore'
[0.261s] Level 1:colcon.colcon_core.package_identification:_identify(src/auto_mapper) by extension 'ignore_ament_install'
[0.261s] Level 1:colcon.colcon_core.package_identification:_identify(src/auto_mapper) by extensions ['colcon_pkg']
[0.261s] Level 1:colcon.colcon_core.package_identification:_identify(src/auto_mapper) by extension 'colcon_pkg'
[0.262s] Level 1:colcon.colcon_core.package_identification:_identify(src/auto_mapper) by extensions ['colcon_meta']
[0.262s] Level 1:colcon.colcon_core.package_identification:_identify(src/auto_mapper) by extension 'colcon_meta'
[0.262s] Level 1:colcon.colcon_core.package_identification:_identify(src/auto_mapper) by extensions ['ros']
[0.262s] Level 1:colcon.colcon_core.package_identification:_identify(src/auto_mapper) by extension 'ros'
[0.266s] DEBUG:colcon.colcon_core.package_identification:Package 'src/auto_mapper' with type 'ros.ament_cmake' and name 'auto_mapper'
[0.266s] Level 1:colcon.colcon_core.package_identification:_identify(src/kaiaai) by extensions ['ignore', 'ignore_ament_install']
[0.266s] Level 1:colcon.colcon_core.package_identification:_identify(src/kaiaai) by extension 'ignore'
[0.266s] Level 1:colcon.colcon_core.package_identification:_identify(src/kaiaai) by extension 'ignore_ament_install'
[0.267s] Level 1:colcon.colcon_core.package_identification:_identify(src/kaiaai) by extensions ['colcon_pkg']
[0.267s] Level 1:colcon.colcon_core.package_identification:_identify(src/kaiaai) by extension 'colcon_pkg'
[0.267s] Level 1:colcon.colcon_core.package_identification:_identify(src/kaiaai) by extensions ['colcon_meta']
[0.267s] Level 1:colcon.colcon_core.package_identification:_identify(src/kaiaai) by extension 'colcon_meta'
[0.267s] Level 1:colcon.colcon_core.package_identification:_identify(src/kaiaai) by extensions ['ros']
[0.267s] Level 1:colcon.colcon_core.package_identification:_identify(src/kaiaai) by extension 'ros'
[0.267s] DEBUG:colcon.colcon_core.package_identification:Package 'src/kaiaai' with type 'ros.ament_python' and name 'kaiaai'
[0.267s] Level 1:colcon.colcon_core.package_identification:_identify(src/kaiaai_apps) by extensions ['ignore', 'ignore_ament_install']
[0.267s] Level 1:colcon.colcon_core.package_identification:_identify(src/kaiaai_apps) by extension 'ignore'
[0.267s] Level 1:colcon.colcon_core.package_identification:_identify(src/kaiaai_apps) by extension 'ignore_ament_install'
[0.268s] Level 1:colcon.colcon_core.package_identification:_identify(src/kaiaai_apps) by extensions ['colcon_pkg']
[0.268s] Level 1:colcon.colcon_core.package_identification:_identify(src/kaiaai_apps) by extension 'colcon_pkg'
[0.268s] Level 1:colcon.colcon_core.package_identification:_identify(src/kaiaai_apps) by extensions ['colcon_meta']
[0.268s] Level 1:colcon.colcon_core.package_identification:_identify(src/kaiaai_apps) by extension 'colcon_meta'
[0.268s] Level 1:colcon.colcon_core.package_identification:_identify(src/kaiaai_apps) by extensions ['ros']
[0.268s] Level 1:colcon.colcon_core.package_identification:_identify(src/kaiaai_apps) by extension 'ros'
[0.268s] DEBUG:colcon.colcon_core.package_identification:Package 'src/kaiaai_apps' with type 'ros.ament_python' and name 'kaiaai_apps'
[0.268s] Level 1:colcon.colcon_core.package_identification:_identify(src/kaiaai_bringup) by extensions ['ignore', 'ignore_ament_install']
[0.268s] Level 1:colcon.colcon_core.package_identification:_identify(src/kaiaai_bringup) by extension 'ignore'
[0.268s] Level 1:colcon.colcon_core.package_identification:_identify(src/kaiaai_bringup) by extension 'ignore_ament_install'
[0.268s] Level 1:colcon.colcon_core.package_identification:_identify(src/kaiaai_bringup) by extensions ['colcon_pkg']
[0.269s] Level 1:colcon.colcon_core.package_identification:_identify(src/kaiaai_bringup) by extension 'colcon_pkg'
[0.269s] Level 1:colcon.colcon_core.package_identification:_identify(src/kaiaai_bringup) by extensions ['colcon_meta']
[0.269s] Level 1:colcon.colcon_core.package_identification:_identify(src/kaiaai_bringup) by extension 'colcon_meta'
[0.269s] Level 1:colcon.colcon_core.package_identification:_identify(src/kaiaai_bringup) by extensions ['ros']
[0.269s] Level 1:colcon.colcon_core.package_identification:_identify(src/kaiaai_bringup) by extension 'ros'
[0.269s] DEBUG:colcon.colcon_core.package_identification:Package 'src/kaiaai_bringup' with type 'ros.ament_cmake' and name 'kaiaai_bringup'
[0.269s] Level 1:colcon.colcon_core.package_identification:_identify(src/kaiaai_gazebo) by extensions ['ignore', 'ignore_ament_install']
[0.269s] Level 1:colcon.colcon_core.package_identification:_identify(src/kaiaai_gazebo) by extension 'ignore'
[0.269s] Level 1:colcon.colcon_core.package_identification:_identify(src/kaiaai_gazebo) by extension 'ignore_ament_install'
[0.269s] Level 1:colcon.colcon_core.package_identification:_identify(src/kaiaai_gazebo) by extensions ['colcon_pkg']
[0.270s] Level 1:colcon.colcon_core.package_identification:_identify(src/kaiaai_gazebo) by extension 'colcon_pkg'
[0.270s] Level 1:colcon.colcon_core.package_identification:_identify(src/kaiaai_gazebo) by extensions ['colcon_meta']
[0.270s] Level 1:colcon.colcon_core.package_identification:_identify(src/kaiaai_gazebo) by extension 'colcon_meta'
[0.270s] Level 1:colcon.colcon_core.package_identification:_identify(src/kaiaai_gazebo) by extensions ['ros']
[0.270s] Level 1:colcon.colcon_core.package_identification:_identify(src/kaiaai_gazebo) by extension 'ros'
[0.282s] DEBUG:colcon.colcon_core.package_identification:Package 'src/kaiaai_gazebo' with type 'ros.ament_cmake' and name 'kaiaai_gazebo'
[0.283s] Level 1:colcon.colcon_core.package_identification:_identify(src/kaiaai_msgs) by extensions ['ignore', 'ignore_ament_install']
[0.283s] Level 1:colcon.colcon_core.package_identification:_identify(src/kaiaai_msgs) by extension 'ignore'
[0.283s] Level 1:colcon.colcon_core.package_identification:_identify(src/kaiaai_msgs) by extension 'ignore_ament_install'
[0.283s] Level 1:colcon.colcon_core.package_identification:_identify(src/kaiaai_msgs) by extensions ['colcon_pkg']
[0.283s] Level 1:colcon.colcon_core.package_identification:_identify(src/kaiaai_msgs) by extension 'colcon_pkg'
[0.283s] Level 1:colcon.colcon_core.package_identification:_identify(src/kaiaai_msgs) by extensions ['colcon_meta']
[0.283s] Level 1:colcon.colcon_core.package_identification:_identify(src/kaiaai_msgs) by extension 'colcon_meta'
[0.283s] Level 1:colcon.colcon_core.package_identification:_identify(src/kaiaai_msgs) by extensions ['ros']
[0.283s] Level 1:colcon.colcon_core.package_identification:_identify(src/kaiaai_msgs) by extension 'ros'
[0.284s] DEBUG:colcon.colcon_core.package_identification:Package 'src/kaiaai_msgs' with type 'ros.ament_cmake' and name 'kaiaai_msgs'
[0.284s] Level 1:colcon.colcon_core.package_identification:_identify(src/kaiaai_telemetry) by extensions ['ignore', 'ignore_ament_install']
[0.284s] Level 1:colcon.colcon_core.package_identification:_identify(src/kaiaai_telemetry) by extension 'ignore'
[0.284s] Level 1:colcon.colcon_core.package_identification:_identify(src/kaiaai_telemetry) by extension 'ignore_ament_install'
[0.284s] Level 1:colcon.colcon_core.package_identification:_identify(src/kaiaai_telemetry) by extensions ['colcon_pkg']
[0.284s] Level 1:colcon.colcon_core.package_identification:_identify(src/kaiaai_telemetry) by extension 'colcon_pkg'
[0.284s] Level 1:colcon.colcon_core.package_identification:_identify(src/kaiaai_telemetry) by extensions ['colcon_meta']
[0.284s] Level 1:colcon.colcon_core.package_identification:_identify(src/kaiaai_telemetry) by extension 'colcon_meta'
[0.284s] Level 1:colcon.colcon_core.package_identification:_identify(src/kaiaai_telemetry) by extensions ['ros']
[0.284s] Level 1:colcon.colcon_core.package_identification:_identify(src/kaiaai_telemetry) by extension 'ros'
[0.285s] DEBUG:colcon.colcon_core.package_identification:Package 'src/kaiaai_telemetry' with type 'ros.ament_cmake' and name 'kaiaai_telemetry'
[0.285s] Level 1:colcon.colcon_core.package_identification:_identify(src/kaiaai_teleop) by extensions ['ignore', 'ignore_ament_install']
[0.285s] Level 1:colcon.colcon_core.package_identification:_identify(src/kaiaai_teleop) by extension 'ignore'
[0.285s] Level 1:colcon.colcon_core.package_identification:_identify(src/kaiaai_teleop) by extension 'ignore_ament_install'
[0.285s] Level 1:colcon.colcon_core.package_identification:_identify(src/kaiaai_teleop) by extensions ['colcon_pkg']
[0.285s] Level 1:colcon.colcon_core.package_identification:_identify(src/kaiaai_teleop) by extension 'colcon_pkg'
[0.285s] Level 1:colcon.colcon_core.package_identification:_identify(src/kaiaai_teleop) by extensions ['colcon_meta']
[0.285s] Level 1:colcon.colcon_core.package_identification:_identify(src/kaiaai_teleop) by extension 'colcon_meta'
[0.285s] Level 1:colcon.colcon_core.package_identification:_identify(src/kaiaai_teleop) by extensions ['ros']
[0.285s] Level 1:colcon.colcon_core.package_identification:_identify(src/kaiaai_teleop) by extension 'ros'
[0.286s] DEBUG:colcon.colcon_core.package_identification:Package 'src/kaiaai_teleop' with type 'ros.ament_python' and name 'kaiaai_teleop'
[0.286s] Level 1:colcon.colcon_core.package_identification:_identify(src/kaiaai_web) by extensions ['ignore', 'ignore_ament_install']
[0.286s] Level 1:colcon.colcon_core.package_identification:_identify(src/kaiaai_web) by extension 'ignore'
[0.286s] Level 1:colcon.colcon_core.package_identification:_identify(src/kaiaai_web) by extension 'ignore_ament_install'
[0.286s] Level 1:colcon.colcon_core.package_identification:_identify(src/kaiaai_web) by extensions ['colcon_pkg']
[0.286s] Level 1:colcon.colcon_core.package_identification:_identify(src/kaiaai_web) by extension 'colcon_pkg'
[0.286s] Level 1:colcon.colcon_core.package_identification:_identify(src/kaiaai_web) by extensions ['colcon_meta']
[0.286s] Level 1:colcon.colcon_core.package_identification:_identify(src/kaiaai_web) by extension 'colcon_meta'
[0.286s] Level 1:colcon.colcon_core.package_identification:_identify(src/kaiaai_web) by extensions ['ros']
[0.286s] Level 1:colcon.colcon_core.package_identification:_identify(src/kaiaai_web) by extension 'ros'
[0.287s] DEBUG:colcon.colcon_core.package_identification:Package 'src/kaiaai_web' with type 'ros.ament_python' and name 'kaiaai_web'
[0.287s] Level 1:colcon.colcon_core.package_identification:_identify(src/m-explore-ros2) by extensions ['ignore', 'ignore_ament_install']
[0.287s] Level 1:colcon.colcon_core.package_identification:_identify(src/m-explore-ros2) by extension 'ignore'
[0.287s] Level 1:colcon.colcon_core.package_identification:_identify(src/m-explore-ros2) by extension 'ignore_ament_install'
[0.287s] Level 1:colcon.colcon_core.package_identification:_identify(src/m-explore-ros2) by extensions ['colcon_pkg']
[0.287s] Level 1:colcon.colcon_core.package_identification:_identify(src/m-explore-ros2) by extension 'colcon_pkg'
[0.287s] Level 1:colcon.colcon_core.package_identification:_identify(src/m-explore-ros2) by extensions ['colcon_meta']
[0.287s] Level 1:colcon.colcon_core.package_identification:_identify(src/m-explore-ros2) by extension 'colcon_meta'
[0.287s] Level 1:colcon.colcon_core.package_identification:_identify(src/m-explore-ros2) by extensions ['ros']
[0.287s] Level 1:colcon.colcon_core.package_identification:_identify(src/m-explore-ros2) by extension 'ros'
[0.287s] Level 1:colcon.colcon_core.package_identification:_identify(src/m-explore-ros2) by extensions ['cmake', 'python']
[0.287s] Level 1:colcon.colcon_core.package_identification:_identify(src/m-explore-ros2) by extension 'cmake'
[0.287s] Level 1:colcon.colcon_core.package_identification:_identify(src/m-explore-ros2) by extension 'python'
[0.288s] Level 1:colcon.colcon_core.package_identification:_identify(src/m-explore-ros2) by extensions ['python_setup_py']
[0.288s] Level 1:colcon.colcon_core.package_identification:_identify(src/m-explore-ros2) by extension 'python_setup_py'
[0.288s] Level 1:colcon.colcon_core.package_identification:_identify(src/m-explore-ros2/explore) by extensions ['ignore', 'ignore_ament_install']
[0.288s] Level 1:colcon.colcon_core.package_identification:_identify(src/m-explore-ros2/explore) by extension 'ignore'
[0.288s] Level 1:colcon.colcon_core.package_identification:_identify(src/m-explore-ros2/explore) by extension 'ignore_ament_install'
[0.288s] Level 1:colcon.colcon_core.package_identification:_identify(src/m-explore-ros2/explore) by extensions ['colcon_pkg']
[0.288s] Level 1:colcon.colcon_core.package_identification:_identify(src/m-explore-ros2/explore) by extension 'colcon_pkg'
[0.288s] Level 1:colcon.colcon_core.package_identification:_identify(src/m-explore-ros2/explore) by extensions ['colcon_meta']
[0.288s] Level 1:colcon.colcon_core.package_identification:_identify(src/m-explore-ros2/explore) by extension 'colcon_meta'
[0.288s] Level 1:colcon.colcon_core.package_identification:_identify(src/m-explore-ros2/explore) by extensions ['ros']
[0.288s] Level 1:colcon.colcon_core.package_identification:_identify(src/m-explore-ros2/explore) by extension 'ros'
[0.289s] DEBUG:colcon.colcon_core.package_identification:Package 'src/m-explore-ros2/explore' with type 'ros.ament_cmake' and name 'explore_lite'
[0.289s] Level 1:colcon.colcon_core.package_identification:_identify(src/makerspet) by extensions ['ignore', 'ignore_ament_install']
[0.289s] Level 1:colcon.colcon_core.package_identification:_identify(src/makerspet) by extension 'ignore'
[0.289s] Level 1:colcon.colcon_core.package_identification:_identify(src/makerspet) by extension 'ignore_ament_install'
[0.289s] Level 1:colcon.colcon_core.package_identification:_identify(src/makerspet) by extensions ['colcon_pkg']
[0.289s] Level 1:colcon.colcon_core.package_identification:_identify(src/makerspet) by extension 'colcon_pkg'
[0.289s] Level 1:colcon.colcon_core.package_identification:_identify(src/makerspet) by extensions ['colcon_meta']
[0.289s] Level 1:colcon.colcon_core.package_identification:_identify(src/makerspet) by extension 'colcon_meta'
[0.289s] Level 1:colcon.colcon_core.package_identification:_identify(src/makerspet) by extensions ['ros']
[0.289s] Level 1:colcon.colcon_core.package_identification:_identify(src/makerspet) by extension 'ros'
[0.290s] DEBUG:colcon.colcon_core.package_identification:Package 'src/makerspet' with type 'ros.ament_python' and name 'makerspet'
[0.290s] Level 1:colcon.colcon_core.package_identification:_identify(src/makerspet_fido) by extensions ['ignore', 'ignore_ament_install']
[0.290s] Level 1:colcon.colcon_core.package_identification:_identify(src/makerspet_fido) by extension 'ignore'
[0.290s] Level 1:colcon.colcon_core.package_identification:_identify(src/makerspet_fido) by extension 'ignore_ament_install'
[0.290s] Level 1:colcon.colcon_core.package_identification:_identify(src/makerspet_fido) by extensions ['colcon_pkg']
[0.290s] Level 1:colcon.colcon_core.package_identification:_identify(src/makerspet_fido) by extension 'colcon_pkg'
[0.290s] Level 1:colcon.colcon_core.package_identification:_identify(src/makerspet_fido) by extensions ['colcon_meta']
[0.290s] Level 1:colcon.colcon_core.package_identification:_identify(src/makerspet_fido) by extension 'colcon_meta'
[0.290s] Level 1:colcon.colcon_core.package_identification:_identify(src/makerspet_fido) by extensions ['ros']
[0.290s] Level 1:colcon.colcon_core.package_identification:_identify(src/makerspet_fido) by extension 'ros'
[0.291s] DEBUG:colcon.colcon_core.package_identification:Package 'src/makerspet_fido' with type 'ros.ament_cmake' and name 'makerspet_fido'
[0.291s] Level 1:colcon.colcon_core.package_identification:_identify(src/makerspet_loki) by extensions ['ignore', 'ignore_ament_install']
[0.291s] Level 1:colcon.colcon_core.package_identification:_identify(src/makerspet_loki) by extension 'ignore'
[0.291s] Level 1:colcon.colcon_core.package_identification:_identify(src/makerspet_loki) by extension 'ignore_ament_install'
[0.291s] Level 1:colcon.colcon_core.package_identification:_identify(src/makerspet_loki) by extensions ['colcon_pkg']
[0.291s] Level 1:colcon.colcon_core.package_identification:_identify(src/makerspet_loki) by extension 'colcon_pkg'
[0.291s] Level 1:colcon.colcon_core.package_identification:_identify(src/makerspet_loki) by extensions ['colcon_meta']
[0.291s] Level 1:colcon.colcon_core.package_identification:_identify(src/makerspet_loki) by extension 'colcon_meta'
[0.291s] Level 1:colcon.colcon_core.package_identification:_identify(src/makerspet_loki) by extensions ['ros']
[0.291s] Level 1:colcon.colcon_core.package_identification:_identify(src/makerspet_loki) by extension 'ros'
[0.292s] DEBUG:colcon.colcon_core.package_identification:Package 'src/makerspet_loki' with type 'ros.ament_cmake' and name 'makerspet_loki'
[0.292s] Level 1:colcon.colcon_core.package_identification:_identify(src/makerspet_mini) by extensions ['ignore', 'ignore_ament_install']
[0.292s] Level 1:colcon.colcon_core.package_identification:_identify(src/makerspet_mini) by extension 'ignore'
[0.292s] Level 1:colcon.colcon_core.package_identification:_identify(src/makerspet_mini) by extension 'ignore_ament_install'
[0.292s] Level 1:colcon.colcon_core.package_identification:_identify(src/makerspet_mini) by extensions ['colcon_pkg']
[0.292s] Level 1:colcon.colcon_core.package_identification:_identify(src/makerspet_mini) by extension 'colcon_pkg'
[0.292s] Level 1:colcon.colcon_core.package_identification:_identify(src/makerspet_mini) by extensions ['colcon_meta']
[0.292s] Level 1:colcon.colcon_core.package_identification:_identify(src/makerspet_mini) by extension 'colcon_meta'
[0.292s] Level 1:colcon.colcon_core.package_identification:_identify(src/makerspet_mini) by extensions ['ros']
[0.292s] Level 1:colcon.colcon_core.package_identification:_identify(src/makerspet_mini) by extension 'ros'
[0.293s] DEBUG:colcon.colcon_core.package_identification:Package 'src/makerspet_mini' with type 'ros.ament_cmake' and name 'makerspet_mini'
[0.293s] Level 1:colcon.colcon_core.package_identification:_identify(src/makerspet_snoopy) by extensions ['ignore', 'ignore_ament_install']
[0.293s] Level 1:colcon.colcon_core.package_identification:_identify(src/makerspet_snoopy) by extension 'ignore'
[0.293s] Level 1:colcon.colcon_core.package_identification:_identify(src/makerspet_snoopy) by extension 'ignore_ament_install'
[0.293s] Level 1:colcon.colcon_core.package_identification:_identify(src/makerspet_snoopy) by extensions ['colcon_pkg']
[0.293s] Level 1:colcon.colcon_core.package_identification:_identify(src/makerspet_snoopy) by extension 'colcon_pkg'
[0.293s] Level 1:colcon.colcon_core.package_identification:_identify(src/makerspet_snoopy) by extensions ['colcon_meta']
[0.293s] Level 1:colcon.colcon_core.package_identification:_identify(src/makerspet_snoopy) by extension 'colcon_meta'
[0.293s] Level 1:colcon.colcon_core.package_identification:_identify(src/makerspet_snoopy) by extensions ['ros']
[0.293s] Level 1:colcon.colcon_core.package_identification:_identify(src/makerspet_snoopy) by extension 'ros'
[0.294s] DEBUG:colcon.colcon_core.package_identification:Package 'src/makerspet_snoopy' with type 'ros.ament_cmake' and name 'makerspet_snoopy'
[0.294s] Level 1:colcon.colcon_core.package_identification:_identify(src/nav2_wfe) by extensions ['ignore', 'ignore_ament_install']
[0.294s] Level 1:colcon.colcon_core.package_identification:_identify(src/nav2_wfe) by extension 'ignore'
[0.294s] Level 1:colcon.colcon_core.package_identification:_identify(src/nav2_wfe) by extension 'ignore_ament_install'
[0.294s] Level 1:colcon.colcon_core.package_identification:_identify(src/nav2_wfe) by extensions ['colcon_pkg']
[0.294s] Level 1:colcon.colcon_core.package_identification:_identify(src/nav2_wfe) by extension 'colcon_pkg'
[0.294s] Level 1:colcon.colcon_core.package_identification:_identify(src/nav2_wfe) by extensions ['colcon_meta']
[0.294s] Level 1:colcon.colcon_core.package_identification:_identify(src/nav2_wfe) by extension 'colcon_meta'
[0.294s] Level 1:colcon.colcon_core.package_identification:_identify(src/nav2_wfe) by extensions ['ros']
[0.294s] Level 1:colcon.colcon_core.package_identification:_identify(src/nav2_wfe) by extension 'ros'
[0.295s] DEBUG:colcon.colcon_core.package_identification:Package 'src/nav2_wfe' with type 'ros.ament_python' and name 'nav2_wfd'
[0.295s] Level 1:colcon.colcon_core.package_discovery:discover_packages(recursive) using defaults
[0.295s] Level 1:colcon.colcon_core.package_discovery:discover_packages(ignore) discover
[0.295s] Level 1:colcon.colcon_core.package_discovery:discover_packages(ignore) using defaults
[0.295s] Level 1:colcon.colcon_core.package_discovery:discover_packages(path) discover
[0.295s] Level 1:colcon.colcon_core.package_discovery:discover_packages(path) using defaults
[0.314s] Level 1:colcon.colcon_core.package_discovery:discover_packages(prefix_path) check parameters
[0.314s] Level 1:colcon.colcon_core.package_discovery:discover_packages(prefix_path) discover
[0.314s] WARNING:colcon.colcon_ros.prefix_path.ament:The path '/home/duong/kaia_ws/install/kaiaai' in the environment variable AMENT_PREFIX_PATH doesn't exist
[0.315s] DEBUG:colcon.colcon_installed_package_information.package_discovery:Found 1 installed packages in /home/duong/kaia_ws/install
[0.317s] DEBUG:colcon.colcon_installed_package_information.package_discovery:Found 286 installed packages in /opt/ros/iron
[0.318s] Level 1:colcon.colcon_core.package_discovery:discover_packages(prefix_path) using defaults
[0.353s] Level 5:colcon.colcon_core.verb:set package 'auto_mapper' build argument 'cmake_args' from command line to 'None'
[0.353s] Level 5:colcon.colcon_core.verb:set package 'auto_mapper' build argument 'cmake_target' from command line to 'None'
[0.353s] Level 5:colcon.colcon_core.verb:set package 'auto_mapper' build argument 'cmake_target_skip_unavailable' from command line to 'False'
[0.353s] Level 5:colcon.colcon_core.verb:set package 'auto_mapper' build argument 'cmake_clean_cache' from command line to 'False'
[0.353s] Level 5:colcon.colcon_core.verb:set package 'auto_mapper' build argument 'cmake_clean_first' from command line to 'False'
[0.353s] Level 5:colcon.colcon_core.verb:set package 'auto_mapper' build argument 'cmake_force_configure' from command line to 'False'
[0.353s] Level 5:colcon.colcon_core.verb:set package 'auto_mapper' build argument 'ament_cmake_args' from command line to 'None'
[0.353s] Level 5:colcon.colcon_core.verb:set package 'auto_mapper' build argument 'catkin_cmake_args' from command line to 'None'
[0.353s] Level 5:colcon.colcon_core.verb:set package 'auto_mapper' build argument 'catkin_skip_building_tests' from command line to 'False'
[0.353s] DEBUG:colcon.colcon_core.verb:Building package 'auto_mapper' with the following arguments: {'ament_cmake_args': None, 'build_base': '/home/duong/kaia_ws/build/auto_mapper', 'catkin_cmake_args': None, 'catkin_skip_building_tests': False, 'cmake_args': None, 'cmake_clean_cache': False, 'cmake_clean_first': False, 'cmake_force_configure': False, 'cmake_target': None, 'cmake_target_skip_unavailable': False, 'install_base': '/home/duong/kaia_ws/install/auto_mapper', 'merge_install': False, 'path': '/home/duong/kaia_ws/src/auto_mapper', 'symlink_install': True, 'test_result_base': None}
[0.354s] Level 5:colcon.colcon_core.verb:set package 'explore_lite' build argument 'cmake_args' from command line to 'None'
[0.354s] Level 5:colcon.colcon_core.verb:set package 'explore_lite' build argument 'cmake_target' from command line to 'None'
[0.354s] Level 5:colcon.colcon_core.verb:set package 'explore_lite' build argument 'cmake_target_skip_unavailable' from command line to 'False'
[0.354s] Level 5:colcon.colcon_core.verb:set package 'explore_lite' build argument 'cmake_clean_cache' from command line to 'False'
[0.354s] Level 5:colcon.colcon_core.verb:set package 'explore_lite' build argument 'cmake_clean_first' from command line to 'False'
[0.354s] Level 5:colcon.colcon_core.verb:set package 'explore_lite' build argument 'cmake_force_configure' from command line to 'False'
[0.354s] Level 5:colcon.colcon_core.verb:set package 'explore_lite' build argument 'ament_cmake_args' from command line to 'None'
[0.354s] Level 5:colcon.colcon_core.verb:set package 'explore_lite' build argument 'catkin_cmake_args' from command line to 'None'
[0.354s] Level 5:colcon.colcon_core.verb:set package 'explore_lite' build argument 'catkin_skip_building_tests' from command line to 'False'
[0.354s] DEBUG:colcon.colcon_core.verb:Building package 'explore_lite' with the following arguments: {'ament_cmake_args': None, 'build_base': '/home/duong/kaia_ws/build/explore_lite', 'catkin_cmake_args': None, 'catkin_skip_building_tests': False, 'cmake_args': None, 'cmake_clean_cache': False, 'cmake_clean_first': False, 'cmake_force_configure': False, 'cmake_target': None, 'cmake_target_skip_unavailable': False, 'install_base': '/home/duong/kaia_ws/install/explore_lite', 'merge_install': False, 'path': '/home/duong/kaia_ws/src/m-explore-ros2/explore', 'symlink_install': True, 'test_result_base': None}
[0.354s] Level 5:colcon.colcon_core.verb:set package 'kaiaai' build argument 'cmake_args' from command line to 'None'
[0.354s] Level 5:colcon.colcon_core.verb:set package 'kaiaai' build argument 'cmake_target' from command line to 'None'
[0.354s] Level 5:colcon.colcon_core.verb:set package 'kaiaai' build argument 'cmake_target_skip_unavailable' from command line to 'False'
[0.354s] Level 5:colcon.colcon_core.verb:set package 'kaiaai' build argument 'cmake_clean_cache' from command line to 'False'
[0.354s] Level 5:colcon.colcon_core.verb:set package 'kaiaai' build argument 'cmake_clean_first' from command line to 'False'
[0.354s] Level 5:colcon.colcon_core.verb:set package 'kaiaai' build argument 'cmake_force_configure' from command line to 'False'
[0.354s] Level 5:colcon.colcon_core.verb:set package 'kaiaai' build argument 'ament_cmake_args' from command line to 'None'
[0.354s] Level 5:colcon.colcon_core.verb:set package 'kaiaai' build argument 'catkin_cmake_args' from command line to 'None'
[0.354s] Level 5:colcon.colcon_core.verb:set package 'kaiaai' build argument 'catkin_skip_building_tests' from command line to 'False'
[0.354s] DEBUG:colcon.colcon_core.verb:Building package 'kaiaai' with the following arguments: {'ament_cmake_args': None, 'build_base': '/home/duong/kaia_ws/build/kaiaai', 'catkin_cmake_args': None, 'catkin_skip_building_tests': False, 'cmake_args': None, 'cmake_clean_cache': False, 'cmake_clean_first': False, 'cmake_force_configure': False, 'cmake_target': None, 'cmake_target_skip_unavailable': False, 'install_base': '/home/duong/kaia_ws/install/kaiaai', 'merge_install': False, 'path': '/home/duong/kaia_ws/src/kaiaai', 'symlink_install': True, 'test_result_base': None}
[0.354s] Level 5:colcon.colcon_core.verb:set package 'kaiaai_apps' build argument 'cmake_args' from command line to 'None'
[0.354s] Level 5:colcon.colcon_core.verb:set package 'kaiaai_apps' build argument 'cmake_target' from command line to 'None'
[0.354s] Level 5:colcon.colcon_core.verb:set package 'kaiaai_apps' build argument 'cmake_target_skip_unavailable' from command line to 'False'
[0.354s] Level 5:colcon.colcon_core.verb:set package 'kaiaai_apps' build argument 'cmake_clean_cache' from command line to 'False'
[0.354s] Level 5:colcon.colcon_core.verb:set package 'kaiaai_apps' build argument 'cmake_clean_first' from command line to 'False'
[0.354s] Level 5:colcon.colcon_core.verb:set package 'kaiaai_apps' build argument 'cmake_force_configure' from command line to 'False'
[0.355s] Level 5:colcon.colcon_core.verb:set package 'kaiaai_apps' build argument 'ament_cmake_args' from command line to 'None'
[0.355s] Level 5:colcon.colcon_core.verb:set package 'kaiaai_apps' build argument 'catkin_cmake_args' from command line to 'None'
[0.355s] Level 5:colcon.colcon_core.verb:set package 'kaiaai_apps' build argument 'catkin_skip_building_tests' from command line to 'False'
[0.355s] DEBUG:colcon.colcon_core.verb:Building package 'kaiaai_apps' with the following arguments: {'ament_cmake_args': None, 'build_base': '/home/duong/kaia_ws/build/kaiaai_apps', 'catkin_cmake_args': None, 'catkin_skip_building_tests': False, 'cmake_args': None, 'cmake_clean_cache': False, 'cmake_clean_first': False, 'cmake_force_configure': False, 'cmake_target': None, 'cmake_target_skip_unavailable': False, 'install_base': '/home/duong/kaia_ws/install/kaiaai_apps', 'merge_install': False, 'path': '/home/duong/kaia_ws/src/kaiaai_apps', 'symlink_install': True, 'test_result_base': None}
[0.355s] Level 5:colcon.colcon_core.verb:set package 'kaiaai_msgs' build argument 'cmake_args' from command line to 'None'
[0.355s] Level 5:colcon.colcon_core.verb:set package 'kaiaai_msgs' build argument 'cmake_target' from command line to 'None'
[0.355s] Level 5:colcon.colcon_core.verb:set package 'kaiaai_msgs' build argument 'cmake_target_skip_unavailable' from command line to 'False'
[0.355s] Level 5:colcon.colcon_core.verb:set package 'kaiaai_msgs' build argument 'cmake_clean_cache' from command line to 'False'
[0.355s] Level 5:colcon.colcon_core.verb:set package 'kaiaai_msgs' build argument 'cmake_clean_first' from command line to 'False'
[0.355s] Level 5:colcon.colcon_core.verb:set package 'kaiaai_msgs' build argument 'cmake_force_configure' from command line to 'False'
[0.355s] Level 5:colcon.colcon_core.verb:set package 'kaiaai_msgs' build argument 'ament_cmake_args' from command line to 'None'
[0.355s] Level 5:colcon.colcon_core.verb:set package 'kaiaai_msgs' build argument 'catkin_cmake_args' from command line to 'None'
[0.355s] Level 5:colcon.colcon_core.verb:set package 'kaiaai_msgs' build argument 'catkin_skip_building_tests' from command line to 'False'
[0.355s] DEBUG:colcon.colcon_core.verb:Building package 'kaiaai_msgs' with the following arguments: {'ament_cmake_args': None, 'build_base': '/home/duong/kaia_ws/build/kaiaai_msgs', 'catkin_cmake_args': None, 'catkin_skip_building_tests': False, 'cmake_args': None, 'cmake_clean_cache': False, 'cmake_clean_first': False, 'cmake_force_configure': False, 'cmake_target': None, 'cmake_target_skip_unavailable': False, 'install_base': '/home/duong/kaia_ws/install/kaiaai_msgs', 'merge_install': False, 'path': '/home/duong/kaia_ws/src/kaiaai_msgs', 'symlink_install': True, 'test_result_base': None}
[0.355s] Level 5:colcon.colcon_core.verb:set package 'kaiaai_teleop' build argument 'cmake_args' from command line to 'None'
[0.355s] Level 5:colcon.colcon_core.verb:set package 'kaiaai_teleop' build argument 'cmake_target' from command line to 'None'
[0.355s] Level 5:colcon.colcon_core.verb:set package 'kaiaai_teleop' build argument 'cmake_target_skip_unavailable' from command line to 'False'
[0.355s] Level 5:colcon.colcon_core.verb:set package 'kaiaai_teleop' build argument 'cmake_clean_cache' from command line to 'False'
[0.355s] Level 5:colcon.colcon_core.verb:set package 'kaiaai_teleop' build argument 'cmake_clean_first' from command line to 'False'
[0.355s] Level 5:colcon.colcon_core.verb:set package 'kaiaai_teleop' build argument 'cmake_force_configure' from command line to 'False'
[0.355s] Level 5:colcon.colcon_core.verb:set package 'kaiaai_teleop' build argument 'ament_cmake_args' from command line to 'None'
[0.355s] Level 5:colcon.colcon_core.verb:set package 'kaiaai_teleop' build argument 'catkin_cmake_args' from command line to 'None'
[0.355s] Level 5:colcon.colcon_core.verb:set package 'kaiaai_teleop' build argument 'catkin_skip_building_tests' from command line to 'False'
[0.355s] DEBUG:colcon.colcon_core.verb:Building package 'kaiaai_teleop' with the following arguments: {'ament_cmake_args': None, 'build_base': '/home/duong/kaia_ws/build/kaiaai_teleop', 'catkin_cmake_args': None, 'catkin_skip_building_tests': False, 'cmake_args': None, 'cmake_clean_cache': False, 'cmake_clean_first': False, 'cmake_force_configure': False, 'cmake_target': None, 'cmake_target_skip_unavailable': False, 'install_base': '/home/duong/kaia_ws/install/kaiaai_teleop', 'merge_install': False, 'path': '/home/duong/kaia_ws/src/kaiaai_teleop', 'symlink_install': True, 'test_result_base': None}
[0.356s] Level 5:colcon.colcon_core.verb:set package 'kaiaai_web' build argument 'cmake_args' from command line to 'None'
[0.356s] Level 5:colcon.colcon_core.verb:set package 'kaiaai_web' build argument 'cmake_target' from command line to 'None'
[0.356s] Level 5:colcon.colcon_core.verb:set package 'kaiaai_web' build argument 'cmake_target_skip_unavailable' from command line to 'False'
[0.356s] Level 5:colcon.colcon_core.verb:set package 'kaiaai_web' build argument 'cmake_clean_cache' from command line to 'False'
[0.356s] Level 5:colcon.colcon_core.verb:set package 'kaiaai_web' build argument 'cmake_clean_first' from command line to 'False'
[0.356s] Level 5:colcon.colcon_core.verb:set package 'kaiaai_web' build argument 'cmake_force_configure' from command line to 'False'
[0.356s] Level 5:colcon.colcon_core.verb:set package 'kaiaai_web' build argument 'ament_cmake_args' from command line to 'None'
[0.356s] Level 5:colcon.colcon_core.verb:set package 'kaiaai_web' build argument 'catkin_cmake_args' from command line to 'None'
[0.356s] Level 5:colcon.colcon_core.verb:set package 'kaiaai_web' build argument 'catkin_skip_building_tests' from command line to 'False'
[0.356s] DEBUG:colcon.colcon_core.verb:Building package 'kaiaai_web' with the following arguments: {'ament_cmake_args': None, 'build_base': '/home/duong/kaia_ws/build/kaiaai_web', 'catkin_cmake_args': None, 'catkin_skip_building_tests': False, 'cmake_args': None, 'cmake_clean_cache': False, 'cmake_clean_first': False, 'cmake_force_configure': False, 'cmake_target': None, 'cmake_target_skip_unavailable': False, 'install_base': '/home/duong/kaia_ws/install/kaiaai_web', 'merge_install': False, 'path': '/home/duong/kaia_ws/src/kaiaai_web', 'symlink_install': True, 'test_result_base': None}
[0.356s] Level 5:colcon.colcon_core.verb:set package 'makerspet_fido' build argument 'cmake_args' from command line to 'None'
[0.356s] Level 5:colcon.colcon_core.verb:set package 'makerspet_fido' build argument 'cmake_target' from command line to 'None'
[0.356s] Level 5:colcon.colcon_core.verb:set package 'makerspet_fido' build argument 'cmake_target_skip_unavailable' from command line to 'False'
[0.356s] Level 5:colcon.colcon_core.verb:set package 'makerspet_fido' build argument 'cmake_clean_cache' from command line to 'False'
[0.356s] Level 5:colcon.colcon_core.verb:set package 'makerspet_fido' build argument 'cmake_clean_first' from command line to 'False'
[0.356s] Level 5:colcon.colcon_core.verb:set package 'makerspet_fido' build argument 'cmake_force_configure' from command line to 'False'
[0.356s] Level 5:colcon.colcon_core.verb:set package 'makerspet_fido' build argument 'ament_cmake_args' from command line to 'None'
[0.356s] Level 5:colcon.colcon_core.verb:set package 'makerspet_fido' build argument 'catkin_cmake_args' from command line to 'None'
[0.356s] Level 5:colcon.colcon_core.verb:set package 'makerspet_fido' build argument 'catkin_skip_building_tests' from command line to 'False'
[0.356s] DEBUG:colcon.colcon_core.verb:Building package 'makerspet_fido' with the following arguments: {'ament_cmake_args': None, 'build_base': '/home/duong/kaia_ws/build/makerspet_fido', 'catkin_cmake_args': None, 'catkin_skip_building_tests': False, 'cmake_args': None, 'cmake_clean_cache': False, 'cmake_clean_first': False, 'cmake_force_configure': False, 'cmake_target': None, 'cmake_target_skip_unavailable': False, 'install_base': '/home/duong/kaia_ws/install/makerspet_fido', 'merge_install': False, 'path': '/home/duong/kaia_ws/src/makerspet_fido', 'symlink_install': True, 'test_result_base': None}
[0.357s] Level 5:colcon.colcon_core.verb:set package 'makerspet_loki' build argument 'cmake_args' from command line to 'None'
[0.357s] Level 5:colcon.colcon_core.verb:set package 'makerspet_loki' build argument 'cmake_target' from command line to 'None'
[0.357s] Level 5:colcon.colcon_core.verb:set package 'makerspet_loki' build argument 'cmake_target_skip_unavailable' from command line to 'False'
[0.357s] Level 5:colcon.colcon_core.verb:set package 'makerspet_loki' build argument 'cmake_clean_cache' from command line to 'False'
[0.357s] Level 5:colcon.colcon_core.verb:set package 'makerspet_loki' build argument 'cmake_clean_first' from command line to 'False'
[0.357s] Level 5:colcon.colcon_core.verb:set package 'makerspet_loki' build argument 'cmake_force_configure' from command line to 'False'
[0.357s] Level 5:colcon.colcon_core.verb:set package 'makerspet_loki' build argument 'ament_cmake_args' from command line to 'None'
[0.357s] Level 5:colcon.colcon_core.verb:set package 'makerspet_loki' build argument 'catkin_cmake_args' from command line to 'None'
[0.357s] Level 5:colcon.colcon_core.verb:set package 'makerspet_loki' build argument 'catkin_skip_building_tests' from command line to 'False'
[0.357s] DEBUG:colcon.colcon_core.verb:Building package 'makerspet_loki' with the following arguments: {'ament_cmake_args': None, 'build_base': '/home/duong/kaia_ws/build/makerspet_loki', 'catkin_cmake_args': None, 'catkin_skip_building_tests': False, 'cmake_args': None, 'cmake_clean_cache': False, 'cmake_clean_first': False, 'cmake_force_configure': False, 'cmake_target': None, 'cmake_target_skip_unavailable': False, 'install_base': '/home/duong/kaia_ws/install/makerspet_loki', 'merge_install': False, 'path': '/home/duong/kaia_ws/src/makerspet_loki', 'symlink_install': True, 'test_result_base': None}
[0.357s] Level 5:colcon.colcon_core.verb:set package 'makerspet_mini' build argument 'cmake_args' from command line to 'None'
[0.357s] Level 5:colcon.colcon_core.verb:set package 'makerspet_mini' build argument 'cmake_target' from command line to 'None'
[0.357s] Level 5:colcon.colcon_core.verb:set package 'makerspet_mini' build argument 'cmake_target_skip_unavailable' from command line to 'False'
[0.357s] Level 5:colcon.colcon_core.verb:set package 'makerspet_mini' build argument 'cmake_clean_cache' from command line to 'False'
[0.357s] Level 5:colcon.colcon_core.verb:set package 'makerspet_mini' build argument 'cmake_clean_first' from command line to 'False'
[0.357s] Level 5:colcon.colcon_core.verb:set package 'makerspet_mini' build argument 'cmake_force_configure' from command line to 'False'
[0.357s] Level 5:colcon.colcon_core.verb:set package 'makerspet_mini' build argument 'ament_cmake_args' from command line to 'None'
[0.357s] Level 5:colcon.colcon_core.verb:set package 'makerspet_mini' build argument 'catkin_cmake_args' from command line to 'None'
[0.357s] Level 5:colcon.colcon_core.verb:set package 'makerspet_mini' build argument 'catkin_skip_building_tests' from command line to 'False'
[0.357s] DEBUG:colcon.colcon_core.verb:Building package 'makerspet_mini' with the following arguments: {'ament_cmake_args': None, 'build_base': '/home/duong/kaia_ws/build/makerspet_mini', 'catkin_cmake_args': None, 'catkin_skip_building_tests': False, 'cmake_args': None, 'cmake_clean_cache': False, 'cmake_clean_first': False, 'cmake_force_configure': False, 'cmake_target': None, 'cmake_target_skip_unavailable': False, 'install_base': '/home/duong/kaia_ws/install/makerspet_mini', 'merge_install': False, 'path': '/home/duong/kaia_ws/src/makerspet_mini', 'symlink_install': True, 'test_result_base': None}
[0.357s] Level 5:colcon.colcon_core.verb:set package 'makerspet_snoopy' build argument 'cmake_args' from command line to 'None'
[0.357s] Level 5:colcon.colcon_core.verb:set package 'makerspet_snoopy' build argument 'cmake_target' from command line to 'None'
[0.357s] Level 5:colcon.colcon_core.verb:set package 'makerspet_snoopy' build argument 'cmake_target_skip_unavailable' from command line to 'False'
[0.357s] Level 5:colcon.colcon_core.verb:set package 'makerspet_snoopy' build argument 'cmake_clean_cache' from command line to 'False'
[0.357s] Level 5:colcon.colcon_core.verb:set package 'makerspet_snoopy' build argument 'cmake_clean_first' from command line to 'False'
[0.357s] Level 5:colcon.colcon_core.verb:set package 'makerspet_snoopy' build argument 'cmake_force_configure' from command line to 'False'
[0.358s] Level 5:colcon.colcon_core.verb:set package 'makerspet_snoopy' build argument 'ament_cmake_args' from command line to 'None'
[0.358s] Level 5:colcon.colcon_core.verb:set package 'makerspet_snoopy' build argument 'catkin_cmake_args' from command line to 'None'
[0.358s] Level 5:colcon.colcon_core.verb:set package 'makerspet_snoopy' build argument 'catkin_skip_building_tests' from command line to 'False'
[0.358s] DEBUG:colcon.colcon_core.verb:Building package 'makerspet_snoopy' with the following arguments: {'ament_cmake_args': None, 'build_base': '/home/duong/kaia_ws/build/makerspet_snoopy', 'catkin_cmake_args': None, 'catkin_skip_building_tests': False, 'cmake_args': None, 'cmake_clean_cache': False, 'cmake_clean_first': False, 'cmake_force_configure': False, 'cmake_target': None, 'cmake_target_skip_unavailable': False, 'install_base': '/home/duong/kaia_ws/install/makerspet_snoopy', 'merge_install': False, 'path': '/home/duong/kaia_ws/src/makerspet_snoopy', 'symlink_install': True, 'test_result_base': None}
[0.358s] Level 5:colcon.colcon_core.verb:set package 'nav2_wfd' build argument 'cmake_args' from command line to 'None'
[0.358s] Level 5:colcon.colcon_core.verb:set package 'nav2_wfd' build argument 'cmake_target' from command line to 'None'
[0.358s] Level 5:colcon.colcon_core.verb:set package 'nav2_wfd' build argument 'cmake_target_skip_unavailable' from command line to 'False'
[0.358s] Level 5:colcon.colcon_core.verb:set package 'nav2_wfd' build argument 'cmake_clean_cache' from command line to 'False'
[0.358s] Level 5:colcon.colcon_core.verb:set package 'nav2_wfd' build argument 'cmake_clean_first' from command line to 'False'
[0.358s] Level 5:colcon.colcon_core.verb:set package 'nav2_wfd' build argument 'cmake_force_configure' from command line to 'False'
[0.358s] Level 5:colcon.colcon_core.verb:set package 'nav2_wfd' build argument 'ament_cmake_args' from command line to 'None'
[0.358s] Level 5:colcon.colcon_core.verb:set package 'nav2_wfd' build argument 'catkin_cmake_args' from command line to 'None'
[0.358s] Level 5:colcon.colcon_core.verb:set package 'nav2_wfd' build argument 'catkin_skip_building_tests' from command line to 'False'
[0.358s] DEBUG:colcon.colcon_core.verb:Building package 'nav2_wfd' with the following arguments: {'ament_cmake_args': None, 'build_base': '/home/duong/kaia_ws/build/nav2_wfd', 'catkin_cmake_args': None, 'catkin_skip_building_tests': False, 'cmake_args': None, 'cmake_clean_cache': False, 'cmake_clean_first': False, 'cmake_force_configure': False, 'cmake_target': None, 'cmake_target_skip_unavailable': False, 'install_base': '/home/duong/kaia_ws/install/nav2_wfd', 'merge_install': False, 'path': '/home/duong/kaia_ws/src/nav2_wfe', 'symlink_install': True, 'test_result_base': None}
[0.358s] Level 5:colcon.colcon_core.verb:set package 'kaiaai_gazebo' build argument 'cmake_args' from command line to 'None'
[0.358s] Level 5:colcon.colcon_core.verb:set package 'kaiaai_gazebo' build argument 'cmake_target' from command line to 'None'
[0.358s] Level 5:colcon.colcon_core.verb:set package 'kaiaai_gazebo' build argument 'cmake_target_skip_unavailable' from command line to 'False'
[0.358s] Level 5:colcon.colcon_core.verb:set package 'kaiaai_gazebo' build argument 'cmake_clean_cache' from command line to 'False'
[0.358s] Level 5:colcon.colcon_core.verb:set package 'kaiaai_gazebo' build argument 'cmake_clean_first' from command line to 'False'
[0.358s] Level 5:colcon.colcon_core.verb:set package 'kaiaai_gazebo' build argument 'cmake_force_configure' from command line to 'False'
[0.358s] Level 5:colcon.colcon_core.verb:set package 'kaiaai_gazebo' build argument 'ament_cmake_args' from command line to 'None'
[0.358s] Level 5:colcon.colcon_core.verb:set package 'kaiaai_gazebo' build argument 'catkin_cmake_args' from command line to 'None'
[0.358s] Level 5:colcon.colcon_core.verb:set package 'kaiaai_gazebo' build argument 'catkin_skip_building_tests' from command line to 'False'
[0.358s] DEBUG:colcon.colcon_core.verb:Building package 'kaiaai_gazebo' with the following arguments: {'ament_cmake_args': None, 'build_base': '/home/duong/kaia_ws/build/kaiaai_gazebo', 'catkin_cmake_args': None, 'catkin_skip_building_tests': False, 'cmake_args': None, 'cmake_clean_cache': False, 'cmake_clean_first': False, 'cmake_force_configure': False, 'cmake_target': None, 'cmake_target_skip_unavailable': False, 'install_base': '/home/duong/kaia_ws/install/kaiaai_gazebo', 'merge_install': False, 'path': '/home/duong/kaia_ws/src/kaiaai_gazebo', 'symlink_install': True, 'test_result_base': None}
[0.359s] Level 5:colcon.colcon_core.verb:set package 'kaiaai_telemetry' build argument 'cmake_args' from command line to 'None'
[0.359s] Level 5:colcon.colcon_core.verb:set package 'kaiaai_telemetry' build argument 'cmake_target' from command line to 'None'
[0.359s] Level 5:colcon.colcon_core.verb:set package 'kaiaai_telemetry' build argument 'cmake_target_skip_unavailable' from command line to 'False'
[0.359s] Level 5:colcon.colcon_core.verb:set package 'kaiaai_telemetry' build argument 'cmake_clean_cache' from command line to 'False'
[0.359s] Level 5:colcon.colcon_core.verb:set package 'kaiaai_telemetry' build argument 'cmake_clean_first' from command line to 'False'
[0.359s] Level 5:colcon.colcon_core.verb:set package 'kaiaai_telemetry' build argument 'cmake_force_configure' from command line to 'False'
[0.359s] Level 5:colcon.colcon_core.verb:set package 'kaiaai_telemetry' build argument 'ament_cmake_args' from command line to 'None'
[0.359s] Level 5:colcon.colcon_core.verb:set package 'kaiaai_telemetry' build argument 'catkin_cmake_args' from command line to 'None'
[0.359s] Level 5:colcon.colcon_core.verb:set package 'kaiaai_telemetry' build argument 'catkin_skip_building_tests' from command line to 'False'
[0.359s] DEBUG:colcon.colcon_core.verb:Building package 'kaiaai_telemetry' with the following arguments: {'ament_cmake_args': None, 'build_base': '/home/duong/kaia_ws/build/kaiaai_telemetry', 'catkin_cmake_args': None, 'catkin_skip_building_tests': False, 'cmake_args': None, 'cmake_clean_cache': False, 'cmake_clean_first': False, 'cmake_force_configure': False, 'cmake_target': None, 'cmake_target_skip_unavailable': False, 'install_base': '/home/duong/kaia_ws/install/kaiaai_telemetry', 'merge_install': False, 'path': '/home/duong/kaia_ws/src/kaiaai_telemetry', 'symlink_install': True, 'test_result_base': None}
[0.359s] Level 5:colcon.colcon_core.verb:set package 'makerspet' build argument 'cmake_args' from command line to 'None'
[0.359s] Level 5:colcon.colcon_core.verb:set package 'makerspet' build argument 'cmake_target' from command line to 'None'
[0.359s] Level 5:colcon.colcon_core.verb:set package 'makerspet' build argument 'cmake_target_skip_unavailable' from command line to 'False'
[0.359s] Level 5:colcon.colcon_core.verb:set package 'makerspet' build argument 'cmake_clean_cache' from command line to 'False'
[0.359s] Level 5:colcon.colcon_core.verb:set package 'makerspet' build argument 'cmake_clean_first' from command line to 'False'
[0.359s] Level 5:colcon.colcon_core.verb:set package 'makerspet' build argument 'cmake_force_configure' from command line to 'False'
[0.359s] Level 5:colcon.colcon_core.verb:set package 'makerspet' build argument 'ament_cmake_args' from command line to 'None'
[0.359s] Level 5:colcon.colcon_core.verb:set package 'makerspet' build argument 'catkin_cmake_args' from command line to 'None'
[0.359s] Level 5:colcon.colcon_core.verb:set package 'makerspet' build argument 'catkin_skip_building_tests' from command line to 'False'
[0.359s] DEBUG:colcon.colcon_core.verb:Building package 'makerspet' with the following arguments: {'ament_cmake_args': None, 'build_base': '/home/duong/kaia_ws/build/makerspet', 'catkin_cmake_args': None, 'catkin_skip_building_tests': False, 'cmake_args': None, 'cmake_clean_cache': False, 'cmake_clean_first': False, 'cmake_force_configure': False, 'cmake_target': None, 'cmake_target_skip_unavailable': False, 'install_base': '/home/duong/kaia_ws/install/makerspet', 'merge_install': False, 'path': '/home/duong/kaia_ws/src/makerspet', 'symlink_install': True, 'test_result_base': None}
[0.360s] Level 5:colcon.colcon_core.verb:set package 'kaiaai_bringup' build argument 'cmake_args' from command line to 'None'
[0.360s] Level 5:colcon.colcon_core.verb:set package 'kaiaai_bringup' build argument 'cmake_target' from command line to 'None'
[0.360s] Level 5:colcon.colcon_core.verb:set package 'kaiaai_bringup' build argument 'cmake_target_skip_unavailable' from command line to 'False'
[0.360s] Level 5:colcon.colcon_core.verb:set package 'kaiaai_bringup' build argument 'cmake_clean_cache' from command line to 'False'
[0.360s] Level 5:colcon.colcon_core.verb:set package 'kaiaai_bringup' build argument 'cmake_clean_first' from command line to 'False'
[0.360s] Level 5:colcon.colcon_core.verb:set package 'kaiaai_bringup' build argument 'cmake_force_configure' from command line to 'False'
[0.360s] Level 5:colcon.colcon_core.verb:set package 'kaiaai_bringup' build argument 'ament_cmake_args' from command line to 'None'
[0.360s] Level 5:colcon.colcon_core.verb:set package 'kaiaai_bringup' build argument 'catkin_cmake_args' from command line to 'None'
[0.360s] Level 5:colcon.colcon_core.verb:set package 'kaiaai_bringup' build argument 'catkin_skip_building_tests' from command line to 'False'
[0.360s] DEBUG:colcon.colcon_core.verb:Building package 'kaiaai_bringup' with the following arguments: {'ament_cmake_args': None, 'build_base': '/home/duong/kaia_ws/build/kaiaai_bringup', 'catkin_cmake_args': None, 'catkin_skip_building_tests': False, 'cmake_args': None, 'cmake_clean_cache': False, 'cmake_clean_first': False, 'cmake_force_configure': False, 'cmake_target': None, 'cmake_target_skip_unavailable': False, 'install_base': '/home/duong/kaia_ws/install/kaiaai_bringup', 'merge_install': False, 'path': '/home/duong/kaia_ws/src/kaiaai_bringup', 'symlink_install': True, 'test_result_base': None}
[0.360s] INFO:colcon.colcon_core.executor:Executing jobs using 'parallel' executor
[0.361s] DEBUG:colcon.colcon_parallel_executor.executor.parallel:run_until_complete
[0.361s] INFO:colcon.colcon_ros.task.ament_python.build:Building ROS package in '/home/duong/kaia_ws/src/kaiaai' with build type 'ament_python'
[0.361s] Level 1:colcon.colcon_core.shell:create_environment_hook('kaiaai', 'ament_prefix_path')
[0.364s] INFO:colcon.colcon_core.plugin_system:Skipping extension 'colcon_core.shell.bat': Not used on non-Windows systems
[0.364s] INFO:colcon.colcon_core.shell:Creating environment hook '/home/duong/kaia_ws/install/kaiaai/share/kaiaai/hook/ament_prefix_path.ps1'
[0.365s] INFO:colcon.colcon_core.shell:Creating environment descriptor '/home/duong/kaia_ws/install/kaiaai/share/kaiaai/hook/ament_prefix_path.dsv'
[0.365s] INFO:colcon.colcon_core.shell:Creating environment hook '/home/duong/kaia_ws/install/kaiaai/share/kaiaai/hook/ament_prefix_path.sh'
[0.366s] INFO:colcon.colcon_core.shell:Skip shell extension 'powershell' for command environment: Not usable outside of PowerShell
[0.366s] DEBUG:colcon.colcon_core.shell:Skip shell extension 'dsv' for command environment
[0.369s] INFO:colcon.colcon_ros.task.ament_cmake.build:Building ROS package in '/home/duong/kaia_ws/src/kaiaai_msgs' with build type 'ament_cmake'
[0.369s] INFO:colcon.colcon_cmake.task.cmake.build:Building CMake package in '/home/duong/kaia_ws/src/kaiaai_msgs'
[0.369s] INFO:colcon.colcon_core.shell:Skip shell extension 'powershell' for command environment: Not usable outside of PowerShell
[0.369s] DEBUG:colcon.colcon_core.shell:Skip shell extension 'dsv' for command environment
[0.373s] INFO:colcon.colcon_ros.task.ament_python.build:Building ROS package in '/home/duong/kaia_ws/src/kaiaai_teleop' with build type 'ament_python'
[0.374s] Level 1:colcon.colcon_core.shell:create_environment_hook('kaiaai_teleop', 'ament_prefix_path')
[0.374s] INFO:colcon.colcon_core.shell:Creating environment hook '/home/duong/kaia_ws/install/kaiaai_teleop/share/kaiaai_teleop/hook/ament_prefix_path.ps1'
[0.375s] INFO:colcon.colcon_core.shell:Creating environment descriptor '/home/duong/kaia_ws/install/kaiaai_teleop/share/kaiaai_teleop/hook/ament_prefix_path.dsv'
[0.375s] INFO:colcon.colcon_core.shell:Creating environment hook '/home/duong/kaia_ws/install/kaiaai_teleop/share/kaiaai_teleop/hook/ament_prefix_path.sh'
[0.376s] INFO:colcon.colcon_core.shell:Skip shell extension 'powershell' for command environment: Not usable outside of PowerShell
[0.376s] DEBUG:colcon.colcon_core.shell:Skip shell extension 'dsv' for command environment
[0.380s] INFO:colcon.colcon_ros.task.ament_cmake.build:Building ROS package in '/home/duong/kaia_ws/src/makerspet_loki' with build type 'ament_cmake'
[0.380s] INFO:colcon.colcon_cmake.task.cmake.build:Building CMake package in '/home/duong/kaia_ws/src/makerspet_loki'
[0.381s] INFO:colcon.colcon_core.shell:Skip shell extension 'powershell' for command environment: Not usable outside of PowerShell
[0.381s] DEBUG:colcon.colcon_core.shell:Skip shell extension 'dsv' for command environment
[0.384s] INFO:colcon.colcon_ros.task.ament_cmake.build:Building ROS package in '/home/duong/kaia_ws/src/makerspet_mini' with build type 'ament_cmake'
[0.384s] INFO:colcon.colcon_cmake.task.cmake.build:Building CMake package in '/home/duong/kaia_ws/src/makerspet_mini'
[0.385s] INFO:colcon.colcon_core.shell:Skip shell extension 'powershell' for command environment: Not usable outside of PowerShell
[0.385s] DEBUG:colcon.colcon_core.shell:Skip shell extension 'dsv' for command environment
[0.388s] INFO:colcon.colcon_ros.task.ament_cmake.build:Building ROS package in '/home/duong/kaia_ws/src/makerspet_snoopy' with build type 'ament_cmake'
[0.388s] INFO:colcon.colcon_cmake.task.cmake.build:Building CMake package in '/home/duong/kaia_ws/src/makerspet_snoopy'
[0.388s] INFO:colcon.colcon_core.shell:Skip shell extension 'powershell' for command environment: Not usable outside of PowerShell
[0.388s] DEBUG:colcon.colcon_core.shell:Skip shell extension 'dsv' for command environment
[0.392s] INFO:colcon.colcon_ros.task.ament_cmake.build:Building ROS package in '/home/duong/kaia_ws/src/auto_mapper' with build type 'ament_cmake'
[0.393s] INFO:colcon.colcon_cmake.task.cmake.build:Building CMake package in '/home/duong/kaia_ws/src/auto_mapper'
[0.393s] INFO:colcon.colcon_core.shell:Skip shell extension 'powershell' for command environment: Not usable outside of PowerShell
[0.393s] DEBUG:colcon.colcon_core.shell:Skip shell extension 'dsv' for command environment
[0.397s] INFO:colcon.colcon_ros.task.ament_cmake.build:Building ROS package in '/home/duong/kaia_ws/src/m-explore-ros2/explore' with build type 'ament_cmake'
[0.397s] INFO:colcon.colcon_cmake.task.cmake.build:Building CMake package in '/home/duong/kaia_ws/src/m-explore-ros2/explore'
[0.398s] INFO:colcon.colcon_core.shell:Skip shell extension 'powershell' for command environment: Not usable outside of PowerShell
[0.398s] DEBUG:colcon.colcon_core.shell:Skip shell extension 'dsv' for command environment
[0.401s] INFO:colcon.colcon_ros.task.ament_python.build:Building ROS package in '/home/duong/kaia_ws/src/kaiaai_apps' with build type 'ament_python'
[0.401s] Level 1:colcon.colcon_core.shell:create_environment_hook('kaiaai_apps', 'ament_prefix_path')
[0.402s] INFO:colcon.colcon_core.shell:Creating environment hook '/home/duong/kaia_ws/install/kaiaai_apps/share/kaiaai_apps/hook/ament_prefix_path.ps1'
[0.402s] INFO:colcon.colcon_core.shell:Creating environment descriptor '/home/duong/kaia_ws/install/kaiaai_apps/share/kaiaai_apps/hook/ament_prefix_path.dsv'
[0.403s] INFO:colcon.colcon_core.shell:Creating environment hook '/home/duong/kaia_ws/install/kaiaai_apps/share/kaiaai_apps/hook/ament_prefix_path.sh'
[0.403s] INFO:colcon.colcon_core.shell:Skip shell extension 'powershell' for command environment: Not usable outside of PowerShell
[0.404s] DEBUG:colcon.colcon_core.shell:Skip shell extension 'dsv' for command environment
[0.407s] INFO:colcon.colcon_ros.task.ament_python.build:Building ROS package in '/home/duong/kaia_ws/src/kaiaai_web' with build type 'ament_python'
[0.407s] Level 1:colcon.colcon_core.shell:create_environment_hook('kaiaai_web', 'ament_prefix_path')
[0.407s] INFO:colcon.colcon_core.shell:Creating environment hook '/home/duong/kaia_ws/install/kaiaai_web/share/kaiaai_web/hook/ament_prefix_path.ps1'
[0.408s] INFO:colcon.colcon_core.shell:Creating environment descriptor '/home/duong/kaia_ws/install/kaiaai_web/share/kaiaai_web/hook/ament_prefix_path.dsv'
[0.409s] INFO:colcon.colcon_core.shell:Creating environment hook '/home/duong/kaia_ws/install/kaiaai_web/share/kaiaai_web/hook/ament_prefix_path.sh'
[0.410s] INFO:colcon.colcon_core.shell:Skip shell extension 'powershell' for command environment: Not usable outside of PowerShell
[0.410s] DEBUG:colcon.colcon_core.shell:Skip shell extension 'dsv' for command environment
[0.413s] INFO:colcon.colcon_ros.task.ament_cmake.build:Building ROS package in '/home/duong/kaia_ws/src/makerspet_fido' with build type 'ament_cmake'
[0.414s] INFO:colcon.colcon_cmake.task.cmake.build:Building CMake package in '/home/duong/kaia_ws/src/makerspet_fido'
[0.414s] INFO:colcon.colcon_core.shell:Skip shell extension 'powershell' for command environment: Not usable outside of PowerShell
[0.414s] DEBUG:colcon.colcon_core.shell:Skip shell extension 'dsv' for command environment
[0.417s] INFO:colcon.colcon_ros.task.ament_python.build:Building ROS package in '/home/duong/kaia_ws/src/nav2_wfe' with build type 'ament_python'
[0.418s] Level 1:colcon.colcon_core.shell:create_environment_hook('nav2_wfd', 'ament_prefix_path')
[0.418s] INFO:colcon.colcon_core.shell:Creating environment hook '/home/duong/kaia_ws/install/nav2_wfd/share/nav2_wfd/hook/ament_prefix_path.ps1'
[0.418s] INFO:colcon.colcon_core.shell:Creating environment descriptor '/home/duong/kaia_ws/install/nav2_wfd/share/nav2_wfd/hook/ament_prefix_path.dsv'
[0.419s] INFO:colcon.colcon_core.shell:Creating environment hook '/home/duong/kaia_ws/install/nav2_wfd/share/nav2_wfd/hook/ament_prefix_path.sh'
[0.419s] INFO:colcon.colcon_core.shell:Skip shell extension 'powershell' for command environment: Not usable outside of PowerShell
[0.419s] DEBUG:colcon.colcon_core.shell:Skip shell extension 'dsv' for command environment
[0.655s] INFO:colcon.colcon_core.task.python.build:Building Python package in '/home/duong/kaia_ws/src/kaiaai'
[0.656s] INFO:colcon.colcon_core.shell:Skip shell extension 'powershell' for command environment: Not usable outside of PowerShell
[0.656s] DEBUG:colcon.colcon_core.shell:Skip shell extension 'dsv' for command environment
[0.663s] DEBUG:colcon.colcon_core.event_handler.log_command:Invoking command in '/home/duong/kaia_ws/build/kaiaai_msgs': CMAKE_PREFIX_PATH=${CMAKE_PREFIX_PATH}:/home/duong/kaia_ws/install/kaiaai:/opt/ros/iron /usr/bin/cmake /home/duong/kaia_ws/src/kaiaai_msgs -DAMENT_CMAKE_SYMLINK_INSTALL=1 -DCMAKE_INSTALL_PREFIX=/home/duong/kaia_ws/install/kaiaai_msgs
[0.924s] INFO:colcon.colcon_core.task.python.build:Building Python package in '/home/duong/kaia_ws/src/kaiaai_teleop'
[0.925s] INFO:colcon.colcon_core.shell:Skip shell extension 'powershell' for command environment: Not usable outside of PowerShell
[0.925s] DEBUG:colcon.colcon_core.shell:Skip shell extension 'dsv' for command environment
[0.935s] DEBUG:colcon.colcon_core.event_handler.log_command:Invoking command in '/home/duong/kaia_ws/build/makerspet_loki': CMAKE_PREFIX_PATH=${CMAKE_PREFIX_PATH}:/home/duong/kaia_ws/install/kaiaai:/opt/ros/iron /usr/bin/cmake /home/duong/kaia_ws/src/makerspet_loki -DAMENT_CMAKE_SYMLINK_INSTALL=1 -DCMAKE_INSTALL_PREFIX=/home/duong/kaia_ws/install/makerspet_loki
[0.940s] DEBUG:colcon.colcon_core.event_handler.log_command:Invoking command in '/home/duong/kaia_ws/build/makerspet_mini': CMAKE_PREFIX_PATH=${CMAKE_PREFIX_PATH}:/home/duong/kaia_ws/install/kaiaai:/opt/ros/iron /usr/bin/cmake /home/duong/kaia_ws/src/makerspet_mini -DAMENT_CMAKE_SYMLINK_INSTALL=1 -DCMAKE_INSTALL_PREFIX=/home/duong/kaia_ws/install/makerspet_mini
[0.945s] DEBUG:colcon.colcon_core.event_handler.log_command:Invoking command in '/home/duong/kaia_ws/build/makerspet_snoopy': CMAKE_PREFIX_PATH=${CMAKE_PREFIX_PATH}:/home/duong/kaia_ws/install/kaiaai:/opt/ros/iron /usr/bin/cmake /home/duong/kaia_ws/src/makerspet_snoopy -DAMENT_CMAKE_SYMLINK_INSTALL=1 -DCMAKE_INSTALL_PREFIX=/home/duong/kaia_ws/install/makerspet_snoopy
[0.950s] DEBUG:colcon.colcon_core.event_handler.log_command:Invoking command in '/home/duong/kaia_ws/build/auto_mapper': CMAKE_PREFIX_PATH=${CMAKE_PREFIX_PATH}:/home/duong/kaia_ws/install/kaiaai:/opt/ros/iron /usr/bin/cmake /home/duong/kaia_ws/src/auto_mapper -DAMENT_CMAKE_SYMLINK_INSTALL=1 -DCMAKE_INSTALL_PREFIX=/home/duong/kaia_ws/install/auto_mapper
[0.955s] DEBUG:colcon.colcon_core.event_handler.log_command:Invoking command in '/home/duong/kaia_ws/build/explore_lite': CMAKE_PREFIX_PATH=${CMAKE_PREFIX_PATH}:/home/duong/kaia_ws/install/kaiaai:/opt/ros/iron /usr/bin/cmake /home/duong/kaia_ws/src/m-explore-ros2/explore -DAMENT_CMAKE_SYMLINK_INSTALL=1 -DCMAKE_INSTALL_PREFIX=/home/duong/kaia_ws/install/explore_lite
[1.389s] INFO:colcon.colcon_core.task.python.build:Building Python package in '/home/duong/kaia_ws/src/kaiaai_apps'
[1.390s] INFO:colcon.colcon_core.shell:Skip shell extension 'powershell' for command environment: Not usable outside of PowerShell
[1.390s] DEBUG:colcon.colcon_core.shell:Skip shell extension 'dsv' for command environment
[1.830s] INFO:colcon.colcon_core.task.python.build:Building Python package in '/home/duong/kaia_ws/src/kaiaai_web'
[1.831s] INFO:colcon.colcon_core.shell:Skip shell extension 'powershell' for command environment: Not usable outside of PowerShell
[1.831s] DEBUG:colcon.colcon_core.shell:Skip shell extension 'dsv' for command environment
[1.848s] DEBUG:colcon.colcon_core.event_handler.log_command:Invoking command in '/home/duong/kaia_ws/build/makerspet_fido': CMAKE_PREFIX_PATH=${CMAKE_PREFIX_PATH}:/home/duong/kaia_ws/install/kaiaai:/opt/ros/iron /usr/bin/cmake /home/duong/kaia_ws/src/makerspet_fido -DAMENT_CMAKE_SYMLINK_INSTALL=1 -DCMAKE_INSTALL_PREFIX=/home/duong/kaia_ws/install/makerspet_fido
[2.341s] INFO:colcon.colcon_core.task.python.build:Building Python package in '/home/duong/kaia_ws/src/nav2_wfe'
[2.342s] INFO:colcon.colcon_core.shell:Skip shell extension 'powershell' for command environment: Not usable outside of PowerShell
[2.342s] DEBUG:colcon.colcon_core.shell:Skip shell extension 'dsv' for command environment
[2.385s] DEBUG:colcon.colcon_core.event_handler.log_command:Invoked command in '/home/duong/kaia_ws/build/makerspet_loki' returned '0': CMAKE_PREFIX_PATH=${CMAKE_PREFIX_PATH}:/home/duong/kaia_ws/install/kaiaai:/opt/ros/iron /usr/bin/cmake /home/duong/kaia_ws/src/makerspet_loki -DAMENT_CMAKE_SYMLINK_INSTALL=1 -DCMAKE_INSTALL_PREFIX=/home/duong/kaia_ws/install/makerspet_loki
[2.386s] DEBUG:colcon.colcon_core.event_handler.log_command:Invoking command in '/home/duong/kaia_ws/build/makerspet_loki': CMAKE_PREFIX_PATH=${CMAKE_PREFIX_PATH}:/home/duong/kaia_ws/install/kaiaai:/opt/ros/iron /usr/bin/cmake --build /home/duong/kaia_ws/build/makerspet_loki -- -j12 -l12
[2.388s] DEBUG:colcon.colcon_core.event_handler.log_command:Invoked command in '/home/duong/kaia_ws/build/makerspet_mini' returned '0': CMAKE_PREFIX_PATH=${CMAKE_PREFIX_PATH}:/home/duong/kaia_ws/install/kaiaai:/opt/ros/iron /usr/bin/cmake /home/duong/kaia_ws/src/makerspet_mini -DAMENT_CMAKE_SYMLINK_INSTALL=1 -DCMAKE_INSTALL_PREFIX=/home/duong/kaia_ws/install/makerspet_mini
[2.389s] DEBUG:colcon.colcon_core.event_handler.log_command:Invoking command in '/home/duong/kaia_ws/build/makerspet_mini': CMAKE_PREFIX_PATH=${CMAKE_PREFIX_PATH}:/home/duong/kaia_ws/install/kaiaai:/opt/ros/iron /usr/bin/cmake --build /home/duong/kaia_ws/build/makerspet_mini -- -j12 -l12
[2.389s] DEBUG:colcon.colcon_core.event_handler.log_command:Invoked command in '/home/duong/kaia_ws/build/makerspet_snoopy' returned '0': CMAKE_PREFIX_PATH=${CMAKE_PREFIX_PATH}:/home/duong/kaia_ws/install/kaiaai:/opt/ros/iron /usr/bin/cmake /home/duong/kaia_ws/src/makerspet_snoopy -DAMENT_CMAKE_SYMLINK_INSTALL=1 -DCMAKE_INSTALL_PREFIX=/home/duong/kaia_ws/install/makerspet_snoopy
[2.390s] DEBUG:colcon.colcon_core.event_handler.log_command:Invoking command in '/home/duong/kaia_ws/build/makerspet_snoopy': CMAKE_PREFIX_PATH=${CMAKE_PREFIX_PATH}:/home/duong/kaia_ws/install/kaiaai:/opt/ros/iron /usr/bin/cmake --build /home/duong/kaia_ws/build/makerspet_snoopy -- -j12 -l12
[2.455s] DEBUG:colcon.colcon_core.event_handler.log_command:Invoked command in '/home/duong/kaia_ws/build/makerspet_loki' returned '0': CMAKE_PREFIX_PATH=${CMAKE_PREFIX_PATH}:/home/duong/kaia_ws/install/kaiaai:/opt/ros/iron /usr/bin/cmake --build /home/duong/kaia_ws/build/makerspet_loki -- -j12 -l12
[2.479s] DEBUG:colcon.colcon_core.event_handler.log_command:Invoking command in '/home/duong/kaia_ws/build/makerspet_loki': CMAKE_PREFIX_PATH=${CMAKE_PREFIX_PATH}:/home/duong/kaia_ws/install/kaiaai:/opt/ros/iron /usr/bin/cmake --install /home/duong/kaia_ws/build/makerspet_loki
[2.484s] DEBUG:colcon.colcon_core.event_handler.log_command:Invoked command in '/home/duong/kaia_ws/build/makerspet_snoopy' returned '0': CMAKE_PREFIX_PATH=${CMAKE_PREFIX_PATH}:/home/duong/kaia_ws/install/kaiaai:/opt/ros/iron /usr/bin/cmake --build /home/duong/kaia_ws/build/makerspet_snoopy -- -j12 -l12
[2.485s] DEBUG:colcon.colcon_core.event_handler.log_command:Invoking command in '/home/duong/kaia_ws/build/makerspet_snoopy': CMAKE_PREFIX_PATH=${CMAKE_PREFIX_PATH}:/home/duong/kaia_ws/install/kaiaai:/opt/ros/iron /usr/bin/cmake --install /home/duong/kaia_ws/build/makerspet_snoopy
[2.490s] DEBUG:colcon.colcon_core.event_handler.log_command:Invoked command in '/home/duong/kaia_ws/build/makerspet_mini' returned '0': CMAKE_PREFIX_PATH=${CMAKE_PREFIX_PATH}:/home/duong/kaia_ws/install/kaiaai:/opt/ros/iron /usr/bin/cmake --build /home/duong/kaia_ws/build/makerspet_mini -- -j12 -l12
[2.491s] DEBUG:colcon.colcon_core.event_handler.log_command:Invoking command in '/home/duong/kaia_ws/build/makerspet_mini': CMAKE_PREFIX_PATH=${CMAKE_PREFIX_PATH}:/home/duong/kaia_ws/install/kaiaai:/opt/ros/iron /usr/bin/cmake --install /home/duong/kaia_ws/build/makerspet_mini
[3.256s] DEBUG:colcon.colcon_core.event_handler.log_command:Invoking command in '/home/duong/kaia_ws/build/kaiaai': PYTHONPATH=/home/duong/kaia_ws/build/kaiaai/prefix_override:/usr/lib/python3/dist-packages/colcon_core/task/python/colcon_distutils_commands:/home/duong/kaia_ws/install/kaiaai/lib/python3.10/site-packages:${PYTHONPATH} /usr/bin/python3 -W ignore:setup.py install is deprecated -W ignore:easy_install command is deprecated setup.py develop --editable --build-directory /home/duong/kaia_ws/build/kaiaai/build --no-deps symlink_data
[3.265s] DEBUG:colcon.colcon_core.event_handler.log_command:Invoking command in '/home/duong/kaia_ws/build/nav2_wfd': PYTHONPATH=/home/duong/kaia_ws/build/nav2_wfd/prefix_override:/usr/lib/python3/dist-packages/colcon_core/task/python/colcon_distutils_commands:/home/duong/kaia_ws/install/nav2_wfd/lib/python3.10/site-packages:${PYTHONPATH} /usr/bin/python3 -W ignore:setup.py install is deprecated -W ignore:easy_install command is deprecated setup.py develop --editable --build-directory /home/duong/kaia_ws/build/nav2_wfd/build --no-deps symlink_data
[3.273s] DEBUG:colcon.colcon_core.event_handler.log_command:Invoking command in '/home/duong/kaia_ws/build/kaiaai_teleop': PYTHONPATH=/home/duong/kaia_ws/build/kaiaai_teleop/prefix_override:/usr/lib/python3/dist-packages/colcon_core/task/python/colcon_distutils_commands:/home/duong/kaia_ws/install/kaiaai_teleop/lib/python3.10/site-packages:${PYTHONPATH} /usr/bin/python3 -W ignore:setup.py install is deprecated -W ignore:easy_install command is deprecated setup.py develop --editable --build-directory /home/duong/kaia_ws/build/kaiaai_teleop/build --no-deps symlink_data
[3.286s] DEBUG:colcon.colcon_core.event_handler.log_command:Invoking command in '/home/duong/kaia_ws/build/kaiaai_web': PYTHONPATH=/home/duong/kaia_ws/build/kaiaai_web/prefix_override:/usr/lib/python3/dist-packages/colcon_core/task/python/colcon_distutils_commands:/home/duong/kaia_ws/install/kaiaai_web/lib/python3.10/site-packages:${PYTHONPATH} /usr/bin/python3 -W ignore:setup.py install is deprecated -W ignore:easy_install command is deprecated setup.py develop --editable --build-directory /home/duong/kaia_ws/build/kaiaai_web/build --no-deps symlink_data
[3.310s] DEBUG:colcon.colcon_core.event_handler.log_command:Invoking command in '/home/duong/kaia_ws/build/kaiaai_apps': PYTHONPATH=/home/duong/kaia_ws/build/kaiaai_apps/prefix_override:/usr/lib/python3/dist-packages/colcon_core/task/python/colcon_distutils_commands:/home/duong/kaia_ws/install/kaiaai_apps/lib/python3.10/site-packages:${PYTHONPATH} /usr/bin/python3 -W ignore:setup.py install is deprecated -W ignore:easy_install command is deprecated setup.py develop --editable --build-directory /home/duong/kaia_ws/build/kaiaai_apps/build --no-deps symlink_data
[3.438s] DEBUG:colcon.colcon_core.event_handler.log_command:Invoked command in '/home/duong/kaia_ws/build/makerspet_fido' returned '0': CMAKE_PREFIX_PATH=${CMAKE_PREFIX_PATH}:/home/duong/kaia_ws/install/kaiaai:/opt/ros/iron /usr/bin/cmake /home/duong/kaia_ws/src/makerspet_fido -DAMENT_CMAKE_SYMLINK_INSTALL=1 -DCMAKE_INSTALL_PREFIX=/home/duong/kaia_ws/install/makerspet_fido
[3.441s] DEBUG:colcon.colcon_core.event_handler.log_command:Invoking command in '/home/duong/kaia_ws/build/makerspet_fido': CMAKE_PREFIX_PATH=${CMAKE_PREFIX_PATH}:/home/duong/kaia_ws/install/kaiaai:/opt/ros/iron /usr/bin/cmake --build /home/duong/kaia_ws/build/makerspet_fido -- -j12 -l12
[3.471s] Level 1:colcon.colcon_core.environment:create_environment_scripts_only(makerspet_loki)
[3.472s] DEBUG:colcon.colcon_core.event_handler.log_command:Invoked command in '/home/duong/kaia_ws/build/makerspet_loki' returned '0': CMAKE_PREFIX_PATH=${CMAKE_PREFIX_PATH}:/home/duong/kaia_ws/install/kaiaai:/opt/ros/iron /usr/bin/cmake --install /home/duong/kaia_ws/build/makerspet_loki
[3.480s] Level 1:colcon.colcon_core.environment:checking '/home/duong/kaia_ws/install/makerspet_loki' for CMake module files
[3.484s] Level 1:colcon.colcon_core.environment:checking '/home/duong/kaia_ws/install/makerspet_loki' for CMake config files
[3.486s] Level 1:colcon.colcon_core.shell:create_environment_hook('makerspet_loki', 'cmake_prefix_path')
[3.488s] INFO:colcon.colcon_core.shell:Creating environment hook '/home/duong/kaia_ws/install/makerspet_loki/share/makerspet_loki/hook/cmake_prefix_path.ps1'
[3.489s] INFO:colcon.colcon_core.shell:Creating environment descriptor '/home/duong/kaia_ws/install/makerspet_loki/share/makerspet_loki/hook/cmake_prefix_path.dsv'
[3.490s] INFO:colcon.colcon_core.shell:Creating environment hook '/home/duong/kaia_ws/install/makerspet_loki/share/makerspet_loki/hook/cmake_prefix_path.sh'
[3.491s] Level 1:colcon.colcon_core.environment:checking '/home/duong/kaia_ws/install/makerspet_loki/bin'
[3.495s] Level 1:colcon.colcon_core.environment:checking '/home/duong/kaia_ws/install/makerspet_loki/lib/pkgconfig/makerspet_loki.pc'
[3.496s] Level 1:colcon.colcon_core.environment:checking '/home/duong/kaia_ws/install/makerspet_loki/lib/python3.10/site-packages'
[3.498s] Level 1:colcon.colcon_core.environment:checking '/home/duong/kaia_ws/install/makerspet_loki/bin'
[3.499s] INFO:colcon.colcon_core.shell:Creating package script '/home/duong/kaia_ws/install/makerspet_loki/share/makerspet_loki/package.ps1'
[3.503s] INFO:colcon.colcon_core.shell:Creating package descriptor '/home/duong/kaia_ws/install/makerspet_loki/share/makerspet_loki/package.dsv'
[3.504s] INFO:colcon.colcon_core.shell:Creating package script '/home/duong/kaia_ws/install/makerspet_loki/share/makerspet_loki/package.sh'
[3.506s] INFO:colcon.colcon_core.shell:Creating package script '/home/duong/kaia_ws/install/makerspet_loki/share/makerspet_loki/package.bash'
[3.513s] INFO:colcon.colcon_core.shell:Creating package script '/home/duong/kaia_ws/install/makerspet_loki/share/makerspet_loki/package.zsh'
[3.514s] Level 1:colcon.colcon_core.environment:create_file_with_runtime_dependencies(/home/duong/kaia_ws/install/makerspet_loki/share/colcon-core/packages/makerspet_loki)
[3.516s] Level 1:colcon.colcon_core.environment:create_environment_scripts_only(makerspet_loki)
[3.517s] Level 1:colcon.colcon_core.environment:checking '/home/duong/kaia_ws/install/makerspet_loki' for CMake module files
[3.520s] Level 1:colcon.colcon_core.environment:checking '/home/duong/kaia_ws/install/makerspet_loki' for CMake config files
[3.521s] Level 1:colcon.colcon_core.shell:create_environment_hook('makerspet_loki', 'cmake_prefix_path')
[3.522s] INFO:colcon.colcon_core.shell:Creating environment hook '/home/duong/kaia_ws/install/makerspet_loki/share/makerspet_loki/hook/cmake_prefix_path.ps1'
[3.523s] INFO:colcon.colcon_core.shell:Creating environment descriptor '/home/duong/kaia_ws/install/makerspet_loki/share/makerspet_loki/hook/cmake_prefix_path.dsv'
[3.524s] INFO:colcon.colcon_core.shell:Creating environment hook '/home/duong/kaia_ws/install/makerspet_loki/share/makerspet_loki/hook/cmake_prefix_path.sh'
[3.529s] Level 1:colcon.colcon_core.environment:checking '/home/duong/kaia_ws/install/makerspet_loki/bin'
[3.529s] Level 1:colcon.colcon_core.environment:checking '/home/duong/kaia_ws/install/makerspet_loki/lib/pkgconfig/makerspet_loki.pc'
[3.530s] Level 1:colcon.colcon_core.environment:checking '/home/duong/kaia_ws/install/makerspet_loki/lib/python3.10/site-packages'
[3.531s] Level 1:colcon.colcon_core.environment:checking '/home/duong/kaia_ws/install/makerspet_loki/bin'
[3.532s] INFO:colcon.colcon_core.shell:Creating package script '/home/duong/kaia_ws/install/makerspet_loki/share/makerspet_loki/package.ps1'
[3.535s] INFO:colcon.colcon_core.shell:Creating package descriptor '/home/duong/kaia_ws/install/makerspet_loki/share/makerspet_loki/package.dsv'
[3.536s] INFO:colcon.colcon_core.shell:Creating package script '/home/duong/kaia_ws/install/makerspet_loki/share/makerspet_loki/package.sh'
[3.537s] INFO:colcon.colcon_core.shell:Creating package script '/home/duong/kaia_ws/install/makerspet_loki/share/makerspet_loki/package.bash'
[3.538s] INFO:colcon.colcon_core.shell:Creating package script '/home/duong/kaia_ws/install/makerspet_loki/share/makerspet_loki/package.zsh'
[3.540s] Level 1:colcon.colcon_core.environment:create_file_with_runtime_dependencies(/home/duong/kaia_ws/install/makerspet_loki/share/colcon-core/packages/makerspet_loki)
[3.551s] DEBUG:colcon.colcon_core.event_handler.log_command:Invoked command in '/home/duong/kaia_ws/build/makerspet_fido' returned '0': CMAKE_PREFIX_PATH=${CMAKE_PREFIX_PATH}:/home/duong/kaia_ws/install/kaiaai:/opt/ros/iron /usr/bin/cmake --build /home/duong/kaia_ws/build/makerspet_fido -- -j12 -l12
[3.555s] DEBUG:colcon.colcon_core.event_handler.log_command:Invoking command in '/home/duong/kaia_ws/build/makerspet_fido': CMAKE_PREFIX_PATH=${CMAKE_PREFIX_PATH}:/home/duong/kaia_ws/install/kaiaai:/opt/ros/iron /usr/bin/cmake --install /home/duong/kaia_ws/build/makerspet_fido
[3.572s] Level 1:colcon.colcon_core.environment:create_environment_scripts_only(makerspet_mini)
[3.573s] Level 1:colcon.colcon_core.environment:checking '/home/duong/kaia_ws/install/makerspet_mini' for CMake module files
[3.574s] Level 1:colcon.colcon_core.environment:checking '/home/duong/kaia_ws/install/makerspet_mini' for CMake config files
[3.576s] DEBUG:colcon.colcon_core.event_handler.log_command:Invoked command in '/home/duong/kaia_ws/build/makerspet_mini' returned '0': CMAKE_PREFIX_PATH=${CMAKE_PREFIX_PATH}:/home/duong/kaia_ws/install/kaiaai:/opt/ros/iron /usr/bin/cmake --install /home/duong/kaia_ws/build/makerspet_mini
[3.577s] Level 1:colcon.colcon_core.shell:create_environment_hook('makerspet_mini', 'cmake_prefix_path')
[3.578s] INFO:colcon.colcon_core.shell:Creating environment hook '/home/duong/kaia_ws/install/makerspet_mini/share/makerspet_mini/hook/cmake_prefix_path.ps1'
[3.579s] INFO:colcon.colcon_core.shell:Creating environment descriptor '/home/duong/kaia_ws/install/makerspet_mini/share/makerspet_mini/hook/cmake_prefix_path.dsv'
[3.580s] INFO:colcon.colcon_core.shell:Creating environment hook '/home/duong/kaia_ws/install/makerspet_mini/share/makerspet_mini/hook/cmake_prefix_path.sh'
[3.581s] Level 1:colcon.colcon_core.environment:checking '/home/duong/kaia_ws/install/makerspet_mini/bin'
[3.581s] Level 1:colcon.colcon_core.environment:checking '/home/duong/kaia_ws/install/makerspet_mini/lib/pkgconfig/makerspet_mini.pc'
[3.582s] Level 1:colcon.colcon_core.environment:checking '/home/duong/kaia_ws/install/makerspet_mini/lib/python3.10/site-packages'
[3.583s] Level 1:colcon.colcon_core.environment:checking '/home/duong/kaia_ws/install/makerspet_mini/bin'
[3.584s] INFO:colcon.colcon_core.shell:Creating package script '/home/duong/kaia_ws/install/makerspet_mini/share/makerspet_mini/package.ps1'
[3.585s] INFO:colcon.colcon_core.shell:Creating package descriptor '/home/duong/kaia_ws/install/makerspet_mini/share/makerspet_mini/package.dsv'
[3.586s] INFO:colcon.colcon_core.shell:Creating package script '/home/duong/kaia_ws/install/makerspet_mini/share/makerspet_mini/package.sh'
[3.587s] INFO:colcon.colcon_core.shell:Creating package script '/home/duong/kaia_ws/install/makerspet_mini/share/makerspet_mini/package.bash'
[3.588s] INFO:colcon.colcon_core.shell:Creating package script '/home/duong/kaia_ws/install/makerspet_mini/share/makerspet_mini/package.zsh'
[3.589s] Level 1:colcon.colcon_core.environment:create_file_with_runtime_dependencies(/home/duong/kaia_ws/install/makerspet_mini/share/colcon-core/packages/makerspet_mini)
[3.591s] Level 1:colcon.colcon_core.environment:create_environment_scripts_only(makerspet_mini)
[3.591s] Level 1:colcon.colcon_core.environment:checking '/home/duong/kaia_ws/install/makerspet_mini' for CMake module files
[3.593s] Level 1:colcon.colcon_core.environment:checking '/home/duong/kaia_ws/install/makerspet_mini' for CMake config files
[3.594s] Level 1:colcon.colcon_core.shell:create_environment_hook('makerspet_mini', 'cmake_prefix_path')
[3.595s] INFO:colcon.colcon_core.shell:Creating environment hook '/home/duong/kaia_ws/install/makerspet_mini/share/makerspet_mini/hook/cmake_prefix_path.ps1'
[3.596s] INFO:colcon.colcon_core.shell:Creating environment descriptor '/home/duong/kaia_ws/install/makerspet_mini/share/makerspet_mini/hook/cmake_prefix_path.dsv'
[3.597s] INFO:colcon.colcon_core.shell:Creating environment hook '/home/duong/kaia_ws/install/makerspet_mini/share/makerspet_mini/hook/cmake_prefix_path.sh'
[3.599s] Level 1:colcon.colcon_core.environment:checking '/home/duong/kaia_ws/install/makerspet_mini/bin'
[3.599s] Level 1:colcon.colcon_core.environment:checking '/home/duong/kaia_ws/install/makerspet_mini/lib/pkgconfig/makerspet_mini.pc'
[3.599s] Level 1:colcon.colcon_core.environment:checking '/home/duong/kaia_ws/install/makerspet_mini/lib/python3.10/site-packages'
[3.600s] Level 1:colcon.colcon_core.environment:checking '/home/duong/kaia_ws/install/makerspet_mini/bin'
[3.601s] INFO:colcon.colcon_core.shell:Creating package script '/home/duong/kaia_ws/install/makerspet_mini/share/makerspet_mini/package.ps1'
[3.603s] INFO:colcon.colcon_core.shell:Creating package descriptor '/home/duong/kaia_ws/install/makerspet_mini/share/makerspet_mini/package.dsv'
[3.604s] INFO:colcon.colcon_core.shell:Creating package script '/home/duong/kaia_ws/install/makerspet_mini/share/makerspet_mini/package.sh'
[3.605s] INFO:colcon.colcon_core.shell:Creating package script '/home/duong/kaia_ws/install/makerspet_mini/share/makerspet_mini/package.bash'
[3.606s] INFO:colcon.colcon_core.shell:Creating package script '/home/duong/kaia_ws/install/makerspet_mini/share/makerspet_mini/package.zsh'
[3.608s] Level 1:colcon.colcon_core.environment:create_file_with_runtime_dependencies(/home/duong/kaia_ws/install/makerspet_mini/share/colcon-core/packages/makerspet_mini)
[3.773s] Level 1:colcon.colcon_core.environment:create_environment_scripts_only(makerspet_snoopy)
[3.774s] Level 1:colcon.colcon_core.environment:checking '/home/duong/kaia_ws/install/makerspet_snoopy' for CMake module files
[3.775s] DEBUG:colcon.colcon_core.event_handler.log_command:Invoked command in '/home/duong/kaia_ws/build/makerspet_snoopy' returned '0': CMAKE_PREFIX_PATH=${CMAKE_PREFIX_PATH}:/home/duong/kaia_ws/install/kaiaai:/opt/ros/iron /usr/bin/cmake --install /home/duong/kaia_ws/build/makerspet_snoopy
[3.777s] Level 1:colcon.colcon_core.environment:checking '/home/duong/kaia_ws/install/makerspet_snoopy' for CMake config files
[3.779s] Level 1:colcon.colcon_core.shell:create_environment_hook('makerspet_snoopy', 'cmake_prefix_path')
[3.779s] INFO:colcon.colcon_core.shell:Creating environment hook '/home/duong/kaia_ws/install/makerspet_snoopy/share/makerspet_snoopy/hook/cmake_prefix_path.ps1'
[3.780s] INFO:colcon.colcon_core.shell:Creating environment descriptor '/home/duong/kaia_ws/install/makerspet_snoopy/share/makerspet_snoopy/hook/cmake_prefix_path.dsv'
[3.781s] INFO:colcon.colcon_core.shell:Creating environment hook '/home/duong/kaia_ws/install/makerspet_snoopy/share/makerspet_snoopy/hook/cmake_prefix_path.sh'
[3.782s] Level 1:colcon.colcon_core.environment:checking '/home/duong/kaia_ws/install/makerspet_snoopy/bin'
[3.782s] Level 1:colcon.colcon_core.environment:checking '/home/duong/kaia_ws/install/makerspet_snoopy/lib/pkgconfig/makerspet_snoopy.pc'
[3.782s] Level 1:colcon.colcon_core.environment:checking '/home/duong/kaia_ws/install/makerspet_snoopy/lib/python3.10/site-packages'
[3.783s] Level 1:colcon.colcon_core.environment:checking '/home/duong/kaia_ws/install/makerspet_snoopy/bin'
[3.783s] INFO:colcon.colcon_core.shell:Creating package script '/home/duong/kaia_ws/install/makerspet_snoopy/share/makerspet_snoopy/package.ps1'
[3.784s] INFO:colcon.colcon_core.shell:Creating package descriptor '/home/duong/kaia_ws/install/makerspet_snoopy/share/makerspet_snoopy/package.dsv'
[3.785s] INFO:colcon.colcon_core.shell:Creating package script '/home/duong/kaia_ws/install/makerspet_snoopy/share/makerspet_snoopy/package.sh'
[3.785s] INFO:colcon.colcon_core.shell:Creating package script '/home/duong/kaia_ws/install/makerspet_snoopy/share/makerspet_snoopy/package.bash'
[3.786s] INFO:colcon.colcon_core.shell:Creating package script '/home/duong/kaia_ws/install/makerspet_snoopy/share/makerspet_snoopy/package.zsh'
[3.786s] Level 1:colcon.colcon_core.environment:create_file_with_runtime_dependencies(/home/duong/kaia_ws/install/makerspet_snoopy/share/colcon-core/packages/makerspet_snoopy)
[3.787s] Level 1:colcon.colcon_core.environment:create_environment_scripts_only(makerspet_snoopy)
[3.788s] Level 1:colcon.colcon_core.environment:checking '/home/duong/kaia_ws/install/makerspet_snoopy' for CMake module files
[3.788s] Level 1:colcon.colcon_core.environment:checking '/home/duong/kaia_ws/install/makerspet_snoopy' for CMake config files
[3.789s] Level 1:colcon.colcon_core.shell:create_environment_hook('makerspet_snoopy', 'cmake_prefix_path')
[3.790s] INFO:colcon.colcon_core.shell:Creating environment hook '/home/duong/kaia_ws/install/makerspet_snoopy/share/makerspet_snoopy/hook/cmake_prefix_path.ps1'
[3.791s] INFO:colcon.colcon_core.shell:Creating environment descriptor '/home/duong/kaia_ws/install/makerspet_snoopy/share/makerspet_snoopy/hook/cmake_prefix_path.dsv'
[3.791s] INFO:colcon.colcon_core.shell:Creating environment hook '/home/duong/kaia_ws/install/makerspet_snoopy/share/makerspet_snoopy/hook/cmake_prefix_path.sh'
[3.793s] Level 1:colcon.colcon_core.environment:checking '/home/duong/kaia_ws/install/makerspet_snoopy/bin'
[3.793s] Level 1:colcon.colcon_core.environment:checking '/home/duong/kaia_ws/install/makerspet_snoopy/lib/pkgconfig/makerspet_snoopy.pc'
[3.793s] Level 1:colcon.colcon_core.environment:checking '/home/duong/kaia_ws/install/makerspet_snoopy/lib/python3.10/site-packages'
[3.794s] Level 1:colcon.colcon_core.environment:checking '/home/duong/kaia_ws/install/makerspet_snoopy/bin'
[3.795s] INFO:colcon.colcon_core.shell:Creating package script '/home/duong/kaia_ws/install/makerspet_snoopy/share/makerspet_snoopy/package.ps1'
[3.796s] INFO:colcon.colcon_core.shell:Creating package descriptor '/home/duong/kaia_ws/install/makerspet_snoopy/share/makerspet_snoopy/package.dsv'
[3.798s] INFO:colcon.colcon_core.shell:Creating package script '/home/duong/kaia_ws/install/makerspet_snoopy/share/makerspet_snoopy/package.sh'
[3.799s] INFO:colcon.colcon_core.shell:Creating package script '/home/duong/kaia_ws/install/makerspet_snoopy/share/makerspet_snoopy/package.bash'
[3.799s] INFO:colcon.colcon_core.shell:Creating package script '/home/duong/kaia_ws/install/makerspet_snoopy/share/makerspet_snoopy/package.zsh'
[3.800s] Level 1:colcon.colcon_core.environment:create_file_with_runtime_dependencies(/home/duong/kaia_ws/install/makerspet_snoopy/share/colcon-core/packages/makerspet_snoopy)
[4.283s] Level 1:colcon.colcon_core.shell:create_environment_hook('nav2_wfd', 'pythonpath_develop')
[4.283s] INFO:colcon.colcon_core.shell:Creating environment hook '/home/duong/kaia_ws/build/nav2_wfd/share/nav2_wfd/hook/pythonpath_develop.ps1'
[4.285s] DEBUG:colcon.colcon_core.event_handler.log_command:Invoked command in '/home/duong/kaia_ws/build/nav2_wfd' returned '0': PYTHONPATH=/home/duong/kaia_ws/build/nav2_wfd/prefix_override:/usr/lib/python3/dist-packages/colcon_core/task/python/colcon_distutils_commands:/home/duong/kaia_ws/install/nav2_wfd/lib/python3.10/site-packages:${PYTHONPATH} /usr/bin/python3 -W ignore:setup.py install is deprecated -W ignore:easy_install command is deprecated setup.py develop --editable --build-directory /home/duong/kaia_ws/build/nav2_wfd/build --no-deps symlink_data
[4.285s] INFO:colcon.colcon_core.shell:Creating environment descriptor '/home/duong/kaia_ws/build/nav2_wfd/share/nav2_wfd/hook/pythonpath_develop.dsv'
[4.286s] INFO:colcon.colcon_core.shell:Creating environment hook '/home/duong/kaia_ws/build/nav2_wfd/share/nav2_wfd/hook/pythonpath_develop.sh'
[4.287s] Level 1:colcon.colcon_core.environment:checking '/home/duong/kaia_ws/install/nav2_wfd' for CMake module files
[4.288s] Level 1:colcon.colcon_core.environment:checking '/home/duong/kaia_ws/install/nav2_wfd' for CMake config files
[4.288s] Level 1:colcon.colcon_core.environment:checking '/home/duong/kaia_ws/install/nav2_wfd/lib'
[4.289s] Level 1:colcon.colcon_core.environment:checking '/home/duong/kaia_ws/install/nav2_wfd/bin'
[4.289s] Level 1:colcon.colcon_core.environment:checking '/home/duong/kaia_ws/install/nav2_wfd/lib/pkgconfig/nav2_wfd.pc'
[4.289s] Level 1:colcon.colcon_core.environment:checking '/home/duong/kaia_ws/install/nav2_wfd/lib/python3.10/site-packages'
[4.289s] Level 1:colcon.colcon_core.shell:create_environment_hook('nav2_wfd', 'pythonpath')
[4.289s] INFO:colcon.colcon_core.shell:Creating environment hook '/home/duong/kaia_ws/install/nav2_wfd/share/nav2_wfd/hook/pythonpath.ps1'
[4.290s] INFO:colcon.colcon_core.shell:Creating environment descriptor '/home/duong/kaia_ws/install/nav2_wfd/share/nav2_wfd/hook/pythonpath.dsv'
[4.290s] INFO:colcon.colcon_core.shell:Creating environment hook '/home/duong/kaia_ws/install/nav2_wfd/share/nav2_wfd/hook/pythonpath.sh'
[4.291s] Level 1:colcon.colcon_core.environment:checking '/home/duong/kaia_ws/install/nav2_wfd/bin'
[4.292s] Level 1:colcon.colcon_core.environment:create_environment_scripts_only(nav2_wfd)
[4.292s] INFO:colcon.colcon_core.shell:Creating package script '/home/duong/kaia_ws/install/nav2_wfd/share/nav2_wfd/package.ps1'
[4.294s] INFO:colcon.colcon_core.shell:Creating package descriptor '/home/duong/kaia_ws/install/nav2_wfd/share/nav2_wfd/package.dsv'
[4.295s] INFO:colcon.colcon_core.shell:Creating package script '/home/duong/kaia_ws/install/nav2_wfd/share/nav2_wfd/package.sh'
[4.296s] INFO:colcon.colcon_core.shell:Creating package script '/home/duong/kaia_ws/install/nav2_wfd/share/nav2_wfd/package.bash'
[4.297s] INFO:colcon.colcon_core.shell:Creating package script '/home/duong/kaia_ws/install/nav2_wfd/share/nav2_wfd/package.zsh'
[4.297s] Level 1:colcon.colcon_core.environment:create_file_with_runtime_dependencies(/home/duong/kaia_ws/install/nav2_wfd/share/colcon-core/packages/nav2_wfd)
[4.304s] Level 1:colcon.colcon_core.environment:create_environment_scripts_only(makerspet_fido)
[4.305s] Level 1:colcon.colcon_core.environment:checking '/home/duong/kaia_ws/install/makerspet_fido' for CMake module files
[4.306s] DEBUG:colcon.colcon_core.event_handler.log_command:Invoked command in '/home/duong/kaia_ws/build/makerspet_fido' returned '0': CMAKE_PREFIX_PATH=${CMAKE_PREFIX_PATH}:/home/duong/kaia_ws/install/kaiaai:/opt/ros/iron /usr/bin/cmake --install /home/duong/kaia_ws/build/makerspet_fido
[4.307s] Level 1:colcon.colcon_core.environment:checking '/home/duong/kaia_ws/install/makerspet_fido' for CMake config files
[4.307s] Level 1:colcon.colcon_core.shell:create_environment_hook('makerspet_fido', 'cmake_prefix_path')
[4.308s] INFO:colcon.colcon_core.shell:Creating environment hook '/home/duong/kaia_ws/install/makerspet_fido/share/makerspet_fido/hook/cmake_prefix_path.ps1'
[4.308s] INFO:colcon.colcon_core.shell:Creating environment descriptor '/home/duong/kaia_ws/install/makerspet_fido/share/makerspet_fido/hook/cmake_prefix_path.dsv'
[4.309s] INFO:colcon.colcon_core.shell:Creating environment hook '/home/duong/kaia_ws/install/makerspet_fido/share/makerspet_fido/hook/cmake_prefix_path.sh'
[4.310s] Level 1:colcon.colcon_core.environment:checking '/home/duong/kaia_ws/install/makerspet_fido/bin'
[4.311s] Level 1:colcon.colcon_core.environment:checking '/home/duong/kaia_ws/install/makerspet_fido/lib/pkgconfig/makerspet_fido.pc'
[4.311s] Level 1:colcon.colcon_core.environment:checking '/home/duong/kaia_ws/install/makerspet_fido/lib/python3.10/site-packages'
[4.312s] Level 1:colcon.colcon_core.environment:checking '/home/duong/kaia_ws/install/makerspet_fido/bin'
[4.313s] INFO:colcon.colcon_core.shell:Creating package script '/home/duong/kaia_ws/install/makerspet_fido/share/makerspet_fido/package.ps1'
[4.313s] INFO:colcon.colcon_core.shell:Creating package descriptor '/home/duong/kaia_ws/install/makerspet_fido/share/makerspet_fido/package.dsv'
[4.314s] INFO:colcon.colcon_core.shell:Creating package script '/home/duong/kaia_ws/install/makerspet_fido/share/makerspet_fido/package.sh'
[4.314s] INFO:colcon.colcon_core.shell:Creating package script '/home/duong/kaia_ws/install/makerspet_fido/share/makerspet_fido/package.bash'
[4.315s] INFO:colcon.colcon_core.shell:Creating package script '/home/duong/kaia_ws/install/makerspet_fido/share/makerspet_fido/package.zsh'
[4.315s] Level 1:colcon.colcon_core.environment:create_file_with_runtime_dependencies(/home/duong/kaia_ws/install/makerspet_fido/share/colcon-core/packages/makerspet_fido)
[4.316s] Level 1:colcon.colcon_core.environment:create_environment_scripts_only(makerspet_fido)
[4.316s] Level 1:colcon.colcon_core.environment:checking '/home/duong/kaia_ws/install/makerspet_fido' for CMake module files
[4.317s] Level 1:colcon.colcon_core.environment:checking '/home/duong/kaia_ws/install/makerspet_fido' for CMake config files
[4.317s] Level 1:colcon.colcon_core.shell:create_environment_hook('makerspet_fido', 'cmake_prefix_path')
[4.318s] INFO:colcon.colcon_core.shell:Creating environment hook '/home/duong/kaia_ws/install/makerspet_fido/share/makerspet_fido/hook/cmake_prefix_path.ps1'
[4.318s] INFO:colcon.colcon_core.shell:Creating environment descriptor '/home/duong/kaia_ws/install/makerspet_fido/share/makerspet_fido/hook/cmake_prefix_path.dsv'
[4.319s] INFO:colcon.colcon_core.shell:Creating environment hook '/home/duong/kaia_ws/install/makerspet_fido/share/makerspet_fido/hook/cmake_prefix_path.sh'
[4.319s] Level 1:colcon.colcon_core.environment:checking '/home/duong/kaia_ws/install/makerspet_fido/bin'
[4.319s] Level 1:colcon.colcon_core.environment:checking '/home/duong/kaia_ws/install/makerspet_fido/lib/pkgconfig/makerspet_fido.pc'
[4.320s] Level 1:colcon.colcon_core.environment:checking '/home/duong/kaia_ws/install/makerspet_fido/lib/python3.10/site-packages'
[4.320s] Level 1:colcon.colcon_core.environment:checking '/home/duong/kaia_ws/install/makerspet_fido/bin'
[4.320s] INFO:colcon.colcon_core.shell:Creating package script '/home/duong/kaia_ws/install/makerspet_fido/share/makerspet_fido/package.ps1'
[4.321s] INFO:colcon.colcon_core.shell:Creating package descriptor '/home/duong/kaia_ws/install/makerspet_fido/share/makerspet_fido/package.dsv'
[4.322s] INFO:colcon.colcon_core.shell:Creating package script '/home/duong/kaia_ws/install/makerspet_fido/share/makerspet_fido/package.sh'
[4.322s] INFO:colcon.colcon_core.shell:Creating package script '/home/duong/kaia_ws/install/makerspet_fido/share/makerspet_fido/package.bash'
[4.323s] INFO:colcon.colcon_core.shell:Creating package script '/home/duong/kaia_ws/install/makerspet_fido/share/makerspet_fido/package.zsh'
[4.323s] Level 1:colcon.colcon_core.environment:create_file_with_runtime_dependencies(/home/duong/kaia_ws/install/makerspet_fido/share/colcon-core/packages/makerspet_fido)
[4.324s] Level 1:colcon.colcon_core.shell:create_environment_hook('kaiaai_teleop', 'pythonpath_develop')
[4.324s] INFO:colcon.colcon_core.shell:Creating environment hook '/home/duong/kaia_ws/build/kaiaai_teleop/share/kaiaai_teleop/hook/pythonpath_develop.ps1'
[4.326s] DEBUG:colcon.colcon_core.event_handler.log_command:Invoked command in '/home/duong/kaia_ws/build/kaiaai_teleop' returned '0': PYTHONPATH=/home/duong/kaia_ws/build/kaiaai_teleop/prefix_override:/usr/lib/python3/dist-packages/colcon_core/task/python/colcon_distutils_commands:/home/duong/kaia_ws/install/kaiaai_teleop/lib/python3.10/site-packages:${PYTHONPATH} /usr/bin/python3 -W ignore:setup.py install is deprecated -W ignore:easy_install command is deprecated setup.py develop --editable --build-directory /home/duong/kaia_ws/build/kaiaai_teleop/build --no-deps symlink_data
[4.326s] INFO:colcon.colcon_core.shell:Creating environment descriptor '/home/duong/kaia_ws/build/kaiaai_teleop/share/kaiaai_teleop/hook/pythonpath_develop.dsv'
[4.327s] INFO:colcon.colcon_core.shell:Creating environment hook '/home/duong/kaia_ws/build/kaiaai_teleop/share/kaiaai_teleop/hook/pythonpath_develop.sh'
[4.328s] Level 1:colcon.colcon_core.environment:checking '/home/duong/kaia_ws/install/kaiaai_teleop' for CMake module files
[4.329s] Level 1:colcon.colcon_core.environment:checking '/home/duong/kaia_ws/install/kaiaai_teleop' for CMake config files
[4.330s] Level 1:colcon.colcon_core.environment:checking '/home/duong/kaia_ws/install/kaiaai_teleop/lib'
[4.330s] Level 1:colcon.colcon_core.environment:checking '/home/duong/kaia_ws/install/kaiaai_teleop/bin'
[4.330s] Level 1:colcon.colcon_core.environment:checking '/home/duong/kaia_ws/install/kaiaai_teleop/lib/pkgconfig/kaiaai_teleop.pc'
[4.330s] Level 1:colcon.colcon_core.environment:checking '/home/duong/kaia_ws/install/kaiaai_teleop/lib/python3.10/site-packages'
[4.331s] Level 1:colcon.colcon_core.shell:create_environment_hook('kaiaai_teleop', 'pythonpath')
[4.331s] INFO:colcon.colcon_core.shell:Creating environment hook '/home/duong/kaia_ws/install/kaiaai_teleop/share/kaiaai_teleop/hook/pythonpath.ps1'
[4.332s] INFO:colcon.colcon_core.shell:Creating environment descriptor '/home/duong/kaia_ws/install/kaiaai_teleop/share/kaiaai_teleop/hook/pythonpath.dsv'
[4.332s] INFO:colcon.colcon_core.shell:Creating environment hook '/home/duong/kaia_ws/install/kaiaai_teleop/share/kaiaai_teleop/hook/pythonpath.sh'
[4.333s] Level 1:colcon.colcon_core.environment:checking '/home/duong/kaia_ws/install/kaiaai_teleop/bin'
[4.333s] Level 1:colcon.colcon_core.environment:create_environment_scripts_only(kaiaai_teleop)
[4.334s] INFO:colcon.colcon_core.shell:Creating package script '/home/duong/kaia_ws/install/kaiaai_teleop/share/kaiaai_teleop/package.ps1'
[4.335s] INFO:colcon.colcon_core.shell:Creating package descriptor '/home/duong/kaia_ws/install/kaiaai_teleop/share/kaiaai_teleop/package.dsv'
[4.336s] INFO:colcon.colcon_core.shell:Creating package script '/home/duong/kaia_ws/install/kaiaai_teleop/share/kaiaai_teleop/package.sh'
[4.336s] INFO:colcon.colcon_core.shell:Creating package script '/home/duong/kaia_ws/install/kaiaai_teleop/share/kaiaai_teleop/package.bash'
[4.337s] INFO:colcon.colcon_core.shell:Creating package script '/home/duong/kaia_ws/install/kaiaai_teleop/share/kaiaai_teleop/package.zsh'
[4.337s] Level 1:colcon.colcon_core.environment:create_file_with_runtime_dependencies(/home/duong/kaia_ws/install/kaiaai_teleop/share/colcon-core/packages/kaiaai_teleop)
[4.340s] DEBUG:colcon.colcon_core.event_handler.log_command:Invoked command in '/home/duong/kaia_ws/build/auto_mapper' returned '1': CMAKE_PREFIX_PATH=${CMAKE_PREFIX_PATH}:/home/duong/kaia_ws/install/kaiaai:/opt/ros/iron /usr/bin/cmake /home/duong/kaia_ws/src/auto_mapper -DAMENT_CMAKE_SYMLINK_INSTALL=1 -DCMAKE_INSTALL_PREFIX=/home/duong/kaia_ws/install/auto_mapper
[4.342s] Level 1:colcon.colcon_core.shell:create_environment_hook('kaiaai', 'pythonpath_develop')
[4.342s] INFO:colcon.colcon_core.shell:Creating environment hook '/home/duong/kaia_ws/build/kaiaai/share/kaiaai/hook/pythonpath_develop.ps1'
[4.344s] DEBUG:colcon.colcon_core.event_handler.log_command:Invoked command in '/home/duong/kaia_ws/build/kaiaai' returned '0': PYTHONPATH=/home/duong/kaia_ws/build/kaiaai/prefix_override:/usr/lib/python3/dist-packages/colcon_core/task/python/colcon_distutils_commands:/home/duong/kaia_ws/install/kaiaai/lib/python3.10/site-packages:${PYTHONPATH} /usr/bin/python3 -W ignore:setup.py install is deprecated -W ignore:easy_install command is deprecated setup.py develop --editable --build-directory /home/duong/kaia_ws/build/kaiaai/build --no-deps symlink_data
[4.344s] INFO:colcon.colcon_core.shell:Creating environment descriptor '/home/duong/kaia_ws/build/kaiaai/share/kaiaai/hook/pythonpath_develop.dsv'
[4.345s] INFO:colcon.colcon_core.shell:Creating environment hook '/home/duong/kaia_ws/build/kaiaai/share/kaiaai/hook/pythonpath_develop.sh'
[4.346s] Level 1:colcon.colcon_core.environment:checking '/home/duong/kaia_ws/install/kaiaai' for CMake module files
[4.346s] Level 1:colcon.colcon_core.environment:checking '/home/duong/kaia_ws/install/kaiaai' for CMake config files
[4.347s] Level 1:colcon.colcon_core.environment:checking '/home/duong/kaia_ws/install/kaiaai/lib'
[4.347s] Level 1:colcon.colcon_core.environment:checking '/home/duong/kaia_ws/install/kaiaai/bin'
[4.347s] Level 1:colcon.colcon_core.environment:checking '/home/duong/kaia_ws/install/kaiaai/lib/pkgconfig/kaiaai.pc'
[4.348s] Level 1:colcon.colcon_core.environment:checking '/home/duong/kaia_ws/install/kaiaai/lib/python3.10/site-packages'
[4.348s] Level 1:colcon.colcon_core.shell:create_environment_hook('kaiaai', 'pythonpath')
[4.348s] INFO:colcon.colcon_core.shell:Creating environment hook '/home/duong/kaia_ws/install/kaiaai/share/kaiaai/hook/pythonpath.ps1'
[4.348s] INFO:colcon.colcon_core.shell:Creating environment descriptor '/home/duong/kaia_ws/install/kaiaai/share/kaiaai/hook/pythonpath.dsv'
[4.349s] INFO:colcon.colcon_core.shell:Creating environment hook '/home/duong/kaia_ws/install/kaiaai/share/kaiaai/hook/pythonpath.sh'
[4.350s] Level 1:colcon.colcon_core.environment:checking '/home/duong/kaia_ws/install/kaiaai/bin'
[4.350s] Level 1:colcon.colcon_core.environment:create_environment_scripts_only(kaiaai)
[4.350s] INFO:colcon.colcon_core.shell:Creating package script '/home/duong/kaia_ws/install/kaiaai/share/kaiaai/package.ps1'
[4.351s] INFO:colcon.colcon_core.shell:Creating package descriptor '/home/duong/kaia_ws/install/kaiaai/share/kaiaai/package.dsv'
[4.352s] INFO:colcon.colcon_core.shell:Creating package script '/home/duong/kaia_ws/install/kaiaai/share/kaiaai/package.sh'
[4.352s] INFO:colcon.colcon_core.shell:Creating package script '/home/duong/kaia_ws/install/kaiaai/share/kaiaai/package.bash'
[4.353s] INFO:colcon.colcon_core.shell:Creating package script '/home/duong/kaia_ws/install/kaiaai/share/kaiaai/package.zsh'
[4.353s] Level 1:colcon.colcon_core.environment:create_file_with_runtime_dependencies(/home/duong/kaia_ws/install/kaiaai/share/colcon-core/packages/kaiaai)
[4.354s] INFO:colcon.colcon_ros.task.ament_cmake.build:Building ROS package in '/home/duong/kaia_ws/src/kaiaai_gazebo' with build type 'ament_cmake'
[4.354s] INFO:colcon.colcon_cmake.task.cmake.build:Building CMake package in '/home/duong/kaia_ws/src/kaiaai_gazebo'
[4.354s] INFO:colcon.colcon_core.shell:Skip shell extension 'powershell' for command environment: Not usable outside of PowerShell
[4.354s] DEBUG:colcon.colcon_core.shell:Skip shell extension 'dsv' for command environment
[4.362s] INFO:colcon.colcon_ros.task.ament_python.build:Building ROS package in '/home/duong/kaia_ws/src/makerspet' with build type 'ament_python'
[4.363s] Level 1:colcon.colcon_core.shell:create_environment_hook('makerspet', 'ament_prefix_path')
[4.363s] INFO:colcon.colcon_core.shell:Creating environment hook '/home/duong/kaia_ws/install/makerspet/share/makerspet/hook/ament_prefix_path.ps1'
[4.364s] INFO:colcon.colcon_core.shell:Creating environment descriptor '/home/duong/kaia_ws/install/makerspet/share/makerspet/hook/ament_prefix_path.dsv'
[4.365s] INFO:colcon.colcon_core.shell:Creating environment hook '/home/duong/kaia_ws/install/makerspet/share/makerspet/hook/ament_prefix_path.sh'
[4.366s] INFO:colcon.colcon_core.shell:Skip shell extension 'powershell' for command environment: Not usable outside of PowerShell
[4.366s] DEBUG:colcon.colcon_core.shell:Skip shell extension 'dsv' for command environment
[4.374s] Level 1:colcon.colcon_core.environment:create_environment_scripts_only(auto_mapper)
[4.374s] Level 1:colcon.colcon_core.environment:checking '/home/duong/kaia_ws/install/auto_mapper' for CMake module files
[4.375s] Level 1:colcon.colcon_core.environment:checking '/home/duong/kaia_ws/install/auto_mapper' for CMake config files
[4.375s] Level 1:colcon.colcon_core.environment:checking '/home/duong/kaia_ws/install/auto_mapper/bin'
[4.376s] Level 1:colcon.colcon_core.environment:checking '/home/duong/kaia_ws/install/auto_mapper/lib/pkgconfig/auto_mapper.pc'
[4.376s] Level 1:colcon.colcon_core.environment:checking '/home/duong/kaia_ws/install/auto_mapper/lib/python3.10/site-packages'
[4.377s] Level 1:colcon.colcon_core.environment:checking '/home/duong/kaia_ws/install/auto_mapper/bin'
[4.377s] INFO:colcon.colcon_core.shell:Creating package script '/home/duong/kaia_ws/install/auto_mapper/share/auto_mapper/package.ps1'
[4.379s] INFO:colcon.colcon_core.shell:Creating package descriptor '/home/duong/kaia_ws/install/auto_mapper/share/auto_mapper/package.dsv'
[4.380s] INFO:colcon.colcon_core.shell:Creating package script '/home/duong/kaia_ws/install/auto_mapper/share/auto_mapper/package.sh'
[4.381s] INFO:colcon.colcon_core.shell:Creating package script '/home/duong/kaia_ws/install/auto_mapper/share/auto_mapper/package.bash'
[4.381s] INFO:colcon.colcon_core.shell:Creating package script '/home/duong/kaia_ws/install/auto_mapper/share/auto_mapper/package.zsh'
[4.382s] Level 1:colcon.colcon_core.environment:create_file_with_runtime_dependencies(/home/duong/kaia_ws/install/auto_mapper/share/colcon-core/packages/auto_mapper)
[4.389s] DEBUG:colcon.colcon_core.event_handler.log_command:Invoking command in '/home/duong/kaia_ws/build/kaiaai_gazebo': AMENT_PREFIX_PATH=/home/duong/kaia_ws/install/kaiaai:/home/duong/kaia_ws/install/kaiaai_bringup:/opt/ros/iron CMAKE_PREFIX_PATH=${CMAKE_PREFIX_PATH}:/home/duong/kaia_ws/install/kaiaai:/opt/ros/iron /usr/bin/cmake /home/duong/kaia_ws/src/kaiaai_gazebo -DAMENT_CMAKE_SYMLINK_INSTALL=1 -DCMAKE_INSTALL_PREFIX=/home/duong/kaia_ws/install/kaiaai_gazebo
[4.683s] DEBUG:colcon.colcon_parallel_executor.executor.parallel:closing loop
[4.683s] DEBUG:colcon.colcon_parallel_executor.executor.parallel:loop closed
[4.683s] DEBUG:colcon.colcon_parallel_executor.executor.parallel:run_until_complete finished with '1'
[4.683s] DEBUG:colcon.colcon_core.event_reactor:joining thread
[4.694s] INFO:colcon.colcon_core.plugin_system:Skipping extension 'colcon_notification.desktop_notification.terminal_notifier': Not used on non-Darwin systems
[4.694s] INFO:colcon.colcon_core.plugin_system:Skipping extension 'colcon_notification.desktop_notification.win32': Not used on non-Windows systems
[4.694s] INFO:colcon.colcon_notification.desktop_notification:Sending desktop notification using 'notify2'
[4.719s] DEBUG:colcon.colcon_core.event_reactor:joined thread
[4.719s] INFO:colcon.colcon_core.shell:Creating prefix script '/home/duong/kaia_ws/install/local_setup.ps1'
[4.721s] INFO:colcon.colcon_core.shell:Creating prefix util module '/home/duong/kaia_ws/install/_local_setup_util_ps1.py'
[4.722s] INFO:colcon.colcon_core.shell:Creating prefix chain script '/home/duong/kaia_ws/install/setup.ps1'
[4.723s] INFO:colcon.colcon_core.shell:Creating prefix script '/home/duong/kaia_ws/install/local_setup.sh'
[4.723s] INFO:colcon.colcon_core.shell:Creating prefix util module '/home/duong/kaia_ws/install/_local_setup_util_sh.py'
[4.723s] INFO:colcon.colcon_core.shell:Creating prefix chain script '/home/duong/kaia_ws/install/setup.sh'
[4.724s] INFO:colcon.colcon_core.shell:Creating prefix script '/home/duong/kaia_ws/install/local_setup.bash'
[4.725s] INFO:colcon.colcon_core.shell:Creating prefix chain script '/home/duong/kaia_ws/install/setup.bash'
[4.726s] INFO:colcon.colcon_core.shell:Creating prefix script '/home/duong/kaia_ws/install/local_setup.zsh'
[4.727s] INFO:colcon.colcon_core.shell:Creating prefix chain script '/home/duong/kaia_ws/install/setup.zsh'
